D.7 Other Current Transfers paid by Local Authority1 ,,,,,,,,,,,,,,,,,,,,,,
,,,,,,,,,,,,,,,,,,,,,,£ million
Region,LAU1 code,LA name,1997,1998,1999,2000,2001,2002,2003,2004,2005,2006,2007,2008,2009,2010,2011,2012,2013,2014,2015,2016
North East,E06000047,County Durham,243,302,292,328,310,338,336,352,339,356,430,413,408,526,528,505,549,515,533,547
North East,E06000005,Darlington,51,64,60,68,65,71,70,73,70,74,90,87,87,110,110,105,114,107,110,113
North East,E06000001,Hartlepool,44,55,53,59,56,62,61,63,61,64,78,75,74,94,95,90,98,91,94,96
North East,E06000002,Middlesbrough,67,83,78,87,82,90,88,91,88,93,111,106,106,133,134,129,140,132,136,140
North East,E06000057,Northumberland,168,213,206,232,218,241,237,246,234,246,302,291,286,370,368,345,377,350,360,368
North East,E06000003,Redcar and Cleveland,65,81,76,85,81,89,88,91,88,92,110,105,105,131,131,126,136,128,132,135
North East,E06000004,Stockton-on-Tees,87,109,106,120,115,126,126,130,125,132,161,155,154,196,198,188,205,192,198,203
North East,E08000037,Gateshead,90,113,107,119,113,125,127,132,125,133,161,155,155,196,196,187,203,191,198,204
North East,E08000021,Newcastle upon Tyne,127,160,150,165,157,175,176,183,175,185,224,214,214,273,272,263,289,274,285,295
North East,E08000022,North Tyneside,87,111,105,118,114,126,127,132,126,134,162,156,156,197,196,188,205,193,199,205
North East,E08000023,South Tyneside,71,90,85,95,90,100,100,103,97,102,122,117,116,146,145,138,150,141,146,150
North East,E08000024,Sunderland,126,156,151,168,162,179,178,184,177,185,222,212,210,265,264,254,275,260,268,277
North West,E06000008,Blackburn with Darwen,46,54,56,63,73,68,68,74,73,76,89,86,88,106,108,109,116,112,115,120
North West,E06000009,Blackpool,55,63,64,72,84,77,76,82,81,83,97,92,93,112,113,114,121,116,118,123
North West,E06000049,Cheshire East,159,190,193,222,268,236,231,245,241,246,296,279,284,355,362,363,389,368,376,394
North West,E06000050,Cheshire West and Chester,137,162,165,191,229,203,200,214,210,215,255,242,246,305,309,311,333,315,324,338
North West,E06000006,Halton,42,49,50,58,67,62,62,67,67,69,81,79,80,98,100,102,108,104,107,112
North West,E06000007,Warrington,78,93,95,110,131,117,114,122,120,123,147,140,143,178,183,185,199,189,195,205
North West,E07000026,Allerdale,36,43,44,50,58,53,53,57,56,58,69,66,68,83,85,86,92,88,90,94
North West,E07000027,Barrow-in-Furness,28,33,34,39,45,41,40,43,42,43,51,48,49,60,61,61,65,61,63,65
North West,E07000028,Carlisle,44,53,53,61,73,66,65,70,70,72,85,81,81,101,103,104,111,105,107,112
North West,E07000029,Copeland,27,32,32,37,43,39,39,42,41,43,51,49,50,61,62,63,67,63,65,67
North West,E07000030,Eden,21,26,26,30,36,32,32,35,34,35,42,39,40,50,50,51,54,51,52,54
North West,E07000031,South Lakeland,44,53,53,62,74,66,65,70,69,70,83,79,79,98,100,100,107,101,103,107
North West,E08000001,Bolton,98,115,118,135,158,145,143,154,151,157,185,177,182,222,226,230,246,235,241,252
North West,E08000002,Bury,65,76,78,89,103,95,94,101,99,103,121,115,118,143,145,147,157,151,155,162
North West,E08000003,Manchester,134,157,162,185,223,205,210,229,233,247,290,281,289,348,353,366,391,384,400,428
North West,E08000004,Oldham ,79,92,94,108,125,115,113,122,120,125,146,140,143,173,176,179,191,184,190,199
North West,E08000005,Rochdale,73,86,89,102,118,109,108,115,113,118,138,132,134,163,165,168,179,172,177,186
North West,E08000006,Salford,86,101,102,117,139,123,122,130,128,133,158,151,154,190,193,197,211,203,210,223
North West,E08000007,Stockport,109,129,132,152,178,161,158,169,165,170,200,190,194,237,241,244,261,249,256,268
North West,E08000008,Tameside,82,97,99,113,133,121,120,128,125,130,153,146,149,184,187,189,202,192,197,206
North West,E08000009,Trafford,82,97,99,113,134,120,119,127,126,130,155,147,151,184,187,190,204,195,200,210
North West,E08000010,Wigan,114,133,137,157,182,167,165,177,175,181,214,204,209,255,259,263,280,269,276,288
North West,E07000117,Burnley,33,39,40,45,53,48,47,51,50,51,60,58,58,71,72,73,77,74,76,79
North West,E07000118,Chorley,40,47,49,57,67,61,61,65,64,66,78,75,76,94,97,99,107,102,106,111
North West,E07000119,Fylde,30,35,36,41,49,44,44,47,46,47,56,53,54,66,67,68,73,69,71,75
North West,E07000120,Hyndburn,30,35,36,41,48,44,44,47,46,48,56,53,54,66,67,67,71,68,69,72
North West,E07000121,Lancaster,53,62,64,73,86,78,78,84,83,85,100,95,97,120,122,124,133,126,129,135
North West,E07000122,Pendle,32,38,39,44,52,48,47,51,50,52,61,59,60,73,74,75,80,76,78,82
North West,E07000123,Preston,54,64,65,74,87,79,78,84,84,87,103,97,99,121,124,125,133,126,130,135
North West,E07000124,Ribble Valley,21,25,26,30,36,33,33,35,35,36,42,40,41,50,51,51,55,52,54,56
North West,E07000125,Rossendale,24,28,29,33,39,35,35,38,37,39,46,44,45,55,56,57,61,58,60,63
North West,E07000126,South Ribble,42,50,51,58,69,63,62,66,65,67,79,76,78,95,97,97,103,98,101,105
North West,E07000127,West Lancashire,44,53,53,61,72,66,65,69,68,70,83,78,80,98,100,101,107,102,105,110
North West,E07000128,Wyre,41,48,49,57,68,63,62,67,66,68,80,76,77,94,95,96,102,98,101,105
North West,E08000011,Knowsley ,53,63,64,73,85,79,78,84,82,85,99,94,96,115,116,118,126,121,125,131
North West,E08000012,Liverpool,146,168,172,194,227,211,213,231,231,243,281,271,279,332,335,346,369,361,374,397
North West,E08000014,Sefton,111,131,132,149,177,159,156,166,163,167,196,186,190,230,232,235,250,239,244,255
North West,E08000013,St. Helens,62,72,75,86,99,92,92,99,97,100,117,112,114,138,140,142,152,146,150,157
North West,E08000015,Wirral,123,145,146,168,200,181,178,190,185,191,225,215,219,268,273,275,294,280,287,299
Yorkshire and The Humber,E06000011,East Riding of Yorkshire,136,166,167,193,194,204,205,226,221,231,265,258,261,323,331,331,357,330,340,351
Yorkshire and The Humber,E06000010,"Kingston upon Hull, City of",84,100,101,113,114,120,122,134,133,141,161,158,160,192,194,198,212,203,210,218
Yorkshire and The Humber,E06000012,North East Lincolnshire,62,75,75,86,87,90,90,98,96,100,115,111,113,138,141,142,152,142,147,151
Yorkshire and The Humber,E06000013,North Lincolnshire,60,72,72,83,84,88,89,98,97,102,118,115,118,145,148,149,161,151,156,161
Yorkshire and The Humber,E06000014,York,75,93,93,108,109,115,114,124,122,128,147,142,145,179,183,185,202,188,195,202
Yorkshire and The Humber,E07000163,Craven,25,31,30,35,35,36,36,39,39,40,46,45,45,56,57,57,62,57,58,61
Yorkshire and The Humber,E07000164,Hambleton,39,48,48,55,55,57,57,62,60,64,73,72,73,91,93,92,100,91,94,98
Yorkshire and The Humber,E07000165,Harrogate,68,85,85,99,98,102,101,110,108,113,130,126,129,160,164,164,178,162,167,172
Yorkshire and The Humber,E07000166,Richmondshire,21,26,26,30,31,32,32,36,35,37,43,42,43,54,55,55,60,54,55,58
Yorkshire and The Humber,E07000167,Ryedale,23,29,29,33,33,34,34,37,37,38,44,42,43,53,54,54,58,54,56,58
Yorkshire and The Humber,E07000168,Scarborough,50,62,61,70,69,72,72,78,76,80,91,88,89,111,113,112,121,110,113,116
Yorkshire and The Humber,E07000169,Selby,35,43,43,50,50,52,52,56,55,58,67,66,68,85,87,87,95,87,90,94
Yorkshire and The Humber,E08000016,Barnsley,82,100,101,115,116,121,122,134,132,139,160,157,160,195,200,203,220,208,216,225
Yorkshire and The Humber,E08000017,Doncaster,108,131,132,152,153,159,160,176,173,182,210,205,209,256,261,263,284,266,275,285
Yorkshire and The Humber,E08000018,Rotherham ,93,113,114,130,132,138,138,152,150,157,180,176,179,218,222,224,242,228,235,243
Yorkshire and The Humber,E08000019,Sheffield,193,234,234,266,269,280,281,310,306,322,365,357,368,448,455,462,499,471,489,509
Yorkshire and The Humber,E08000032,Bradford ,175,211,211,239,240,250,250,275,273,289,331,325,333,404,410,413,446,419,433,449
Yorkshire and The Humber,E08000033,Calderdale,75,91,91,104,105,108,109,119,117,124,142,139,141,173,176,178,192,180,186,192
Yorkshire and The Humber,E08000034,Kirklees ,150,184,183,209,211,220,221,243,240,253,291,284,290,357,365,369,399,374,386,400
Yorkshire and The Humber,E08000035,Leeds ,277,338,337,385,385,401,404,440,438,461,523,512,521,639,648,655,709,663,686,715
Yorkshire and The Humber,E08000036,Wakefield,119,145,146,168,170,177,179,195,192,201,230,224,229,281,285,288,311,292,303,314
East Midlands,E06000015,Derby ,91,107,108,121,125,138,134,145,140,148,172,167,172,210,214,215,227,216,228,235
East Midlands,E06000016,Leicester,102,119,119,134,138,154,152,166,163,173,202,199,204,249,256,259,273,265,282,294
East Midlands,E06000018,Nottingham,98,114,114,126,129,144,143,154,152,160,184,182,187,225,230,236,249,243,257,269
East Midlands,E06000017,Rutland ,16,19,19,22,23,25,24,26,25,26,31,30,30,38,39,38,41,38,40,42
East Midlands,E07000032,Amber Valley,52,62,63,72,73,81,78,84,81,84,99,95,97,121,126,124,131,123,130,134
East Midlands,E07000033,Bolsover,29,35,35,40,42,46,45,48,47,49,57,55,56,70,72,72,76,72,77,79
East Midlands,E07000034,Chesterfield,41,49,49,56,57,63,61,66,64,67,78,76,77,95,98,98,103,98,103,105
East Midlands,E07000035,Derbyshire Dales,32,38,38,43,43,48,46,49,47,48,57,55,56,71,73,72,76,71,75,77
East Midlands,E07000036,Erewash,49,59,59,67,69,76,73,78,74,77,90,87,89,111,115,114,120,113,120,123
East Midlands,E07000037,High Peak,40,48,48,55,56,61,59,63,61,63,74,72,73,90,94,92,97,91,96,98
East Midlands,E07000038,North East Derbyshire,40,48,48,55,56,61,59,64,62,64,75,72,74,91,94,94,98,93,98,101
East Midlands,E07000039,South Derbyshire,36,43,44,50,51,57,56,61,59,62,74,72,74,93,98,97,103,98,104,108
East Midlands,E07000129,Blaby,41,50,50,58,59,66,63,66,64,66,78,75,76,96,99,97,102,96,102,105
East Midlands,E07000130,Charnwood,73,86,87,99,100,110,105,112,108,112,133,129,131,167,174,173,182,173,185,190
East Midlands,E07000131,Harborough,35,42,42,49,50,56,54,58,56,58,69,67,68,86,90,89,94,88,94,97
East Midlands,E07000132,Hinckley and Bosworth,47,56,57,64,65,72,69,74,71,73,86,83,85,107,110,109,114,108,114,118
East Midlands,E07000133,Melton,22,26,27,31,31,35,33,35,34,35,41,39,40,51,53,52,55,51,54,55
East Midlands,E07000134,North West Leicestershire,40,48,48,55,56,62,60,64,62,64,76,74,75,95,98,97,102,96,102,106
East Midlands,E07000135,Oadby and Wigston,26,31,31,36,36,40,38,41,39,40,47,45,45,56,59,58,60,56,59,60
East Midlands,E07000136,Boston,25,29,29,34,35,39,37,41,39,41,50,49,50,63,65,65,68,65,68,71
East Midlands,E07000137,East Lindsey,56,67,68,79,82,91,88,95,91,94,111,107,109,135,138,136,142,135,141,144
East Midlands,E07000138,Lincoln,38,45,45,52,54,59,57,62,60,62,73,71,72,91,94,94,99,94,99,101
East Midlands,E07000139,North Kesteven,39,47,48,57,59,67,65,70,68,71,84,82,84,106,110,109,114,109,115,118
East Midlands,E07000140,South Holland,33,39,40,46,48,54,52,57,55,58,69,67,69,86,89,88,93,88,93,96
East Midlands,E07000141,South Kesteven,55,66,66,76,78,86,83,89,86,89,106,103,105,131,136,135,142,135,143,147
East Midlands,E07000142,West Lindsey,35,42,42,48,50,56,54,59,57,59,71,69,70,88,90,90,94,90,95,98
East Midlands,E07000150,Corby,23,28,28,32,33,36,34,37,36,37,45,44,46,58,61,61,65,62,67,70
East Midlands,E07000151,Daventry,31,38,38,45,47,53,50,53,51,54,64,61,62,78,81,80,83,78,83,87
East Midlands,E07000152,East Northamptonshire,31,38,39,46,47,52,51,55,54,56,67,65,66,83,86,85,90,85,90,94
East Midlands,E07000153,Kettering,35,42,43,49,50,56,54,58,57,59,71,70,71,89,93,92,97,92,98,101
East Midlands,E07000154,Northampton,90,109,109,125,127,139,131,139,134,140,168,163,166,210,221,218,229,217,231,240
East Midlands,E07000155,South Northamptonshire,35,43,43,50,52,58,55,59,58,60,71,68,69,86,89,88,93,87,93,96
East Midlands,E07000156,Wellingborough,31,36,37,43,44,49,47,50,49,50,59,57,58,72,75,74,77,73,77,80
East Midlands,E07000170,Ashfield,46,54,55,63,65,72,70,75,73,76,89,87,89,110,114,113,120,114,121,124
East Midlands,E07000171,Bassetlaw,44,52,53,61,63,69,67,73,70,73,85,83,85,105,107,107,112,106,112,115
East Midlands,E07000172,Broxtowe,51,60,60,68,68,76,73,77,74,76,89,86,87,109,112,111,116,109,115,118
East Midlands,E07000173,Gedling,52,62,62,70,71,79,75,80,76,78,92,88,90,112,116,115,120,114,120,123
East Midlands,E07000174,Mansfield,42,49,50,56,57,63,61,66,64,66,78,76,78,96,99,99,104,99,104,108
East Midlands,E07000175,Newark and Sherwood,44,52,53,60,62,68,67,72,70,73,86,84,86,106,109,109,115,110,116,120
East Midlands,E07000176,Rushcliffe,48,58,58,66,67,75,72,76,73,76,89,86,88,110,113,112,118,112,118,121
West Midlands,E06000019,"Herefordshire, County of",76,92,94,110,111,118,113,126,120,124,151,147,149,181,186,193,203,191,195,200
West Midlands,E06000051,Shropshire,124,148,151,175,179,190,183,204,195,202,246,239,243,294,303,313,328,310,317,325
West Midlands,E06000021,Stoke-on-Trent,86,99,102,116,118,125,123,136,132,139,164,160,162,193,197,205,215,206,212,218
West Midlands,E06000020,Telford and Wrekin,59,70,72,83,86,92,90,99,95,99,118,115,117,141,144,150,157,150,155,160
West Midlands,E07000192,Cannock Chase,38,46,47,54,55,59,57,63,60,62,75,73,74,89,91,95,99,94,96,98
West Midlands,E07000193,East Staffordshire,43,51,52,60,62,66,65,72,69,71,86,84,86,104,106,111,116,110,113,116
West Midlands,E07000194,Lichfield,40,47,48,55,56,59,58,64,61,64,77,75,77,92,94,98,103,97,100,102
West Midlands,E07000195,Newcastle-under-Lyme,52,61,62,72,73,78,75,82,78,81,97,93,94,113,116,120,127,120,123,127
West Midlands,E07000196,South Staffordshire,44,52,54,62,63,67,65,71,68,70,84,81,82,99,101,105,111,106,108,110
West Midlands,E07000197,Stafford,52,61,62,71,72,77,75,83,79,83,100,97,99,119,122,127,133,126,129,132
West Midlands,E07000198,Staffordshire Moorlands,40,47,48,55,56,60,58,64,61,63,76,73,74,89,91,94,99,93,95,97
West Midlands,E07000199,Tamworth,31,37,38,43,45,47,45,50,48,49,59,57,58,70,72,74,78,73,75,76
West Midlands,E07000218,North Warwickshire,28,33,34,39,40,42,40,44,41,42,51,49,50,60,61,63,66,62,64,65
West Midlands,E07000219,Nuneaton and Bedworth,53,64,65,75,76,82,78,85,81,83,101,98,99,120,123,128,134,126,128,132
West Midlands,E07000220,Rugby,39,46,47,55,56,61,57,64,61,63,78,76,78,95,98,103,108,103,106,108
West Midlands,E07000221,Stratford-on-Avon,50,60,60,70,72,77,73,80,76,80,97,95,96,116,118,123,129,121,124,127
West Midlands,E07000222,Warwick,55,66,67,78,81,88,84,94,90,92,112,109,110,133,135,141,147,138,141,144
West Midlands,E08000025,Birmingham,347,403,409,463,476,510,502,554,536,560,662,649,661,786,799,840,882,854,880,912
West Midlands,E08000026,Coventry,112,131,134,153,157,167,160,175,168,176,208,204,208,248,255,268,285,277,289,302
West Midlands,E08000027,Dudley ,122,143,145,166,170,179,173,191,182,189,224,218,222,266,272,282,296,281,288,295
West Midlands,E08000028,Sandwell ,98,113,116,132,135,145,143,159,154,162,190,187,192,228,232,243,256,248,256,264
West Midlands,E08000029,Solihull,92,109,109,125,127,135,128,141,133,137,166,160,163,197,201,209,220,207,210,215
West Midlands,E08000030,Walsall,95,110,113,128,130,139,135,149,144,150,177,173,176,210,215,224,236,227,234,240
West Midlands,E08000031,Wolverhampton,87,101,103,116,119,127,124,137,133,139,163,160,162,192,196,204,214,206,213,219
West Midlands,E07000234,Bromsgrove,39,46,47,55,56,60,58,64,61,63,77,74,75,90,93,96,101,96,98,101
West Midlands,E07000235,Malvern Hills,32,39,39,45,46,49,47,52,49,51,61,59,59,72,74,77,81,76,78,80
West Midlands,E07000236,Redditch,35,41,43,50,50,53,51,56,54,56,68,66,67,81,83,86,90,85,87,88
West Midlands,E07000237,Worcester,41,49,50,59,60,63,60,67,63,66,79,77,78,94,98,102,107,101,103,106
West Midlands,E07000238,Wychavon,49,58,60,71,72,77,73,81,77,80,96,92,93,113,116,120,127,120,124,128
West Midlands,E07000239,Wyre Forest,43,52,53,61,62,65,62,69,66,67,81,78,79,95,97,100,105,99,102,104
East of England,E06000055,Bedford,56,68,70,81,85,90,88,98,93,96,115,110,111,139,143,147,156,150,161,161
East of England,E06000056,Central Bedfordshire,96,117,120,140,146,155,150,167,159,164,197,188,191,240,249,255,272,259,277,275
East of England,E06000032,Luton,63,75,77,88,93,98,97,107,102,106,126,121,123,152,156,161,170,165,176,177
East of England,E06000031,Peterborough,57,69,71,81,85,91,89,101,97,102,121,117,119,148,152,156,166,159,171,173
East of England,E06000033,Southend-on-Sea,64,77,78,88,92,97,95,105,100,103,123,118,120,149,152,157,165,159,168,167
East of England,E06000034,Thurrock,52,65,66,75,80,86,84,93,89,93,110,106,108,133,137,141,149,143,153,153
East of England,E07000008,Cambridge,45,56,57,65,68,71,69,77,76,78,91,87,88,112,116,118,124,118,126,123
East of England,E07000009,East Cambridgeshire,29,36,37,43,45,48,48,52,50,52,63,60,62,77,80,82,87,83,88,87
East of England,E07000010,Fenland,34,41,43,49,52,55,53,60,58,60,73,70,71,88,90,92,98,93,99,98
East of England,E07000011,Huntingdonshire,65,79,80,93,97,103,99,112,106,109,130,124,125,156,161,165,174,166,176,174
East of England,E07000012,South Cambridgeshire,53,66,67,77,80,85,83,93,89,93,112,107,109,137,142,145,153,146,155,154
East of England,E07000066,Basildon,68,83,85,97,102,107,103,114,108,111,133,127,129,160,165,170,180,171,182,181
East of England,E07000067,Braintree,52,64,66,77,80,86,83,93,89,92,111,106,108,134,139,142,150,142,150,148
East of England,E07000068,Brentwood,31,38,38,44,46,48,45,50,47,49,58,56,57,71,73,75,79,75,80,78
East of England,E07000069,Castle Point,36,44,44,51,53,56,54,59,56,57,68,65,66,81,83,85,89,84,89,88
East of England,E07000070,Chelmsford,70,85,86,101,105,111,105,117,110,112,134,127,129,163,167,171,180,170,180,178
East of England,E07000071,Colchester,63,77,79,91,95,100,96,108,104,107,129,124,126,158,163,169,179,171,184,184
East of England,E07000072,Epping Forest,52,64,64,74,77,81,77,86,81,83,99,94,95,118,122,125,132,124,133,130
East of England,E07000073,Harlow,33,41,42,48,50,52,50,55,52,53,64,61,62,78,80,82,86,82,88,86
East of England,E07000074,Maldon,25,31,32,38,40,42,39,43,41,42,50,48,48,60,61,62,66,62,66,65
East of England,E07000075,Rochford,32,39,40,46,48,51,49,55,52,53,64,61,62,77,79,81,85,80,85,84
East of England,E07000076,Tendring,55,68,69,80,84,89,86,95,90,92,109,103,104,128,130,132,139,133,141,141
East of England,E07000077,Uttlesford,29,36,37,42,44,46,45,50,48,49,60,58,59,75,78,80,86,81,88,87
East of England,E07000095,Broxbourne,36,45,46,54,56,59,56,62,59,61,74,70,71,90,92,94,99,93,99,97
East of England,E07000096,Dacorum,60,75,75,86,89,93,89,98,92,94,114,108,110,138,142,146,155,146,156,152
East of England,E07000242,East Hertfordshire,56,69,69,80,83,87,83,93,87,90,109,103,105,132,135,139,147,139,149,146
East of England,E07000098,Hertsmere,41,51,51,59,61,63,60,67,63,65,79,75,76,96,98,100,106,100,106,104
East of England,E07000099,North Hertfordshire,51,63,63,72,75,79,76,85,80,83,100,95,97,122,125,128,135,127,136,133
East of England,E07000240,St Albans,56,69,70,80,83,88,84,93,88,91,110,104,107,134,138,141,150,141,151,147
East of England,E07000243,Stevenage,34,43,43,49,51,54,51,57,53,55,66,63,64,80,82,84,89,84,89,87
East of England,E07000102,Three Rivers,36,44,45,52,53,56,54,60,56,57,70,66,67,84,86,88,93,88,95,93
East of England,E07000103,Watford,35,44,43,50,52,54,52,58,55,56,68,65,67,85,89,91,98,93,99,97
East of England,E07000241,Welwyn Hatfield,42,52,53,61,63,66,63,71,69,71,87,82,84,106,108,111,118,112,121,121
East of England,E07000143,Breckland,48,59,61,72,75,79,77,86,82,84,101,97,98,122,126,129,136,129,138,138
East of England,E07000144,Broadland,44,54,56,64,68,72,71,79,75,77,92,87,89,109,111,114,120,114,121,120
East of England,E07000145,Great Yarmouth,35,42,43,49,52,55,54,61,58,60,71,68,69,85,87,89,93,89,94,94
East of England,E07000146,King’s Lynn and West Norfolk,55,66,68,79,83,88,86,96,92,95,114,109,111,138,141,145,153,145,154,153
East of England,E07000147,North Norfolk,40,48,50,58,60,64,61,68,65,66,79,75,76,94,97,99,104,99,105,104
East of England,E07000148,Norwich,48,57,58,67,70,74,72,80,77,80,95,91,93,115,118,122,129,124,132,132
East of England,E07000149,South Norfolk,45,55,56,65,69,73,71,79,75,77,93,89,91,115,120,123,131,125,133,133
East of England,E07000200,Babergh,33,40,41,48,51,54,52,58,55,57,68,65,65,81,83,85,90,85,90,89
East of England,E07000201,Forest Heath,26,31,31,36,34,36,35,39,37,38,45,43,43,54,57,57,60,59,64,63
East of England,E07000202,Ipswich,47,57,58,68,71,75,73,82,79,82,98,94,96,122,126,130,137,130,138,137
East of England,E07000203,Mid Suffolk,34,41,43,50,53,56,54,61,58,60,73,70,71,89,92,94,99,95,101,100
East of England,E07000204,St Edmundsbury,38,48,48,57,60,63,62,69,66,69,83,79,81,102,105,107,113,107,113,112
East of England,E07000205,Suffolk Coastal,47,57,58,67,70,74,72,80,77,79,96,92,92,115,118,120,126,120,127,127
East of England,E07000206,Waveney,44,54,55,65,68,72,70,78,74,76,91,86,86,107,109,111,117,111,117,116
London,E09000007,Camden,86,107,105,124,114,120,113,127,133,128,150,143,151,188,181,180,201,211,203,216
London,E09000001,City of London,3,3,4,4,4,4,4,4,4,4,5,5,5,6,6,5,5,5,6,6
London,E09000012,Hackney ,56,68,72,84,85,91,91,101,103,106,123,122,129,156,155,160,173,180,184,194
London,E09000013,Hammersmith and Fulham ,83,103,100,115,107,112,104,115,119,113,134,128,137,172,163,158,175,182,167,175
London,E09000014,Haringey,76,91,93,107,105,113,109,121,124,123,143,141,149,181,177,179,194,200,198,208
London,E09000019,Islington,62,75,75,86,86,90,88,96,99,98,114,111,118,143,143,147,160,167,168,178
London,E09000020,Kensington and Chelsea,76,95,92,109,102,106,100,110,116,107,124,118,123,152,142,137,151,158,146,151
London,E09000022,Lambeth ,86,103,107,123,123,130,127,140,143,145,167,164,172,207,206,211,228,235,237,248
London,E09000023,Lewisham ,80,97,100,115,115,121,118,130,131,133,154,150,158,190,188,192,208,214,216,226
London,E09000025,Newham ,68,83,87,102,102,110,110,120,121,125,146,146,156,193,194,200,217,225,230,245
London,E09000028,Southwark,79,95,99,116,116,122,120,132,135,138,160,156,164,198,196,200,218,224,226,236
London,E09000030,Tower Hamlets,60,72,74,86,86,93,92,103,106,108,127,126,135,165,163,169,187,199,202,214
London,E09000032,Wandsworth,120,150,149,175,162,169,161,178,183,181,214,204,215,270,261,255,280,291,277,291
London,E09000033,Westminster,91,113,112,131,123,130,123,138,146,140,162,153,159,197,187,185,204,215,206,218
London,E09000002,Barking and Dagenham,60,73,74,85,85,90,87,94,93,93,109,106,112,140,142,144,156,158,162,169
London,E09000003,Barnet,126,154,156,179,175,183,176,193,193,192,224,215,226,281,281,283,306,310,310,324
London,E09000004,Bexley,83,100,101,116,114,120,116,126,126,124,144,138,143,175,174,175,189,190,191,199
London,E09000005,Brent ,98,119,120,138,135,143,137,150,150,152,178,173,183,225,225,226,244,248,248,259
London,E09000006,Bromley,126,152,153,177,173,180,172,188,186,183,214,204,212,265,265,265,286,286,286,295
London,E09000008,Croydon,129,155,157,181,176,184,177,194,193,192,224,215,223,277,278,280,302,304,305,317
London,E09000009,Ealing,118,143,145,165,162,170,163,179,180,178,207,200,209,258,256,256,276,278,276,285
London,E09000010,Enfield,103,124,126,145,144,152,147,161,160,160,186,180,188,231,233,235,252,253,257,266
London,E09000011,Greenwich,82,98,98,113,113,121,118,130,130,130,151,146,153,189,191,195,211,213,217,226
London,E09000015,Harrow,86,104,105,121,118,124,119,131,132,131,154,148,155,193,194,193,207,207,207,214
London,E09000016,Havering,85,101,102,117,116,122,118,129,127,128,148,142,147,180,181,181,195,195,198,206
London,E09000017,Hillingdon,101,122,124,142,138,144,138,151,150,149,175,168,176,219,222,224,244,246,248,258
London,E09000018,Hounslow,94,114,114,130,126,131,124,137,139,137,161,155,165,207,207,207,224,226,224,233
London,E09000021,Kingston upon Thames,60,73,74,85,83,87,84,93,93,91,106,101,105,131,130,131,142,144,144,150
London,E09000024,Merton,77,93,94,109,107,111,106,116,116,114,133,127,132,164,163,162,175,174,173,179
London,E09000026,Redbridge,87,104,106,122,121,128,126,138,138,138,161,157,164,201,202,204,220,224,227,236
London,E09000027,Richmond upon Thames,76,91,92,105,101,106,102,112,113,109,126,120,125,154,152,151,164,166,163,169
London,E09000029,Sutton,75,90,91,104,101,106,101,111,110,108,126,120,126,156,155,155,168,169,168,175
London,E09000031,Waltham Forest,82,98,98,112,111,118,114,125,124,125,146,143,150,185,186,188,203,204,206,215
South East,E06000036,Bracknell Forest,44,52,54,63,65,67,64,69,66,70,81,78,79,98,102,105,110,107,111,112
South East,E06000043,Brighton and Hove,89,105,108,124,132,138,134,145,141,151,173,170,174,212,218,226,236,233,241,249
South East,E06000046,Isle of Wight,49,58,61,72,76,79,77,85,82,86,100,96,98,120,124,126,132,128,132,135
South East,E06000035,Medway,88,104,108,126,132,138,135,146,141,148,172,167,172,211,218,225,236,231,239,245
South East,E06000042,Milton Keynes,72,87,91,107,114,121,118,130,127,135,157,153,158,197,205,211,222,218,227,233
South East,E06000044,Portsmouth,63,73,76,87,91,96,95,104,102,108,122,119,123,149,153,159,166,164,170,176
South East,E06000038,Reading,57,69,71,83,86,89,85,91,89,94,109,106,108,134,139,142,150,145,150,153
South East,E06000039,Slough,47,57,59,69,72,74,71,76,74,79,94,92,96,119,126,129,134,131,135,139
South East,E06000045,Southampton,73,86,89,104,109,116,115,125,122,129,147,143,146,177,182,188,197,195,203,210
South East,E06000037,West Berkshire,58,69,71,83,86,89,85,92,88,94,110,106,109,133,138,141,147,142,146,149
South East,E06000040,Windsor and Maidenhead,54,64,66,77,80,82,79,85,82,88,102,99,101,125,130,132,138,134,137,141
South East,E06000041,Wokingham,59,71,73,86,90,92,87,94,90,96,111,107,109,134,139,142,149,145,149,153
South East,E07000004,Aylesbury Vale,69,83,86,101,106,109,103,111,106,112,131,126,129,161,168,173,182,178,186,192
South East,E07000005,Chiltern,40,47,48,55,57,58,56,60,58,61,71,68,69,86,89,90,94,91,93,95
South East,E07000006,South Bucks,27,32,33,38,39,41,39,42,40,43,50,48,50,62,65,66,69,66,68,70
South East,E07000007,Wycombe,70,83,85,99,103,107,101,109,105,111,129,124,127,158,165,168,174,168,173,175
South East,E07000061,Eastbourne,35,41,43,50,52,55,54,59,58,61,71,69,70,86,89,91,96,93,96,99
South East,E07000062,Hastings,33,39,41,47,50,52,51,55,53,55,64,62,64,78,81,83,87,84,87,89
South East,E07000063,Lewes,35,42,44,51,54,56,54,59,57,60,69,67,69,85,88,90,95,92,95,97
South East,E07000064,Rother,34,41,42,48,50,52,51,55,53,56,65,63,64,79,82,83,87,85,88,90
South East,E07000065,Wealden,55,65,67,78,82,86,83,90,87,92,107,103,105,129,134,138,146,142,148,151
South East,E07000084,Basingstoke and Deane,62,74,78,90,93,96,92,100,96,102,118,115,118,147,155,159,167,162,167,170
South East,E07000085,East Hampshire,46,54,56,66,69,71,68,73,70,74,86,83,85,107,111,113,119,115,118,120
South East,E07000086,Eastleigh,44,52,55,65,68,71,68,74,71,76,88,85,87,108,113,116,122,118,122,124
South East,E07000087,Fareham,42,50,51,60,63,66,63,68,65,69,80,77,79,97,101,103,108,105,109,111
South East,E07000088,Gosport,30,36,37,43,45,47,45,49,47,50,59,57,58,72,74,76,80,77,80,82
South East,E07000089,Hart,34,41,43,49,51,53,51,55,54,57,66,64,66,81,84,86,90,87,90,92
South East,E07000090,Havant,46,55,57,66,68,71,69,74,71,74,86,83,85,105,109,111,116,112,116,119
South East,E07000091,New Forest,71,84,87,103,107,111,106,115,110,115,134,128,131,163,170,172,180,174,179,182
South East,E07000092,Rushmoor,36,44,46,53,55,56,53,57,55,58,68,66,67,83,87,88,92,89,91,93
South East,E07000093,Test Valley,45,54,56,66,69,72,69,75,72,75,88,85,86,107,112,114,120,116,121,124
South East,E07000094,Winchester,44,53,55,65,68,70,67,73,70,74,86,83,86,107,112,115,120,117,121,125
South East,E07000105,Ashford,39,46,49,57,61,64,62,68,66,71,82,80,82,102,106,109,115,112,115,118
South East,E07000106,Canterbury,49,57,60,70,73,77,76,84,81,86,100,97,99,121,126,131,138,136,143,147
South East,E07000107,Dartford,32,38,39,45,48,50,49,53,52,55,64,63,65,80,83,86,90,89,93,95
South East,E07000108,Dover,38,45,46,54,57,59,58,64,61,65,75,73,74,91,94,96,100,98,101,104
South East,E07000109,Gravesham,35,42,43,50,53,55,53,58,56,59,68,66,68,84,87,89,93,91,95,96
South East,E07000110,Maidstone,55,65,67,78,82,86,83,90,87,92,107,104,107,134,139,143,150,147,153,156
South East,E07000111,Sevenoaks,46,54,55,64,67,69,66,72,69,73,84,80,82,102,106,108,113,110,113,114
South East,E07000112,Shepway,35,41,43,50,52,55,54,59,58,61,71,69,71,87,91,93,97,95,98,101
South East,E07000113,Swale,45,53,55,64,68,72,70,76,73,77,90,88,90,112,116,119,125,123,128,131
South East,E07000114,Thanet,46,54,56,65,69,72,70,77,74,78,90,87,89,109,113,116,122,120,125,128
South East,E07000115,Tonbridge and Malling,44,52,54,63,66,69,66,72,69,73,86,83,85,107,111,113,119,116,120,122
South East,E07000116,Tunbridge Wells,43,51,52,61,64,66,63,68,66,69,81,79,81,101,106,108,112,109,111,113
South East,E07000177,Cherwell,51,61,63,75,78,82,79,85,82,88,101,98,100,124,128,131,137,133,138,141
South East,E07000178,Oxford,53,64,66,77,80,84,82,89,88,92,106,102,104,129,135,139,145,142,146,149
South East,E07000179,South Oxfordshire,50,60,62,72,76,79,76,82,79,83,96,93,95,117,122,124,130,127,131,133
South East,E07000180,Vale of White Horse,45,53,55,65,68,71,68,74,71,76,87,84,86,106,110,113,118,115,120,123
South East,E07000181,West Oxfordshire,38,45,46,54,57,59,57,62,60,64,75,72,74,92,95,98,103,100,103,104
South East,E07000207,Elmbridge,54,65,67,78,80,83,79,86,83,88,102,98,99,123,128,131,136,132,135,137
South East,E07000208,Epsom and Ewell,30,36,37,42,44,45,43,46,45,48,56,54,55,70,73,75,78,76,78,80
South East,E07000209,Guildford,57,68,70,82,85,87,82,88,84,89,104,99,102,128,134,138,144,140,145,148
South East,E07000210,Mole Valley,36,42,44,51,52,54,52,55,53,56,65,63,64,80,83,85,88,85,87,88
South East,E07000211,Reigate and Banstead,55,66,68,79,83,85,80,86,83,88,103,99,102,128,135,138,144,140,143,146
South East,E07000212,Runnymede,34,41,42,49,51,52,49,52,50,53,62,59,60,76,79,81,85,82,85,87
South East,E07000213,Spelthorne,40,48,50,57,59,61,57,61,59,63,73,70,72,89,93,96,100,96,98,100
South East,E07000214,Surrey Heath,36,43,44,51,53,54,51,56,53,57,66,63,65,81,84,86,89,86,88,89
South East,E07000215,Tandridge,35,42,43,50,52,53,50,54,51,55,64,61,62,78,81,82,86,83,86,87
South East,E07000216,Waverley,52,62,63,73,76,78,74,79,76,80,93,89,92,114,119,121,126,121,124,126
South East,E07000217,Woking,40,48,49,57,59,60,57,61,59,63,74,72,74,93,97,99,103,99,101,102
South East,E07000223,Adur,24,28,29,34,36,37,36,38,37,39,45,43,44,54,56,57,60,59,61,62
South East,E07000224,Arun,55,66,69,80,84,88,85,93,89,94,109,106,108,132,137,141,148,144,149,153
South East,E07000225,Chichester,42,50,52,61,63,66,64,69,67,71,82,79,81,100,104,107,112,108,113,116
South East,E07000226,Crawley,41,49,51,59,62,63,60,64,62,65,76,73,75,94,98,101,105,102,106,108
South East,E07000227,Horsham,50,59,61,72,75,78,75,81,78,82,96,92,94,116,121,123,129,125,130,134
South East,E07000228,Mid Sussex,53,63,65,75,78,81,78,84,81,86,100,97,99,123,129,131,138,135,139,142
South East,E07000229,Worthing,39,46,48,56,58,61,59,64,61,65,75,73,74,92,96,98,103,100,104,106
South West,E06000022,Bath and North East Somerset,72,87,89,104,107,112,108,116,113,116,138,131,133,169,174,176,190,179,186,191
South West,E06000028,Bournemouth,71,85,87,102,105,110,106,114,111,115,138,131,134,172,178,182,195,184,190,194
South West,E06000023,"Bristol, City of",150,177,182,208,217,228,222,241,239,250,295,283,289,362,370,379,408,389,405,415
South West,E06000052,Cornwall,208,249,257,302,311,332,326,354,345,357,425,400,408,517,531,538,575,541,560,571
South West,E06000053,Isles of Scilly,1,1,1,1,1,1,1,2,1,2,2,2,2,2,2,2,2,2,2,2
South West,E06000024,North Somerset,80,97,100,116,120,126,122,132,128,133,159,152,154,197,201,204,219,205,212,216
South West,E06000026,Plymouth,90,105,107,123,128,136,133,146,144,150,177,170,173,214,219,222,237,226,233,238
South West,E06000029,Poole,61,73,75,86,89,93,90,97,94,97,116,110,112,141,144,145,155,145,149,151
South West,E06000025,South Gloucestershire,103,125,129,151,156,164,158,171,167,172,205,195,199,254,261,265,285,267,277,282
South West,E06000030,Swindon,72,87,91,105,110,115,111,120,118,123,147,143,147,186,190,194,208,197,202,206
South West,E06000027,Torbay,51,60,62,73,76,80,78,85,83,85,100,95,97,120,122,124,132,125,129,132
South West,E06000054,Wiltshire,188,225,232,273,283,297,285,308,299,308,369,352,360,459,474,479,515,483,500,507
South West,E07000040,East Devon,54,64,66,77,80,84,82,89,87,90,108,102,104,131,135,137,146,137,143,146
South West,E07000041,Exeter,48,57,59,68,71,74,71,77,76,78,93,88,90,115,118,121,131,124,130,133
South West,E07000042,Mid Devon,29,35,36,43,45,47,46,51,49,51,62,59,61,77,79,80,85,80,82,83
South West,E07000043,North Devon,38,45,46,54,56,59,58,63,61,63,75,72,73,92,95,95,101,95,97,99
South West,E07000044,South Hams,35,42,43,51,52,55,53,57,55,57,68,64,66,83,84,85,91,85,88,88
South West,E07000045,Teignbridge,51,62,64,74,77,81,79,86,83,85,101,96,98,123,126,127,136,128,133,135
South West,E07000046,Torridge,24,29,30,36,38,40,39,43,42,43,51,49,50,63,65,66,70,66,68,70
South West,E07000047,West Devon,21,25,25,30,31,33,32,35,34,35,42,41,42,53,54,55,58,55,56,57
South West,E07000048,Christchurch,20,24,25,30,30,32,30,33,32,33,39,37,38,49,50,51,54,51,52,53
South West,E07000049,East Dorset,38,46,47,55,57,60,57,62,60,61,73,69,70,89,91,92,99,92,95,96
South West,E07000050,North Dorset,28,33,34,41,42,44,43,47,46,48,57,54,55,69,72,73,78,73,75,76
South West,E07000051,Purbeck,21,25,25,29,30,31,30,32,31,32,38,36,36,46,47,48,51,48,49,50
South West,E07000052,West Dorset,42,50,52,60,63,66,64,69,67,69,82,78,79,101,104,105,112,105,108,109
South West,E07000053,Weymouth and Portland,30,35,36,42,43,45,43,47,45,46,55,52,52,67,68,68,73,68,70,70
South West,E07000078,Cheltenham,48,57,58,68,71,73,70,76,74,76,91,86,88,113,116,117,125,117,120,121
South West,E07000079,Cotswold,35,42,43,50,52,54,52,56,55,56,67,63,64,81,83,84,91,85,88,89
South West,E07000080,Forest of Dean,34,41,43,49,51,54,52,56,54,56,66,63,64,81,82,83,89,84,87,88
South West,E07000081,Gloucester,47,56,59,68,70,74,71,77,76,79,95,90,92,119,122,125,134,126,131,133
South West,E07000082,Stroud,47,56,58,67,69,72,69,75,73,75,90,85,87,111,113,114,123,116,120,122
South West,E07000083,Tewkesbury,34,39,40,47,49,52,50,54,52,54,64,61,62,80,82,84,91,86,89,92
South West,E07000187,Mendip,44,52,54,64,66,69,67,73,70,72,86,82,84,106,109,111,118,111,115,117
South West,E07000188,Sedgemoor,45,54,55,65,67,71,68,75,72,75,90,86,87,111,115,117,125,119,123,126
South West,E07000189,South Somerset,64,77,80,93,96,101,97,106,103,107,128,122,124,157,162,164,175,164,170,172
South West,E07000190,Taunton Deane,43,51,53,62,65,69,67,73,71,73,87,83,84,107,111,112,120,113,117,120
South West,E07000191,West Somerset,15,18,18,21,22,23,22,24,23,24,28,27,27,34,35,35,37,34,35,36
Wales,W06000001,Isle of Anglesey,35,41,41,47,47,50,48,55,52,54,63,63,63,77,80,78,85,78,82,80
Wales,W06000002,Gwynedd,58,68,68,77,77,83,81,91,87,92,105,103,105,127,133,130,141,129,138,135
Wales,W06000003,Conwy,55,66,65,74,75,80,78,87,83,87,99,99,100,122,128,125,136,125,132,130
Wales,W06000004,Denbighshire,46,55,55,63,64,68,66,73,69,72,83,82,82,100,104,102,111,102,108,105
Wales,W06000005,Flintshire,71,86,86,99,100,106,101,113,107,113,129,127,129,157,165,162,176,161,172,169
Wales,W06000006,Wrexham,62,74,74,85,86,91,88,97,92,98,112,111,113,138,146,143,156,143,151,148
Wales,W06000023,Powys,65,79,79,92,91,97,94,106,100,106,123,121,123,152,158,154,167,151,161,157
Wales,W06000008,Ceredigion,35,43,43,50,50,53,52,58,55,58,67,66,66,81,85,84,90,82,86,83
Wales,W06000009,Pembrokeshire,55,66,65,75,75,81,79,89,86,91,106,106,108,132,138,136,147,135,143,140
Wales,W06000010,Carmarthenshire,84,101,101,115,116,123,121,136,131,139,161,160,162,198,207,203,220,201,214,210
Wales,W06000011,Swansea,105,124,123,140,142,151,147,167,159,168,193,194,197,239,250,247,266,245,260,257
Wales,W06000012,Neath Port Talbot,64,76,75,85,85,89,86,97,93,97,112,110,112,135,140,139,150,139,148,146
Wales,W06000013,Bridgend,60,71,71,81,81,86,83,93,90,94,109,108,111,134,140,138,151,140,149,148
Wales,W06000014,Vale of Glamorgan,57,69,68,78,79,86,82,91,86,91,104,104,107,129,134,131,142,130,138,135
Wales,W06000015,Cardiff,149,180,180,204,204,222,213,237,226,240,275,276,285,348,365,359,392,360,384,378
Wales,W06000016,Rhondda Cynon Taf,98,116,116,131,133,142,137,154,148,156,179,176,179,216,223,222,241,225,238,235
Wales,W06000024,Merthyr Tydfil,24,28,28,32,32,34,33,37,36,38,44,43,44,54,56,55,60,56,59,59
Wales,W06000018,Caerphilly,72,86,87,99,100,107,104,116,111,118,136,135,137,166,173,172,186,173,184,181
Wales,W06000019,Blaenau Gwent,31,37,36,41,41,43,42,47,45,47,54,53,54,65,68,67,72,67,71,70
Wales,W06000020,Torfaen,39,47,47,53,54,57,55,61,58,61,71,70,70,85,88,88,95,88,94,92
Wales,W06000021,Monmouthshire,42,50,50,58,58,62,60,67,64,68,78,77,78,96,100,98,107,98,105,103
Wales,W06000022,Newport,67,82,81,93,94,101,96,107,101,107,124,122,124,152,159,156,170,156,167,164
Scotland,S12000033,Aberdeen City,94,108,110,124,124,130,127,136,133,144,171,164,170,211,215,225,240,230,237,238
Scotland,S12000034,Aberdeenshire,98,113,116,132,133,141,140,153,152,165,197,189,195,241,245,256,272,262,269,271
Scotland,S12000041,Angus,42,48,49,56,57,60,60,65,64,69,81,78,80,96,97,101,107,103,107,109
Scotland,S12000035,Argyll and Bute,37,43,44,50,50,53,53,57,56,59,69,65,66,80,81,82,87,83,85,87
Scotland,S12000036,City of Edinburgh,192,222,229,259,258,277,274,291,285,309,354,337,345,421,424,450,474,461,478,494
Scotland,S12000005,Clackmannanshire,19,22,22,26,26,28,27,30,29,31,37,36,37,44,45,46,48,47,48,49
Scotland,S12000006,Dumfries and Galloway,61,70,72,83,83,88,88,96,94,99,115,110,112,137,139,143,150,143,148,151
Scotland,S12000042,Dundee City,57,65,67,75,76,80,79,85,83,88,102,99,101,122,123,129,136,131,136,139
Scotland,S12000008,East Ayrshire,44,50,52,59,61,64,64,70,68,73,85,82,83,101,102,106,111,108,112,114
Scotland,S12000045,East Dunbartonshire,43,49,51,58,58,62,61,66,64,67,77,74,75,91,92,96,101,98,102,104
Scotland,S12000010,East Lothian,36,42,43,50,51,54,55,59,58,62,73,70,73,90,91,95,100,97,101,103
Scotland,S12000011,East Renfrewshire,34,40,41,47,48,51,51,55,53,57,65,62,64,77,78,81,86,83,87,89
Scotland,S12000014,Falkirk,54,63,66,75,77,82,82,90,88,95,110,106,108,131,134,139,147,141,147,151
Scotland,S12000015,Fife,136,156,162,186,190,201,200,218,213,226,263,253,258,313,318,329,347,334,347,355
Scotland,S12000046,Glasgow City,196,222,229,255,261,281,285,305,299,323,370,360,370,440,442,467,492,485,506,526
Scotland,S12000017,Highland,84,98,101,115,116,123,124,135,134,145,170,165,169,207,211,223,234,224,232,235
Scotland,S12000018,Inverclyde,34,39,39,45,45,48,47,50,49,52,59,57,58,70,70,72,75,72,74,75
Scotland,S12000019,Midlothian,32,38,39,45,45,48,48,51,50,53,61,59,60,74,76,79,84,82,85,88
Scotland,S12000020,Moray,35,40,41,46,47,50,50,55,54,58,68,66,68,82,82,87,93,89,92,94
Scotland,S12000013,Na h-Eileanan Siar,11,12,13,14,15,15,15,17,16,17,20,20,20,25,25,26,27,26,27,27
Scotland,S12000021,North Ayrshire,50,57,60,68,69,73,73,79,78,84,97,93,94,114,116,119,125,121,125,128
Scotland,S12000044,North Lanarkshire,113,130,134,153,157,168,168,182,179,192,223,215,220,265,268,278,293,285,296,304
Scotland,S12000023,Orkney Islands,8,10,10,11,11,12,12,13,13,14,16,16,16,20,21,21,22,21,22,23
Scotland,S12000024,Perth and Kinross,59,68,70,80,80,85,84,91,89,96,111,107,110,135,137,142,150,144,150,152
Scotland,S12000038,Renfrewshire,69,79,81,92,93,98,97,104,101,108,124,120,123,148,150,155,163,157,163,167
Scotland,S12000026,Scottish Borders ,46,53,54,63,63,67,67,73,71,76,89,85,87,107,108,111,117,112,116,118
Scotland,S12000027,Shetland Islands,9,11,11,12,12,13,13,14,13,14,17,16,17,21,21,22,23,22,23,23
Scotland,S12000028,South Ayrshire,47,53,55,62,63,66,66,71,70,75,86,81,83,101,102,105,111,106,109,112
Scotland,S12000029,South Lanarkshire,115,133,137,156,160,170,169,184,180,193,223,215,220,266,269,279,294,283,294,300
Scotland,S12000030,Stirling,37,43,44,51,51,54,54,58,56,60,70,66,68,83,84,88,92,89,93,95
Scotland,S12000039,West Dunbartonshire,38,43,44,50,50,53,53,57,55,58,67,64,65,79,79,82,86,82,85,87
Scotland,S12000040,West Lothian,58,67,71,83,85,91,92,100,97,105,123,118,120,148,150,155,163,158,165,169
Northern Ireland,N09000001,Antrim and Newtownabbey,73,92,89,104,93,108,99,111,102,112,139,127,128,159,168,173,185,163,165,175
Northern Ireland,N09000011,Ards and North Down,85,106,103,120,109,126,115,128,118,129,160,146,146,182,191,197,210,184,186,197
Northern Ireland,N09000002,"Armagh City, Banbridge and Craigavon",93,115,113,130,120,138,129,147,136,152,188,173,175,221,235,242,259,232,237,252
Northern Ireland,N09000003,Belfast,195,242,232,268,236,269,242,268,245,255,312,296,293,351,366,382,408,357,360,384
Northern Ireland,N09000004,Causeway Coast and Glens,63,78,78,88,84,98,92,104,100,106,130,119,120,148,156,162,173,154,158,167
Northern Ireland,N09000005,Derry City and Strabane,68,85,85,96,90,103,97,109,104,110,135,124,125,154,161,167,178,158,160,170
Northern Ireland,N09000006,Fermanagh and Omagh,53,66,66,75,69,79,75,86,80,88,106,96,96,122,129,132,140,125,128,135
Northern Ireland,N09000007,Lisburn and Castlereagh,73,90,87,101,91,105,96,107,99,108,135,123,124,154,163,170,182,161,165,176
Northern Ireland,N09000008,Mid and East Antrim,72,89,87,101,91,105,97,109,100,109,136,124,124,155,163,168,180,159,161,171
Northern Ireland,N09000009,Mid Ulster,60,74,73,84,78,89,84,97,91,102,125,115,116,147,156,161,172,155,159,168
Northern Ireland,N09000010,"Newry, Mourne and Down",80,99,98,112,103,119,111,127,118,131,161,148,149,188,199,205,219,194,197,208
,,,,,,,,,,,,,,,,,,,,,,
1 Totals may not sum due to rounding.,,,,,,,,,,,,,,,,,,,,,,