Mid-year Population Estimates by Local Authority,,,,,,,,,,,,,,,,,,,,,,
,,,,,,,,,,,,,,,,,,,,,,persons
Region,LAU1 code,LA name,1997,1998,1999,2000,2001,2002,2003,2004,2005,2006,2007,2008,2009,2010,2011,2012,2013,2014,2015,2016
North East,E06000047,County Durham,498533,496945,496096,495138,493678,493538,493931,495147,497218,499348,502960,505617,507311,510628,512994,514261,515923,517573,519347,521776
North East,E06000005,Darlington,99171,99273,98172,98088,97894,98474,98911,99343,100287,101509,102632,103694,104355,105028,105584,105503,105726,105877,105998,106327
North East,E06000001,Hartlepool,89921,89753,89680,89811,90152,89993,90134,90317,90457,90781,90969,91379,91530,91773,92088,92261,92662,92606,92498,92845
North East,E06000002,Middlesbrough,144497,144031,143023,142251,141233,140090,139050,138451,138517,138169,138190,137885,137273,137667,138368,138726,138911,138991,139310,140326
North East,E06000057,Northumberland,306756,307241,307490,307348,307363,308499,309448,310140,310752,311375,312960,314057,314489,315463,316278,316489,316389,316832,316453,317444
North East,E06000003,Redcar and Cleveland,140666,140380,139542,139193,139159,138520,138565,138643,138177,137621,136940,136512,135867,135383,135164,134976,134960,135102,135324,135496
North East,E06000004,Stockton-on-Tees,178019,179350,180844,182517,183795,184940,185699,185687,186350,187270,187937,189039,189978,190902,191824,192487,193433,194423,195128,195958
North East,E08000037,Gateshead,195935,194344,193276,191912,191178,191559,192115,192317,192857,193615,194934,196078,197481,198731,200349,200272,200098,200781,201724,202628
North East,E08000021,Newcastle upon Tyne,278164,274455,270975,267623,266241,267001,266862,266884,269608,270258,271577,271649,273422,276681,279092,281893,285821,288340,290764,293713
North East,E08000022,North Tyneside,190548,191000,190062,190708,192003,192739,193037,193195,194120,195365,196470,197964,199017,200164,201206,201444,202167,202857,202725,203575
North East,E08000023,South Tyneside,155052,154402,153627,153112,152793,152210,151181,150265,149585,148887,148642,148626,148509,148468,148164,148311,148384,148572,148495,149194
North East,E08000024,Sunderland,290804,289709,287527,285720,284601,283037,281528,280113,279199,278370,277834,276812,276209,275980,275330,275764,276089,276782,276813,277307
North West,E06000008,Blackburn with Darwen,138748,139568,138233,138196,138453,139538,140429,141418,142145,143110,143942,144902,146197,146966,147657,147854,147763,147416,147856,148462
North West,E06000009,Blackpool,145514,144120,142995,143035,142270,142164,142658,143143,143688,143733,143644,142921,142578,142753,142080,142037,141603,140898,140162,139983
North West,E06000049,Cheshire East,350985,352066,350932,351234,352104,353348,355529,357354,359807,362049,365003,367160,368023,369051,370736,372383,373006,374606,375722,377303
North West,E06000050,Cheshire West and Chester,318968,320132,319598,321113,322154,322657,324378,325496,327169,328358,329364,329353,329116,329553,329526,330224,331069,332272,333949,335724
North West,E06000006,Halton,120895,120212,119552,119126,118559,118788,119178,119960,120396,121275,122040,122907,123636,124802,125722,125781,126074,126501,126719,127306
North West,E06000007,Warrington,188903,189569,190320,190629,191202,191615,191987,191837,192992,194603,196559,198187,200057,201309,202709,203795,205165,206681,207781,208973
North West,E07000026,Allerdale,94724,94791,94085,93590,93544,93816,94559,94846,95035,95279,95880,96186,96377,96301,96444,96269,96269,96532,96756,97099
North West,E07000027,Barrow-in-Furness,72142,71821,72463,72115,71960,71340,70914,70845,70545,70267,70034,69844,69776,69429,69056,68471,67936,67769,67676,67532
North West,E07000028,Carlisle,101890,101859,101192,100912,100764,101721,102777,104412,105562,106707,107293,107178,106966,106985,107475,107925,107992,108059,108109,108388
North West,E07000029,Copeland,70383,69978,69850,69406,69251,69095,69273,69750,69899,70329,70677,70789,70662,70629,70627,70309,70052,69866,69688,69306
North West,E07000030,Eden,48516,49088,49199,49476,49879,50276,50878,51393,51698,51891,52211,52427,52595,52678,52502,52687,52657,52649,52576,52642
North West,E07000031,South Lakeland,100515,101496,101356,102103,102397,102433,102928,103672,104301,104340,104684,104492,104410,104143,103713,103544,103593,103501,103776,103826
North West,E08000001,Bolton,259709,260882,260396,260183,261302,262367,263814,264511,265016,266816,268319,270497,273049,275168,277296,279084,280271,280788,281828,283536
North West,E08000002,Bury,179656,180551,181020,180875,180655,181084,181405,180999,181028,181809,182713,183000,183885,184755,185422,186150,186468,187287,187788,188503
North West,E08000003,Manchester,417698,417726,416438,421799,422915,428221,436727,444925,455745,463749,470538,477408,483784,492598,502902,510501,513665,518834,529809,541319
North West,E08000004,Oldham ,218942,218672,218420,218114,218537,218455,218490,218988,219288,220033,220723,221907,222811,223807,225157,225734,226966,228182,230197,232349
North West,E08000005,Rochdale,204038,204499,204865,206088,206440,206697,207528,207286,207200,207845,208393,209666,210248,210758,211929,211947,212137,212976,214314,216350
North West,E08000006,Salford,223906,221640,220018,218689,216978,216310,217312,217921,219536,221931,223468,226782,228948,231837,234487,236946,238674,241539,245186,248121
North West,E08000007,Stockport,286343,287185,285824,284420,284557,283502,282932,282368,281195,280498,280953,281477,282263,282614,283253,283766,284890,286388,288169,289821
North West,E08000008,Tameside,216081,214873,213567,212899,213087,213211,213470,213667,213474,214187,214750,216360,217417,218774,219727,220201,220545,220696,221507,223109
North West,E08000009,Trafford,213492,214159,212951,211287,210172,211062,213031,214129,215430,217369,219359,220939,223065,225234,227091,228308,230146,232319,232975,234210
North West,E08000010,Wigan,302058,301728,301989,301985,301453,302305,303846,304958,306143,308023,309403,311971,314363,316296,318122,318740,319810,321114,322244,323526
North West,E07000117,Burnley,90978,91279,90292,89731,89521,88842,88282,87923,87624,87646,87256,87328,87027,86902,87032,87091,86829,87194,87262,87496
North West,E07000118,Chorley,97881,98558,98822,100043,100559,101142,102003,102778,103279,103807,104362,105396,105682,106443,107591,109075,110531,111623,112963,114266
North West,E07000119,Fylde,72525,72947,72656,73105,73340,73658,74212,74667,74841,74824,75305,75230,75441,75610,76098,76073,76548,77140,77490,78153
North West,E07000120,Hyndburn,80648,80867,80839,81069,81495,81233,81408,81280,81311,81491,81453,81176,81003,80876,80549,80160,79953,80150,80113,80392
North West,E07000121,Lancaster,134386,133541,134596,133863,134049,133628,134635,135472,136764,136682,136235,135812,136013,137120,137823,139317,139835,140172,140787,141723
North West,E07000122,Pendle,87296,87411,87824,88467,89277,88830,88559,88330,88312,88788,88819,89005,89287,89234,89576,89541,89973,89655,89925,90515
North West,E07000123,Preston,132521,131758,131597,131199,130372,131110,132685,134410,136200,137784,138470,138443,137956,138831,140054,140456,140002,139907,140685,141023
North West,E07000124,Ribble Valley,52133,52147,53132,53610,54053,54659,55400,56054,56358,56664,56986,57158,57004,57218,57292,57606,57878,58105,58519,58864
North West,E07000125,Rossendale,65259,65232,65340,65359,65647,65556,65729,65623,65872,66199,66623,67063,67479,67824,68053,68332,68698,69104,69418,69787
North West,E07000126,South Ribble,102319,102518,103169,103689,103949,104522,105149,105578,105753,106512,107128,107830,108609,108846,109181,108999,108964,109116,109685,110136
North West,E07000127,West Lancashire,107949,109125,107861,108071,108480,108750,109273,109588,109806,110308,110720,110666,110583,110763,110617,110911,111216,111845,112482,113061
North West,E07000128,Wyre,103515,103617,103502,104704,105800,106444,107246,107760,108188,108435,108475,108245,108057,107912,107692,107809,108167,108594,109546,110002
North West,E08000011,Knowsley ,152655,153168,151837,151392,151238,150506,149795,149216,148900,148788,148188,147822,147070,146398,145903,145942,146091,146429,147262,148001
North West,E08000012,Liverpool,456432,453238,448417,446050,441858,443784,444960,448091,452278,453055,453582,454468,457523,461403,465656,470191,471789,474569,480873,487605
North West,E08000014,Sefton,286457,285159,284162,283337,282884,280866,279913,278853,276957,275852,275085,274735,274153,273820,273969,273798,273372,273856,274089,274853
North West,E08000013,St. Helens,176936,176364,176795,176757,176826,176295,175997,175738,175361,175199,174970,175106,175272,175203,175405,176124,176221,177191,177592,178480
North West,E08000015,Wirral,320382,318629,317011,316503,315004,315050,315371,315130,314925,315350,315670,316711,317771,319078,319837,320389,320670,321503,321700,322216
Yorkshire and The Humber,E06000011,East Riding of Yorkshire,305491,306845,309144,311511,314854,318633,321869,325117,327268,328587,330865,332464,332748,333599,334673,335901,336072,337242,336756,337804
Yorkshire and The Humber,E06000010,"Kingston upon Hull, City of",261905,259764,255872,252286,249913,249463,250604,253049,255159,255497,255761,256746,256079,256174,256123,257012,257188,257414,258587,260035
Yorkshire and The Humber,E06000012,North East Lincolnshire,158560,157825,157988,157633,157951,158003,158373,158542,158725,158610,158589,158708,158689,158951,159735,159788,159963,160019,159971,159828
Yorkshire and The Humber,E06000013,North Lincolnshire,152242,152230,151962,152470,152964,154240,156196,158211,159679,161163,162801,164519,165572,166539,167516,168351,168716,169213,169843,170807
Yorkshire and The Humber,E06000014,York,174953,176277,177145,179107,181291,182088,183960,186643,188214,188977,189770,190768,192398,195070,197783,199567,202113,203654,205784,206920
Yorkshire and The Humber,E07000163,Craven,52340,52662,53024,53114,53706,53770,54060,54412,54888,55086,55395,55586,55326,55398,55459,55492,55594,55750,55826,56343
Yorkshire and The Humber,E07000164,Hambleton,82760,83247,83443,83975,84168,84844,85336,85598,85972,86995,87748,88482,88645,89096,89602,89794,89997,89915,90074,90591
Yorkshire and The Humber,E07000165,Harrogate,145925,146772,148440,149782,151467,151549,151821,152518,153673,154270,155068,155843,156511,157531,158683,159396,159679,159631,159916,159768
Yorkshire and The Humber,E07000166,Richmondshire,44099,45325,45241,46334,47067,47798,48465,49399,50351,51003,51626,52125,52440,52877,53287,53808,53897,52812,52565,53876
Yorkshire and The Humber,E07000167,Ryedale,49261,49682,50091,50295,50910,50847,51196,51613,51948,51851,52078,52100,52157,51949,51893,52157,52334,52848,53332,53861
Yorkshire and The Humber,E07000168,Scarborough,107182,106401,106873,106330,106221,107246,107862,108548,108753,108728,108813,109015,108943,109014,108735,108662,108330,108152,108089,108157
Yorkshire and The Humber,E07000169,Selby,73901,74018,74900,75780,76555,77132,77390,77871,78416,79366,80519,81828,82374,83163,83547,84199,84893,85622,86215,86942
Yorkshire and The Humber,E08000016,Barnsley,219655,219408,218692,217765,218124,218851,220165,221227,222618,224419,225989,227754,228973,230066,231865,233762,235811,237971,239855,241847
Yorkshire and The Humber,E08000017,Doncaster,288876,287571,286949,286989,286900,288647,290111,290850,292174,293990,296215,298388,300184,301299,302468,302920,303693,304398,305496,307374
Yorkshire and The Humber,E08000018,Rotherham ,250127,249029,247949,247010,248349,249610,250886,251722,252675,253638,254180,255271,256313,256893,257716,258424,258817,260256,260929,262142
Yorkshire and The Humber,E08000019,Sheffield,517540,517596,516334,514573,513102,514201,515339,519640,525721,527629,529905,534035,538385,544613,551756,557276,560199,563463,569177,574050
Yorkshire and The Humber,E08000032,Bradford ,469199,468001,466933,467124,470753,475184,479166,484650,491361,495658,501357,507323,512392,518002,523115,524386,525936,527567,529879,532539
Yorkshire and The Humber,E08000033,Calderdale,191126,191137,191238,191928,192379,193201,193968,194980,196270,197761,199275,200960,202078,203049,204170,205200,206136,207042,207832,209069
Yorkshire and The Humber,E08000034,Kirklees ,383942,384675,385290,386892,388980,392118,394486,397530,400724,404266,407974,411807,414785,418339,422970,425346,427831,429998,432855,435236
Yorkshire and The Humber,E08000035,Leeds ,716309,715925,714879,713366,715609,716380,717592,723042,735054,736204,738560,741665,743885,747571,750683,757566,760894,765430,773213,781087
Yorkshire and The Humber,E08000036,Wakefield,312168,313313,313938,314345,315380,316306,317469,318037,318765,320318,321650,323288,324467,325595,326433,327890,329847,331720,334017,337094
East Midlands,E06000015,Derby ,230477,230893,231252,230794,230726,231979,232827,234501,236470,238110,239917,241865,243980,247035,248943,250582,251312,252313,253875,256203
East Midlands,E06000016,Leicester,289611,290009,285940,283787,282757,285295,288648,294127,301543,306548,311303,315473,319708,324912,329627,332067,334631,338491,344036,349513
East Midlands,E06000018,Nottingham,278594,277365,273537,270739,268939,271769,275547,279624,284834,286459,288164,290783,294808,299753,303899,308463,310657,314385,318936,324779
East Midlands,E06000017,Rutland ,32866,32553,33537,34141,34598,35295,35559,35623,36115,36510,37110,37478,37417,37670,37581,37096,37791,38263,38352,38949
East Midlands,E07000032,Amber Valley,113999,114185,115524,116136,116560,117265,117898,118421,119152,120038,120436,121170,121532,122081,122521,122798,123592,124050,124188,124802
East Midlands,E07000033,Bolsover,70267,70570,70697,71188,71887,72527,73343,73601,73844,74347,74822,75058,75224,75691,76029,76480,76774,77231,77917,78225
East Midlands,E07000034,Chesterfield,99198,99166,98858,98773,98832,99256,99929,100545,101277,101674,102027,102609,103037,103417,103788,103788,104066,104331,104463,104527
East Midlands,E07000035,Derbyshire Dales,68673,69200,69679,69800,69418,69392,69368,69536,69509,69526,69850,70450,70705,71030,71104,71386,71372,71420,71301,71477
East Midlands,E07000036,Erewash,107128,108344,108422,109371,110126,110250,110080,110068,110102,109979,110184,110809,111283,111739,112249,112833,113246,114155,114684,115112
East Midlands,E07000037,High Peak,87533,87777,88129,89009,89400,89323,89185,89261,89627,90050,90553,90858,91047,91063,90982,91160,91172,91417,91523,91720
East Midlands,E07000038,North East Derbyshire,97034,96623,97100,96942,96927,96916,97127,97532,97666,97740,98067,98261,98474,98832,99100,99347,99306,99383,99661,100450
East Midlands,E07000039,South Derbyshire,77817,79334,79703,80678,81738,83480,85312,86506,87832,89295,90655,92023,93015,94095,94915,95934,97111,98395,99345,100421
East Midlands,E07000129,Blaby,86623,87259,88378,89429,90361,91225,91592,91664,91721,92266,92741,93341,93511,93935,94132,94608,95105,95836,96458,97562
East Midlands,E07000130,Charnwood,152230,151229,153008,153060,153554,153431,153664,154740,155768,157153,158667,160509,162330,164346,165876,168370,169993,172548,175167,177378
East Midlands,E07000131,Harborough,72903,73388,73941,75320,76818,78226,79118,79860,80486,81492,82593,83417,84132,84849,85699,86368,87426,87935,89144,90251
East Midlands,E07000132,Hinckley and Bosworth,99019,98700,99761,99749,100202,100482,101210,101953,102431,102996,103450,104179,104473,104734,105328,105956,106527,107560,108603,109881
East Midlands,E07000133,Melton,46372,45882,47047,47515,47875,48080,48429,48618,48605,48724,49153,49287,49481,50077,50495,50785,50868,51012,50956,50967
East Midlands,E07000134,North West Leicestershire,83454,83493,84227,84938,85678,86842,87794,88845,89623,90406,91476,92283,92728,93165,93670,93985,94716,95731,97098,98436
East Midlands,E07000135,Oadby and Wigston,54623,54016,55203,55624,55791,55779,56161,56454,56218,56519,56475,56220,55600,55186,55979,56110,56282,56060,55984,55991
East Midlands,E07000136,Boston,54535,55026,54889,55182,55802,56391,56975,58090,58551,59770,61036,62176,63399,64475,64615,64855,65831,66454,66876,67709
East Midlands,E07000137,East Lindsey,124463,125272,126918,129221,130654,132144,133218,134889,135473,135960,136939,137466,137140,137251,136683,136651,136799,137722,138068,138743
East Midlands,E07000138,Lincoln,84027,83920,84662,85032,85584,85669,86405,87746,88603,89433,89873,90207,90813,92188,93085,94535,95371,95910,96641,97385
East Midlands,E07000139,North Kesteven,86510,87303,90116,92271,94378,96898,98593,99943,100710,102275,103844,105495,106456,107478,108518,109311,109935,111197,112186,113644
East Midlands,E07000140,South Holland,72338,73576,74377,75612,76714,77918,79299,80832,81696,83158,84506,85957,86987,87905,88390,88546,89184,90382,91245,92527
East Midlands,E07000141,South Kesteven,121930,123013,123622,124190,124877,125485,126209,127129,127665,128966,130196,131218,132188,133144,134125,135212,136612,138339,139376,140900
East Midlands,E07000142,West Lindsey,77353,77884,78125,78655,79631,81075,82498,83786,84626,85852,87345,88261,88616,89364,89352,90074,90791,91882,92958,93903
East Midlands,E07000150,Corby,52787,52869,52995,53260,53407,53427,53525,53751,54497,55410,56789,57921,59035,60124,61607,63103,64214,65467,66887,68295
East Midlands,E07000151,Daventry,66855,68240,68911,70227,72045,73330,74652,75100,75747,76532,76951,77118,77700,77725,78070,78231,78457,78894,79795,81098
East Midlands,E07000152,East Northamptonshire,70862,72301,73681,75392,76835,78066,79893,80932,81875,83324,84765,85551,85929,86342,86869,87427,88136,89027,90074,91382
East Midlands,E07000153,Kettering,79621,80448,80860,81507,82304,83189,84581,85644,86644,87974,89863,91194,92123,92910,93846,94864,95765,96949,97605,98947
East Midlands,E07000154,Northampton,193991,195632,195674,194794,194351,194448,194796,194717,196807,200360,203014,205579,207875,210084,212492,214316,215938,218446,221503,224499
East Midlands,E07000155,South Northamptonshire,75843,76238,77630,78388,79497,81345,82241,83293,84884,85543,85942,85757,85693,85647,85446,86301,87251,88155,89106,89864
East Midlands,E07000156,Wellingborough,69685,69691,70975,71934,72547,72975,72978,73179,73996,74460,74738,75081,75109,75179,75637,76089,75894,76413,77197,78367
East Midlands,E07000170,Ashfield,108809,108652,109697,110126,111477,112488,113048,114105,115020,115704,116301,116971,117875,118566,119522,120120,121546,122490,123577,124513
East Midlands,E07000171,Bassetlaw,105190,105235,106387,106847,107843,108451,109276,110017,110488,110876,111314,112106,112563,112924,113003,113235,113704,114256,114689,115212
East Midlands,E07000172,Broxtowe,108902,108174,108276,107728,107481,107832,107822,108085,108290,108254,108272,108730,109217,109252,109749,110568,111077,111534,111837,112116
East Midlands,E07000173,Gedling,111560,112068,111926,111474,111812,111943,111684,111847,111919,111699,111924,112293,112688,113066,113741,114061,114974,115815,116142,116746
East Midlands,E07000174,Mansfield,99919,98885,99437,98910,98065,98367,99250,99706,100413,101347,102139,103269,103711,104120,104551,104812,105334,105972,106780,107880
East Midlands,E07000175,Newark and Sherwood,104274,104588,105291,105556,106351,106954,108359,109776,110553,111534,112471,113309,113914,114596,114982,115851,116878,117859,118695,119848
East Midlands,E07000176,Rushcliffe,102445,103644,104051,104777,105780,106546,106987,107430,107832,108413,108909,109393,110137,111121,111248,111520,112910,113690,114497,115168
West Midlands,E06000019,"Herefordshire, County of",168466,171014,171997,173612,174885,175258,175648,176033,176587,178103,179930,181791,182367,182865,183619,185197,186389,187737,188522,189532
West Midlands,E06000051,Shropshire,274693,277374,279294,281479,283254,284901,286913,288810,291523,294531,297633,300473,302069,304523,307108,308416,309085,310774,312227,314392
West Midlands,E06000021,Stoke-on-Trent,247360,245298,244130,241989,240422,239955,240031,241078,241481,243069,243697,245509,245869,247381,248719,249792,250194,250956,251746,253659
West Midlands,E06000020,Telford and Wrekin,149670,152900,153730,155846,158573,159401,159848,160603,161535,162710,163368,164089,164889,165641,166831,167811,168642,169768,171677,173727
West Midlands,E07000192,Cannock Chase,90602,91266,91624,91835,92165,93000,93751,94179,94772,94991,95391,95999,96514,96898,97582,97932,98106,98508,98490,98513
West Midlands,E07000193,East Staffordshire,100942,102482,102068,102828,103938,104487,106065,106800,107609,108466,109776,111191,112033,112979,113858,114487,114940,115720,116196,116937
West Midlands,E07000194,Lichfield,93370,93537,93490,93272,93229,93679,94467,95580,96307,97432,98528,99490,100012,100424,100911,101175,101716,102062,102566,102831
West Midlands,E07000195,Newcastle-under-Lyme,121711,121760,122203,122189,122015,122165,122657,123076,123170,123191,123526,123213,123073,123351,123878,124104,125184,125978,126863,128126
West Midlands,E07000196,South Staffordshire,104900,104702,105183,105405,105942,106013,106300,106300,106428,106655,107144,107501,107561,108050,108318,108443,110323,110688,110712,111173
West Midlands,E07000197,Stafford,123205,122711,121621,120884,120712,121409,122447,123224,124361,125620,127055,128320,129041,130001,130895,131554,131984,132044,132220,133664
West Midlands,E07000198,Staffordshire Moorlands,93332,93390,93468,93977,94555,94927,94997,94980,95342,95888,96295,96604,96781,96987,97209,97239,97488,97838,98011,98176
West Midlands,E07000199,Tamworth,73072,73880,74003,74107,74596,74519,74544,74424,74724,75078,75407,75824,76255,76582,76895,77105,77096,77032,77108,77010
West Midlands,E07000218,North Warwickshire,61526,61781,61810,61888,61788,61825,61749,61769,61894,61920,61839,61968,62124,62066,62089,62206,62119,62448,62765,63193
West Midlands,E07000219,Nuneaton and Bedworth,117905,118227,118454,118447,119239,119625,120541,120668,121048,121787,122661,123868,124330,124759,125409,125867,126118,126309,126603,127674
West Midlands,E07000220,Rugby,85483,85785,86155,86319,87520,88653,89050,89998,91321,93051,94748,96434,97662,99035,100496,101030,101819,103189,104455,105291
West Midlands,E07000221,Stratford-on-Avon,109799,110727,110152,110547,111551,112258,112992,113483,114823,116708,118478,119666,119826,120191,120824,120794,121253,121779,122438,123345
West Midlands,E07000222,Warwick,122073,122555,122994,123989,126095,128330,130724,132719,134567,135593,136655,137448,138189,138115,137736,138423,138208,138725,138893,139488
West Midlands,E08000025,Birmingham,993650,991380,989712,985119,984642,990384,996356,1002376,1014650,1020843,1029021,1038980,1050072,1061074,1074283,1085198,1092190,1101521,1112950,1128077
West Midlands,E08000026,Coventry,304736,305005,304840,303066,302804,301295,300665,298174,298386,300129,301429,305186,307393,311674,316915,322504,328423,335018,344288,353215
West Midlands,E08000027,Dudley ,305220,304812,304878,304664,305052,305645,305585,306171,307004,307846,308686,310377,311088,312206,313261,313570,314357,315653,316331,317558
West Midlands,E08000028,Sandwell ,287666,287133,286085,285102,284594,285637,287135,288849,290447,292516,294603,298358,302303,306181,309042,311245,313980,316289,319101,322631
West Midlands,E08000029,Solihull,200708,200736,200190,199013,199574,200028,200536,201153,201557,202351,203170,204778,205470,206329,206856,207450,209140,210227,210834,212166
West Midlands,E08000030,Walsall,256631,255540,255808,254899,253333,254287,255352,256702,258172,259454,260939,263034,264774,266834,269524,270844,271955,273933,275880,278887
West Midlands,E08000031,Wolverhampton,242856,242015,240691,239537,238016,239088,239851,240567,241647,242889,243910,245349,246016,247640,249852,251076,251708,253250,255106,258017
West Midlands,E07000234,Bromsgrove,86660,86625,86692,87036,87904,89021,89984,90516,91046,91734,92563,93097,93444,93507,93732,94281,94806,95519,95800,96770
West Midlands,E07000235,Malvern Hills,71978,72374,72062,71975,72171,72655,72885,73166,73425,73748,74020,74192,74141,74542,74706,75090,75560,76224,76136,76555
West Midlands,E07000236,Redditch,77708,77819,78278,78583,78779,79069,79466,79654,80110,81077,81762,82713,83102,83570,84318,84444,84505,84505,84821,85088
West Midlands,E07000237,Worcester,90731,92445,92474,93068,93369,93446,93873,93843,94470,95024,95532,96416,97117,97655,98679,99622,100363,100739,100985,101927
West Midlands,E07000238,Wychavon,108727,109249,110921,111937,113081,113453,113914,114258,114696,115451,116141,116229,116499,116863,117074,117777,118906,120007,121709,123144
West Midlands,E07000239,Wyre Forest,96898,96830,96952,97014,96929,96830,97149,97223,97585,97666,98017,98143,97993,97943,98048,98087,98473,98999,99599,100007
East of England,E06000055,Bedford,139990,141556,143765,146146,148113,149589,150684,151308,151747,152346,153107,154164,154808,156535,157840,159369,161553,163999,166376,168814
East of England,E06000056,Central Bedfordshire,226525,227371,230636,232004,234006,236297,238547,240444,242062,244351,246803,249035,250329,252460,255644,259591,263793,267846,272421,276731
East of England,E06000032,Luton,182158,184264,184990,185491,185889,185631,185016,183563,185392,187312,189742,192084,195449,199583,203641,205498,207404,210173,213581,215914
East of England,E06000031,Peterborough,156407,155877,156520,156616,157439,158794,160778,163485,167220,169887,172443,176027,178963,181762,184457,186596,188371,190493,193657,196735
East of England,E06000033,Southend-on-Sea,165092,163820,162915,161585,160362,161159,161437,161488,162645,163776,165429,168150,170013,172122,174274,175091,176236,178367,179234,180606
East of England,E06000034,Thurrock,135329,138698,139469,141513,143297,144728,145977,147056,148556,150206,151741,153633,155003,156585,158268,159837,161305,163822,166040,168428
East of England,E07000008,Cambridge,108113,109162,109870,109923,109941,109543,111317,112167,117217,116654,115454,116183,116746,120219,122725,122601,123024,123735,125105,124635
East of England,E07000009,East Cambridgeshire,68508,71308,71243,72676,73411,74328,77447,75996,77224,78429,79923,81035,82357,83303,84245,85220,85942,87045,87783,88189
East of England,E07000010,Fenland,80135,81311,82310,82881,83687,84676,86296,87983,88968,90647,92713,93653,94404,95135,95461,95975,96617,97591,98814,99636
East of England,E07000011,Huntingdonshire,154602,154776,155570,157213,157189,158476,159626,162654,162822,163896,164764,166346,167052,168352,170039,171206,172147,173883,175334,176095
East of England,E07000012,South Cambridgeshire,127569,128389,128589,128675,130476,131893,134057,135645,137420,139264,141484,143591,145679,147890,149842,150906,151188,152932,154488,156020
East of England,E07000066,Basildon,162280,162343,164185,164936,165895,166743,167089,167825,168927,169951,170908,172423,173084,173788,174971,176538,178498,180676,181951,183768
East of England,E07000067,Braintree,125173,126986,128993,131203,132482,134272,135767,137426,139160,140921,142344,143894,144589,145972,147514,148375,149150,150076,150530,151233
East of England,E07000068,Brentwood,69536,68894,68702,68612,68483,68779,69234,69895,70542,71040,71346,71941,72663,73301,73841,74142,74734,75914,76403,76769
East of England,E07000069,Castle Point,85498,85554,86069,86416,86673,86866,87237,87207,87462,87576,87776,88020,88122,88115,87964,88219,88594,88912,89184,89752
East of England,E07000070,Chelmsford,156103,155325,155894,156331,157269,158686,160360,162505,163570,163879,164381,165047,166208,167441,168491,169379,170311,171590,172719,174197
East of England,E07000071,Colchester,153901,153062,154717,155080,156016,156055,157164,158652,162038,163847,165674,167927,169027,171679,173614,176185,177993,180973,184916,187633
East of England,E07000072,Epping Forest,118885,119100,120181,120540,120972,121482,121404,121495,121735,122530,122877,123365,123820,124189,124880,125997,126989,128451,129274,129923
East of England,E07000073,Harlow,75342,76980,77555,78336,78799,78340,78128,78019,78354,78722,79165,79913,80710,81490,82177,82814,83438,84619,85335,85867
East of England,E07000074,Maldon,55339,56524,57457,58686,59589,59750,59996,60303,60662,60993,61398,61660,61815,61845,61720,61946,62217,62801,62824,63418
East of England,E07000075,Rochford,76067,76477,77395,78233,78650,79325,79513,80100,80815,81490,82264,83056,83094,83415,83333,83895,83955,84809,85192,85708
East of England,E07000076,Tendring,132579,135099,135669,137413,138802,139318,139909,140340,140325,140423,140523,140421,139593,139058,138062,138395,139037,140395,141790,143353
East of England,E07000077,Uttlesford,67551,67854,68226,68631,68969,69529,70278,70865,71580,72929,74232,75505,76778,78620,80032,81199,82680,84066,85205,86289
East of England,E07000095,Broxbourne,82081,83081,84765,86104,87203,87700,87817,87805,88800,89684,90833,91630,92395,93085,93702,94595,95107,95837,96311,96881
East of England,E07000096,Dacorum,135514,136751,137013,137322,137843,138118,138413,138403,138633,138973,139527,140802,142205,143651,145298,146728,148075,149515,151069,152445
East of England,E07000242,East Hertfordshire,125462,126696,127164,127747,129145,130029,130264,130456,131065,132078,133421,134843,135980,136922,138155,139405,140932,142781,144488,146130
East of England,E07000098,Hertsmere,92140,93223,93576,94078,94466,94295,94419,93788,94302,95225,96252,97642,98637,99402,100379,100895,101449,102540,103157,103705
East of England,E07000099,North Hertfordshire,114226,115085,115284,115983,117051,117959,119148,120092,120757,121890,122974,124391,125269,126286,127494,128302,129231,130902,131611,132655
East of England,E07000240,St Albans,127327,127022,128129,128772,129168,130407,131180,131284,131951,133293,134338,136088,137858,139511,141248,142137,143458,145208,146188,147025
East of England,E07000243,Stevenage,77559,77832,78523,79246,79794,80110,80308,80008,80330,80352,80734,81615,82253,83007,84247,84824,85520,85993,86579,87285
East of England,E07000102,Three Rivers,80960,80758,82743,83073,82905,83448,83946,83963,84305,84466,85282,86205,87096,87573,87921,88804,89566,90525,91797,92676
East of England,E07000103,Watford,78999,80190,79971,80239,80398,80185,80644,81097,82138,82145,82899,84776,86472,88574,90653,91940,93905,95553,96348,96577
East of England,E07000241,Welwyn Hatfield,95432,95763,96838,97253,97550,98136,99198,100470,103202,105096,106694,107442,108434,109630,110727,111661,113375,115341,117784,121007
East of England,E07000143,Breckland,114707,115956,118526,120400,121585,122222,123247,123944,125493,126551,127797,128938,129431,129932,131009,131857,132995,134287,135698,137123
East of England,E07000144,Broadland,113675,115532,116766,117796,118814,119391,120333,121039,121637,122412,123242,123387,123819,124483,124740,125173,125499,125956,126626,127402
East of England,E07000145,Great Yarmouth,89040,89323,90008,90490,90945,91437,92526,93316,94113,94545,95211,95924,96414,97063,97424,97555,97736,98127,98615,98992
East of England,E07000146,Kingâ€™s Lynn and West Norfolk,132139,133834,133698,134957,135565,136831,138272,139621,140959,142790,144274,145551,146428,147134,147936,148579,149187,150214,151261,151797
East of England,E07000147,North Norfolk,96028,97418,97705,98226,98495,98723,99121,99374,99638,99907,100338,100887,100556,100780,101664,101829,102079,102872,103252,103587
East of England,E07000148,Norwich,122884,121714,121199,121604,122366,122376,122963,123857,125630,126805,126949,128034,129219,130923,132158,133867,135118,136587,138097,139865
East of England,E07000149,South Norfolk,106000,107086,108552,110036,110848,112483,113665,114539,115420,116052,117134,118774,120488,122611,124495,125987,127682,129345,131199,132965
East of England,E07000200,Babergh,80510,81296,82058,82923,83538,84112,85066,85622,85957,86698,86916,87260,87411,87467,87901,88088,88704,89413,89900,90250
East of England,E07000201,Forest Heath,64459,62373,62212,62254,56145,56457,57335,57267,58086,57558,57547,57506,57876,58602,60038,59880,59814,62527,63676,63298
East of England,E07000202,Ipswich,114474,115818,116276,116565,117156,117818,119210,121175,124028,124753,125471,127387,129320,131729,133729,135065,135604,136429,137694,138515
East of England,E07000203,Mid Suffolk,82360,83121,85083,85964,87015,87684,88274,89492,90795,92070,93817,94603,95250,96244,97076,97789,98431,99596,100251,100720
East of England,E07000204,St Edmundsbury,93686,96925,96575,97733,98323,99534,100655,102202,103320,104850,106144,107453,108449,110002,111443,111588,111865,112355,112949,113389
East of England,E07000205,Suffolk Coastal,116009,115323,114702,115512,115239,115729,116845,118198,119619,121027,123006,123841,123841,124262,124590,124652,125212,125889,126580,127836
East of England,E07000206,Waveney,108562,109178,110436,111555,112497,113245,114023,115131,116032,116005,116243,116298,116036,115670,115356,115740,116214,116290,116684,117167
London,E09000007,Camden,186183,183911,190003,196174,202567,203972,204254,207341,211088,211032,211520,210273,212924,214725,220087,224809,230486,236022,243837,249162
London,E09000001,City of London,5670,5720,6581,7014,7359,7280,7115,7118,7131,7254,7607,7429,7472,7338,7412,6612,6031,6139,6687,7246
London,E09000012,Hackney ,191448,194706,199087,203381,207246,210961,212405,213581,216512,220193,224480,231041,236622,241739,247182,252212,257436,263112,268626,273239
London,E09000013,Hammersmith and Fulham ,155105,155458,160634,164393,169374,171989,171510,172083,173292,174675,176472,177088,180116,180842,182445,182117,181421,181679,182183,181783
London,E09000014,Haringey,215081,216582,218559,219845,221251,224474,225027,226472,229271,233174,236793,244459,249805,252742,255540,257898,261033,264398,268251,272078
London,E09000019,Islington,175665,177949,175717,177852,179387,180118,180899,180831,183477,185283,188636,192089,196704,200129,206285,211273,215855,221405,227507,232055
London,E09000020,Kensington and Chelsea,142096,143140,147678,154661,162199,163827,165268,165752,168375,165245,162883,162579,161893,160463,158251,156912,157141,157830,158589,156773
London,E09000022,Lambeth ,259854,263843,266817,270028,273372,273041,272195,274262,277620,280524,284964,289126,294050,297650,304481,309366,312700,316637,320736,323063
London,E09000023,Lewisham ,243946,247223,250310,252106,254336,253662,251936,252455,254930,257976,261188,266508,270418,272525,276938,280705,284956,290284,294999,298903
London,E09000025,Newham ,231032,235001,240517,245463,249411,255282,256224,254434,253798,257994,266285,276478,286447,299171,310460,316295,321465,328066,336254,344533
London,E09000028,Southwark,238968,242150,247853,252726,256712,256269,255242,257257,261811,267553,272626,276973,281120,283777,288717,293440,298663,302818,308434,311655
London,E09000030,Tower Hamlets,184845,187909,193507,197133,201090,207031,208651,211154,213382,218400,225251,231893,240495,248520,256012,263624,273616,284596,293828,300943
London,E09000032,Wandsworth,260633,260965,264220,267695,271742,274917,276828,278615,283229,287538,291440,294305,299347,302620,307710,309497,313091,316536,319477,321497
London,E09000033,Westminster,181841,184652,189233,196478,203329,208100,211009,214557,223132,222829,220619,218673,216980,217187,219582,223737,225306,229899,238047,241974
London,E09000002,Barking and Dagenham,158302,160976,162444,163893,165654,166357,166210,165610,166275,167157,169031,172452,177580,182838,187029,190663,194576,198650,203101,208182
London,E09000003,Barnet,304634,308345,313469,315784,319481,320552,321802,323723,327541,330801,334837,339212,345829,351438,357538,363777,368301,373745,378778,384774
London,E09000004,Bexley,215722,216318,217458,218717,218757,219123,220016,220917,222391,223280,224625,226652,228146,230711,232774,234308,236816,240016,242387,245095
London,E09000005,Brent ,255298,259908,260317,264945,269620,269871,268323,268335,270939,276504,283273,290901,298118,304785,312245,314593,317112,320101,323443,326427
London,E09000006,Bromley,293106,291697,294902,295317,296218,296668,297253,297307,299421,300963,302625,304968,306924,308560,310554,314039,318167,321602,325303,327580
London,E09000008,Croydon,330923,333046,332066,334241,335112,335415,335919,337134,339052,340449,344029,349308,352763,357951,364815,369189,373628,377073,380070,383301
London,E09000009,Ealing,293995,296274,302252,304370,307276,309242,308108,310073,312774,315329,318671,324022,329966,334073,339314,340332,342108,342997,344285,344802
London,E09000010,Enfield,268379,268886,272731,275068,277266,280745,281835,282217,284779,287429,291534,297443,301971,307648,313935,317257,320317,324409,328738,332127
London,E09000011,Greenwich,211249,212322,212168,214438,217460,221476,224303,227190,230494,233990,236535,239748,243672,249171,255483,259986,264097,268853,274542,279139
London,E09000015,Harrow,206933,206662,207909,209114,210044,212336,213728,216267,221109,223632,226355,229567,233495,237451,240499,241978,243004,245149,246818,248697
London,E09000016,Havering,226039,223641,225712,225141,224717,225054,225248,225769,226990,228198,229789,231793,234127,236234,237927,239742,242142,246030,249375,253371
London,E09000017,Hillingdon,242901,243587,245053,245911,245616,247063,248054,248691,251430,254387,256981,261051,265665,269465,275499,281179,285996,291368,296056,299899
London,E09000018,Hounslow,210146,212445,214298,214731,215976,216888,216498,219440,223776,228126,233454,237907,243366,249236,254927,258518,261275,264030,266412,268270
London,E09000021,Kingston upon Thames,141330,143765,146003,147328,149045,149642,149683,151055,152489,153667,154485,156027,157307,158648,160436,163200,165657,168433,171609,173703
London,E09000024,Merton,181675,182355,185062,188196,191106,190561,189298,188908,190583,192520,194260,195859,198136,199136,200543,202047,203637,204598,205965,206706
London,E09000026,Redbridge,234974,235997,238138,239868,241893,244273,247412,248774,251560,255590,259965,265452,270435,275088,281395,284625,288850,293853,297928,301328
London,E09000027,Richmond upon Thames,170044,169945,172782,172920,174311,175441,177182,179312,181508,182520,182421,182927,184394,186304,187527,188971,191138,193315,194124,195187
London,E09000029,Sutton,177026,177868,179375,180485,181461,181265,181267,181094,182103,182882,184174,185860,188167,189321,191123,193476,195787,197954,199870,201945
London,E09000031,Waltham Forest,219795,222251,221057,221296,222015,223776,224115,225002,226747,230731,235665,242098,248140,254009,259742,262456,265650,267801,270671,274222
South East,E06000036,Bracknell Forest,108970,108951,109819,109680,109650,109490,109475,109189,109487,109896,110702,111455,111916,112893,113696,115089,116543,117997,119205,119730
South East,E06000043,Brighton and Hove,244745,246816,248008,248791,249949,249743,249846,249847,252863,255564,258161,262019,265584,269495,272952,275724,277991,280650,284073,287173
South East,E06000046,Isle of Wight,127306,128575,129997,131431,132925,133908,134783,135891,137179,137727,138289,138675,138361,138364,138392,138826,138555,139332,139763,140264
South East,E06000035,Medway,242314,245341,246383,248474,249704,250262,251159,251459,252098,253478,255824,258224,260230,262738,264885,268130,270689,273212,275176,276957
South East,E06000042,Milton Keynes,199662,202861,206664,209803,212707,215061,217597,219521,223462,227225,231033,235625,240178,245450,249895,252773,256376,260225,263181,266240
South East,E06000044,Portsmouth,189427,189119,187768,187820,188043,188476,190283,193483,196318,195964,194907,196036,198983,202700,205433,206517,206670,208037,210538,213335
South East,E06000038,Reading,142185,144129,143512,143912,144684,143915,144070,144590,146940,148321,149678,151460,152326,154296,155339,156795,158621,160268,161701,162701
South East,E06000039,Slough,116499,117980,118497,119694,120577,120927,120869,120833,122874,125200,127991,131453,134742,137800,140713,141820,142672,144340,146038,147736
South East,E06000045,Southampton,213689,215530,216057,217273,219539,220459,221989,223589,226655,226698,227223,228447,230017,233085,235870,238519,239858,242106,246054,250377
South East,E06000037,West Berkshire,143609,143671,144129,144201,144494,143913,144297,145147,146492,148107,150056,152024,153039,153943,154148,154704,156031,156633,157460,158576
South East,E06000040,Windsor and Maidenhead,135036,132960,132917,133654,133541,133631,134201,135066,136446,138012,139743,141345,142424,143988,145098,145742,146278,147476,148277,149689
South East,E06000041,Wokingham,146518,148091,147912,149527,150334,149445,148794,149008,149598,150548,152144,153191,154165,154650,154943,156658,158065,159414,161200,163087
South East,E07000004,Aylesbury Vale,157792,159507,162660,163989,165920,165631,165693,165886,166731,168108,169540,170659,171418,172892,174880,177600,180875,184245,188312,192680
South East,E07000005,Chiltern,91053,90353,90219,89534,89238,88951,89479,90067,90605,91471,92226,92471,92526,92915,92652,92980,93368,94074,94662,95204
South East,E07000006,South Bucks,61093,61503,61477,61927,61923,61790,62005,62757,63573,64116,64981,65443,66018,66705,67060,67486,68128,68704,69307,69809
South East,E07000007,Wycombe,161210,160715,161527,161736,162050,162396,162987,163416,164617,165653,166754,167798,168851,170308,171958,172917,173162,173877,174833,175363
South East,E07000061,Eastbourne,87584,87942,88733,89427,89836,90829,92163,93772,95500,96532,97616,98361,98228,98510,99308,99901,100363,101340,102204,103003
South East,E07000062,Hastings,82599,82154,84089,84693,85392,85873,86596,86854,87419,87516,88024,88722,89293,89623,90173,90377,90906,91360,91937,92903
South East,E07000063,Lewes,88713,88974,90848,91603,92247,92901,93227,93794,93832,94162,94782,95455,96114,97079,97584,98695,99626,100428,100898,101631
South East,E07000064,Rother,85925,86609,86299,86158,85471,86174,86718,87183,87684,88221,89262,90120,90123,90578,90729,91065,91232,92370,93192,93966
South East,E07000065,Wealden,137290,139320,139412,139795,140184,141150,142444,143404,144084,145094,146207,146539,146612,147861,149415,151050,152777,155005,156790,158054
South East,E07000084,Basingstoke and Deane,149162,149176,151213,152179,152874,153641,154833,155737,157499,158765,160183,162036,164135,166364,168550,170691,172050,173374,174340,175226
South East,E07000085,East Hampshire,108541,107788,108635,108759,109369,109606,109561,109960,110482,111131,112296,113172,114261,115350,116010,116574,117401,117985,118694,118705
South East,E07000086,Eastleigh,110958,111115,114469,115876,116257,116430,116696,117066,118089,119436,120596,121312,122377,124240,125852,126759,127759,128867,128977,129546
South East,E07000087,Fareham,105258,105667,106165,107101,108152,108451,108545,108473,108077,108397,109399,110205,110832,111382,111931,112888,113873,114663,115182,115818
South East,E07000088,Gosport,76924,76836,76356,76796,76676,76831,77585,78099,78646,79579,80627,81730,81961,82307,82669,83272,83542,84346,84757,85492
South East,E07000089,Hart,82939,82621,82988,83056,83590,84238,85180,86367,87519,88874,89866,90566,90986,91276,91662,92224,92959,93680,94395,94882
South East,E07000090,Havant,116766,116998,117279,117266,116886,117173,117346,117362,117542,117824,118282,119039,119394,120105,120783,121285,121671,122345,123122,123891
South East,E07000091,New Forest,168579,168472,169200,169254,169506,170595,171256,171769,172423,173269,174048,174548,175432,176323,176789,177480,178186,179014,179275,179529
South East,E07000092,Rushmoor,86892,89161,90496,89390,90892,89877,89727,89358,90040,91065,91891,92589,92572,93397,94354,94806,94897,95228,95166,96091
South East,E07000093,Test Valley,106589,108310,108711,109341,109965,110387,111271,112049,112811,113530,114433,115101,115251,115814,116698,117341,118805,119835,121352,122823
South East,E07000094,Winchester,105207,106878,107307,107390,107264,107844,108515,109179,109947,110628,111820,113267,114505,115789,116820,118074,119037,120290,121734,123100
South East,E07000105,Ashford,97536,97975,100072,101377,103024,104377,105636,107264,109409,111459,113286,114556,115694,116975,118405,120128,121684,123159,124047,125871
South East,E07000106,Canterbury,132603,132609,133662,134905,135381,136483,138608,140578,141918,143490,145197,146073,146396,148653,150600,153223,154941,157044,159663,162502
South East,E07000107,Dartford,83712,84619,85045,85509,85956,86403,87011,88277,89990,91174,92242,93946,95266,96337,97604,98851,100399,102010,103531,105117
South East,E07000108,Dover,103351,103686,104006,104478,104646,104883,105784,106878,107475,107904,109041,109848,110061,111072,111718,111798,112490,113292,113446,114572
South East,E07000109,Gravesham,93292,93916,94575,95160,95791,95448,95569,95907,96884,97574,98496,99394,100188,101076,101766,102559,103383,104802,105715,106215
South East,E07000110,Maidstone,138448,138077,137941,138633,139116,140338,141246,142242,143353,145307,147741,149723,151594,153739,155764,157368,159230,161510,164019,165719
South East,E07000111,Sevenoaks,109414,109141,109646,109539,109242,109105,109280,110045,111266,112500,113132,113298,113754,114509,115351,116306,116889,117625,118165,119011
South East,E07000112,Shepway,94880,94810,95811,96417,96345,97205,98540,99949,101509,102469,103902,104782,105716,106962,108199,108611,108767,109324,109838,111024
South East,E07000113,Swale,118268,118693,120079,121638,123123,124172,125348,125890,126516,127568,129721,131720,133030,134980,136324,137794,139274,140901,142465,144917
South East,E07000114,Thanet,125370,125523,126476,126453,126750,127675,128140,128782,129301,129601,130637,131750,132337,133508,134402,135687,136792,138526,139822,140828
South East,E07000115,Tonbridge and Malling,104671,105167,106376,106884,107771,108673,109494,110441,111719,113536,115469,116967,118459,120054,121087,122030,123171,124583,125779,127305
South East,E07000116,Tunbridge Wells,101560,102507,103031,103686,104049,104206,104390,105131,105877,107052,108927,111251,112774,114040,115246,115796,116094,116525,116610,117357
South East,E07000177,Cherwell,127589,128411,130001,132270,131988,132586,133977,134947,135876,137159,138120,139440,140301,141337,142252,142936,143822,144520,145554,146635
South East,E07000178,Oxford,133230,134563,136507,136597,135509,136625,139917,141593,145383,144513,144188,144433,145478,147907,150245,151477,152406,154664,154716,155292
South East,E07000179,South Oxfordshire,125593,127141,127886,127890,128307,128754,128920,129359,130050,130676,131626,132611,133466,133915,134961,135722,136328,137477,138177,139156
South East,E07000180,Vale of White Horse,112333,112329,113842,114757,115772,115565,116134,116475,117390,118209,118994,119284,120026,120823,121891,122710,123497,124621,126534,128653
South East,E07000181,West Oxfordshire,94844,94547,95564,95601,95701,95961,97083,98038,98869,100316,102166,103016,103824,104706,105442,107164,107945,108095,108609,108748
South East,E07000207,Elmbridge,119489,119801,122062,122509,122709,123784,124990,125677,127286,128763,129756,129908,129991,130937,131428,132184,133499,134833,135398,136085
South East,E07000208,Epsom and Ewell,66518,66651,67278,67233,67077,67554,67738,68386,69172,70028,71337,72514,73106,74278,75191,75839,76906,77988,78459,78999
South East,E07000209,Guildford,125979,126087,128527,128928,129774,129297,128763,128575,129043,130673,131656,132401,133584,135547,137580,139338,140657,142551,145056,146845
South East,E07000210,Mole Valley,79451,78771,80253,79971,80283,80498,81233,81498,81808,82319,83219,84256,84732,85413,85637,86096,86761,86871,86978,87258
South East,E07000211,Reigate and Banstead,122376,122641,124981,125540,126661,126272,126665,127222,127760,129190,131224,132857,134934,136741,138375,139772,140928,142858,143794,145284
South East,E07000212,Runnymede,75628,76539,77069,77738,78053,77649,77550,76948,77018,77169,78330,78694,79373,80283,80501,81878,83094,83906,84992,86370
South East,E07000213,Spelthorne,89356,89240,90606,90511,90404,90292,90225,90127,90571,91512,92425,93182,94001,94848,95852,96737,97371,97941,98419,98869
South East,E07000214,Surrey Heath,80003,79824,81356,80681,80309,80358,80938,81631,82321,83284,84214,84345,85142,85843,86378,86700,87134,87814,88385,88705
South East,E07000215,Tandridge,76907,77329,78530,78997,79332,78906,79002,79050,79373,80027,80983,81543,82099,82756,83178,83642,84616,85340,85914,86527
South East,E07000216,Waverley,114746,114949,115491,115431,115668,115573,116024,116230,116357,117038,118098,119012,120106,120957,121754,122081,122783,123359,124011,124593
South East,E07000217,Woking,88393,88329,89579,89477,89893,89289,89646,89798,91072,92838,94397,95530,96597,98201,99493,99779,100387,100634,100976,101421
South East,E07000223,Adur,58613,58401,58841,59379,59714,60050,59993,59961,59821,60337,60564,60721,61023,61216,61334,61970,62605,63266,63526,63621
South East,E07000224,Arun,137001,136915,139442,140308,140998,142385,143458,145149,145985,146750,147725,148458,148891,149467,149811,151556,153013,154653,155798,157287
South East,E07000225,Chichester,103803,104994,105957,106382,106494,106990,107512,108157,108773,109686,110603,111796,112474,113411,113995,114899,115800,116261,117784,119125
South East,E07000226,Crawley,96656,98332,99351,99966,100440,99195,98712,98887,99703,100746,101610,102827,103843,105478,107053,108234,108953,109874,110887,111546
South East,E07000227,Horsham,118719,118998,120876,121524,122272,122694,123798,124920,125949,127190,128294,129073,129790,130916,131540,132267,133173,134507,136258,138523
South East,E07000228,Mid Sussex,125356,127114,127205,126947,127397,127713,128623,129461,130503,132061,133976,135734,137209,138897,140188,141260,142983,144664,145969,147540
South East,E07000229,Worthing,96380,96086,97454,97752,97661,98236,98787,99452,100064,100632,101511,102369,102809,103769,104998,105774,106413,107287,108303,109246
South West,E06000022,Bath and North East Somerset,164738,165962,167061,168490,169158,169819,170361,170585,171274,171204,172635,173565,173360,174267,175538,177196,179460,181241,184287,186946
South West,E06000028,Bournemouth,160332,161400,161643,162699,163560,164600,164207,163949,165998,166716,170098,171973,174251,179308,183450,186290,187914,189636,191673,193653
South West,E06000023,"Bristol, City of",389163,389398,390985,390446,390049,389735,391454,395743,405407,408428,411901,414822,418990,423044,428074,433043,438386,443791,450640,455966
South West,E06000052,Cornwall,483206,486089,490563,495373,499937,504644,508579,511810,515098,517984,521957,524973,526365,529794,533760,538249,541734,545961,550283,555057
South West,E06000053,Isles of Scilly,1908,1942,2025,2100,2140,2170,2155,2210,2210,2264,2293,2333,2251,2228,2224,2279,2265,2292,2335,2331
South West,E06000024,North Somerset,183813,185937,186745,187745,188840,189718,191323,192776,194745,197028,199498,200853,201711,202967,203091,204454,206182,208185,209941,211747
South West,E06000026,Plymouth,246041,242895,241977,241721,240954,242550,243390,244037,247516,249178,251237,252488,253116,254227,256589,257744,258592,260512,261386,262355
South West,E06000029,Poole,138993,139074,138299,138279,138368,138998,138961,139089,139853,141136,142883,144226,145420,146754,148075,148499,148794,149709,150005,150711
South West,E06000025,South Gloucestershire,236306,238357,241635,244790,245985,247755,249176,251226,253178,255258,256640,257970,259730,261471,263417,266193,268951,270994,273952,276677
South West,E06000030,Swindon,175179,177804,179329,179613,180129,182110,184368,186390,189684,192345,196942,201521,204371,206939,209709,211918,214028,215991,217584,218580
South West,E06000027,Torbay,124524,124926,126311,128475,129965,130521,131238,131937,132178,131857,132172,132070,131641,131443,131193,131480,132201,133264,133791,134406
South West,E06000054,Wiltshire,418840,422136,425242,428251,433508,438386,442633,445632,448670,453041,458840,464007,466711,470199,474319,476914,479911,484560,488487,492240
South West,E07000040,East Devon,122333,122106,123511,124951,125713,126562,127170,128444,129797,130641,132023,132594,132378,132666,133272,134430,135046,136518,138380,140271
South West,E07000041,Exeter,108047,109627,109684,110522,111180,110636,111064,110697,112970,113128,114109,114167,114419,115712,117063,119040,121030,123018,125679,127522
South West,E07000042,Mid Devon,66272,67249,67818,69086,69887,70651,71472,72607,73323,74138,75599,76406,76981,77391,77936,78382,78706,79272,79582,79880
South West,E07000043,North Devon,85891,85888,86370,87127,87674,88477,89570,90433,91146,91744,92355,92775,93046,93293,93976,93845,93839,94027,94162,94643
South West,E07000044,South Hams,80147,80440,81367,82115,81929,82058,81994,82085,82489,82985,83363,83516,83368,83516,83563,83703,84112,84435,84886,84834
South West,E07000045,Teignbridge,116725,118523,119087,120382,121167,121810,122424,122964,123460,123508,124066,124396,124451,124359,124271,125047,126088,127432,128903,129917
South West,E07000046,Torridge,55061,56153,56747,58038,59129,59774,60663,61479,61954,62615,63100,63501,63477,63686,63973,64769,65127,65657,66312,67022
South West,E07000047,West Devon,46882,47462,47711,48665,48889,49972,49698,50118,50481,50833,51711,52566,52868,53285,53655,53886,53982,54343,54502,54742
South West,E07000048,Christchurch,43679,44011,44483,44807,44901,45119,45315,45468,45765,46049,46481,46959,47277,47698,47916,47999,48470,49013,49211,49645
South West,E07000049,East Dorset,81887,82181,82870,83626,83922,84827,85335,85925,85988,86142,86946,87244,87010,87165,87301,87729,87949,88204,88711,89080
South West,E07000050,North Dorset,58975,59666,60358,61666,61988,62943,63958,64867,65904,66964,68094,68098,67798,67922,69002,69352,69890,69978,70607,70915
South West,E07000051,Purbeck,44238,44384,44374,44545,44433,44563,44306,44371,44614,44813,45058,45234,45087,45165,45184,45307,45441,45703,46228,46341
South West,E07000052,West Dorset,89841,90458,90787,91756,92495,93679,95060,95626,96385,97091,97981,98472,98626,99033,99275,99530,100096,100549,100873,101505
South West,E07000053,Weymouth and Portland,63261,63331,62525,63284,63758,64475,64708,64516,64788,64796,64990,65037,65046,65032,65135,65048,65179,65051,65217,65447
South West,E07000078,Cheltenham,108132,107690,108594,109450,110024,109775,109282,109763,110948,111637,112511,112971,113967,114901,115645,116058,115788,116379,116592,117217
South West,E07000079,Cotswold,79829,80064,80626,80829,80387,80475,81212,81795,82205,82597,83202,83016,82765,82614,83180,83624,84266,84920,85548,86121
South West,E07000080,Forest of Dean,77726,78568,79337,79714,80057,80125,80729,81091,81482,81733,82004,82099,81994,81896,82200,82716,82953,83682,84576,85411
South West,E07000081,Gloucester,107177,107418,109483,110323,109947,110593,111545,112583,113876,115296,117225,118394,119348,120660,121921,123405,124535,125686,127169,128355
South West,E07000082,Stroud,107228,107473,107691,107867,108060,108229,108840,109477,110122,110509,111069,111375,111853,112491,113074,113407,114094,115274,116774,117472
South West,E07000083,Tewkesbury,77193,74505,75290,76399,76524,77248,77673,77932,78275,78930,79404,79755,80553,81535,82269,83006,84323,85798,86868,88518
South West,E07000187,Mendip,100373,100341,101898,103102,103964,104634,105158,105798,106339,106833,107755,108567,108604,109006,109406,110050,110326,111091,112056,113131
South West,E07000188,Sedgemoor,102812,103749,104221,105183,106030,107051,107785,108765,109698,110712,112102,112885,112934,113786,114919,116067,117441,118959,120141,121345
South West,E07000189,South Somerset,148543,149404,150232,150686,151059,152165,153463,154967,156485,157420,158956,160171,160678,160871,162113,163038,164006,164834,165510,166526
South West,E07000190,Taunton Deane,98610,98947,99555,100155,102585,104117,105172,105945,106814,107353,108231,108801,109312,109946,110555,111431,112201,112909,114241,115969
South West,E07000191,West Somerset,33414,33906,34524,34814,35069,35165,35212,35184,35002,34934,35106,35244,35064,35000,34588,34611,34396,34410,34518,34475
Wales,W06000001,Isle of Anglesey,68109,67692,67978,67898,67806,67879,68140,68753,69095,69388,69700,69916,69884,69833,69913,70037,70073,70141,69936,69665
Wales,W06000002,Gwynedd,117606,117384,116362,116699,116844,117344,118022,118721,118641,119070,119398,119746,120344,121155,121523,122007,121653,121897,122635,123323
Wales,W06000003,Conwy,108174,108470,108322,108651,109674,110624,111248,112272,112374,113004,113778,114371,114623,114682,115326,115553,115912,116420,116450,116820
Wales,W06000004,Denbighshire,90616,90951,91509,92525,93070,93478,93872,94010,93978,93983,94530,94739,94444,94152,93919,94053,94518,94837,94836,94984
Wales,W06000005,Flintshire,144643,146261,146824,147930,148629,148947,149176,149681,149890,150125,150816,151501,151985,152080,152666,152776,153223,153819,154085,154626
Wales,W06000006,Wrexham,125637,126178,126907,127653,128540,128595,128914,129005,129249,130311,131263,132371,133295,134009,135070,135498,135801,135953,135418,135408
Wales,W06000023,Powys,124604,125438,125632,126134,126398,127145,128295,129568,130210,131037,131982,132865,133090,132878,133071,133015,132786,132777,132730,132337
Wales,W06000008,Ceredigion,71807,72518,74046,74942,75417,75500,75581,75775,75485,75342,75326,74971,74642,75217,75293,75932,75789,75133,74211,73665
Wales,W06000009,Pembrokeshire,111640,111814,111667,112538,113058,114146,115147,116428,117204,118278,119640,121134,121563,121974,122613,123135,123375,123826,123671,124237
Wales,W06000010,Carmarthenshire,171534,172039,172329,172874,173652,174628,176133,177487,178229,179504,181314,182517,182846,183004,183961,184332,184669,184968,185247,185754
Wales,W06000011,Swansea,226764,225702,225080,224475,223463,224755,226350,228176,229347,230793,232460,234139,235601,237311,238691,239460,240108,240966,242316,244462
Wales,W06000012,Neath Port Talbot,136679,136085,135356,134834,134380,134931,136233,137144,137670,138323,138957,139481,139537,139638,139880,140081,139867,140453,140946,141678
Wales,W06000013,Bridgend,127996,128652,128585,128224,128735,129741,131032,131947,132893,134164,135949,137175,137783,138471,139410,139769,140536,141287,142259,143408
Wales,W06000014,Vale of Glamorgan,116950,118297,117944,119276,119277,120279,120980,122101,122877,123642,124732,125713,126162,126435,126679,126998,127436,128009,127980,128891
Wales,W06000015,Cardiff,307321,308601,310320,311443,310088,312021,313246,317099,321001,323766,328196,332790,337656,341402,345442,348724,352146,354829,357496,361168
Wales,W06000016,Rhondda Cynon Taf,236043,234474,233904,232370,231910,231795,232361,233971,234070,234493,234471,234724,234743,234459,234373,235612,236166,236871,237378,238179
Wales,W06000024,Merthyr Tydfil,57371,57148,56516,56218,56207,55996,55955,56020,56259,56627,57173,57688,58156,58493,58851,58907,59008,59056,59247,59714
Wales,W06000018,Caerphilly,167532,167921,168566,169045,169546,170776,171363,172361,172777,173741,174987,176259,177159,178101,178782,179014,179230,179933,180168,180453
Wales,W06000019,Blaenau Gwent,72031,71292,71028,70537,70000,69452,69228,69242,69188,69610,69685,69820,69850,69798,69812,69806,69764,69653,69547,69630
Wales,W06000020,Torfaen,91364,91355,91129,91214,90912,90700,90719,90516,90644,90820,90974,91094,91199,91060,91190,91346,91362,91549,91767,91994
Wales,W06000021,Monmouthshire,85209,83921,83980,84458,84984,85417,86605,87829,88611,89090,89592,90109,90557,91016,91508,91737,92249,92540,92805,93276
Wales,W06000022,Newport,135241,137328,136615,136932,137642,138727,139121,139316,139617,140557,141376,142744,143753,144803,145785,146275,146741,147119,147958,149478
Scotland,S12000033,Aberdeen City,217300,215650,214630,213340,211910,210680,209280,207820,208690,209620,212460,214020,217020,219730,222460,224910,227070,228920,230350,229840
Scotland,S12000034,Aberdeenshire,226020,226220,227240,227020,226940,228830,231250,234690,237570,241180,244390,246840,249020,251430,253650,255560,257770,260530,261960,262190
Scotland,S12000041,Angus,110000,109790,109560,108850,108370,108810,108710,110170,111340,112500,113540,114490,114830,115410,116200,116220,116290,116740,116900,116520
Scotland,S12000035,Argyll and Bute,91720,91670,91640,91050,91300,91020,90930,90580,90350,90870,90790,89910,89450,88620,88930,86910,88050,87650,86890,87130
Scotland,S12000036,City of Edinburgh,445720,446240,447190,448430,449020,447490,445290,445870,449480,452060,456040,458520,463240,469940,477940,482630,487460,492610,498810,507170
Scotland,S12000005,Clackmannanshire,48560,48410,48240,48170,48070,48140,48140,48670,49160,49540,50600,51190,51290,51330,51500,51280,51280,51190,51360,51350
Scotland,S12000006,Dumfries and Galloway,148520,148740,148230,147540,147780,147670,147860,148690,149620,149780,150370,151010,151160,151100,151410,150840,150280,149960,149670,149520
Scotland,S12000042,Dundee City,151350,149680,147970,146610,145460,144370,144070,143100,143600,143370,143700,144290,145170,146060,147200,147780,148100,148130,148210,148270
Scotland,S12000008,East Ayrshire,121440,121000,120550,120120,120310,119920,119860,120210,120280,120450,120950,121590,122110,122410,122690,122730,122430,122130,122060,122200
Scotland,S12000045,East Dunbartonshire,109280,109040,108670,108620,108250,107350,107000,106540,106040,105590,105050,104940,104960,104920,105000,105880,105840,106710,106960,107540
Scotland,S12000010,East Lothian,87730,88360,89110,89910,90180,91050,91640,92170,92730,93850,95560,97470,98340,99140,99920,100860,101390,102090,103050,104090
Scotland,S12000011,East Renfrewshire,87890,88310,88520,89040,89410,89930,89870,89790,89880,89750,89840,89870,89980,90410,90810,91040,91530,92410,92940,93810
Scotland,S12000014,Falkirk,143340,143880,144570,144650,145270,145930,146800,148300,150130,151090,152320,153290,154210,155140,156250,156800,157160,157690,158460,159380
Scotland,S12000015,Fife,346540,346540,347030,348340,349770,350740,351350,353050,355450,357260,358750,360050,361410,362610,365300,366210,366900,367250,368080,370330
Scotland,S12000046,Glasgow City,590660,587050,582950,577020,578710,576450,572260,569560,569240,568480,571760,576200,581620,586500,593060,595070,596520,599640,606340,615070
Scotland,S12000017,Highland,208560,208850,209200,209130,208920,209760,211640,214560,218060,220780,224000,226980,228750,230730,232730,232890,232930,233080,234110,234770
Scotland,S12000018,Inverclyde,86460,85840,85300,84660,84150,83730,83300,82690,82680,82320,82110,82000,81670,81510,81220,80690,80340,79890,79500,79160
Scotland,S12000019,Midlothian,79550,80120,80630,81110,80950,80870,80280,80230,80050,80000,80370,81540,81900,82360,83450,84240,84710,86220,87390,88610
Scotland,S12000020,Moray,87160,86800,86800,86720,87000,87690,88830,89380,90100,90780,91440,92830,93170,93690,93470,92930,94360,94770,95510,96070
Scotland,S12000013,Na h-Eileanan Siar,27910,27540,27210,26790,26450,26350,26430,26650,26930,27060,27210,27280,27420,27600,27690,27560,27400,27250,27070,26900
Scotland,S12000021,North Ayrshire,137690,137470,137160,136360,135820,135890,136310,136500,136690,136790,137420,137910,137830,137790,138090,137570,136940,136480,136130,135890
Scotland,S12000044,North Lanarkshire,322510,322180,322160,321390,321180,322520,323700,325400,327140,328740,331170,333290,335160,336280,337720,337890,337780,338000,338260,339390
Scotland,S12000023,Orkney Islands,19770,19590,19420,19290,19220,19340,19540,19830,20070,20340,20580,20740,20940,21220,21420,21530,21560,21580,21670,21850
Scotland,S12000024,Perth and Kinross,133980,134580,135200,134970,134950,135130,135960,136900,138060,139390,141140,143130,144370,145600,146850,147740,147770,148930,149930,150680
Scotland,S12000038,Renfrewshire,175800,175320,174390,173680,172850,172300,171560,171470,171430,171270,171860,172640,173020,173700,174700,174300,173890,174230,174560,175930
Scotland,S12000026,Scottish Borders ,105960,106040,105810,106250,106950,107530,108400,109460,110250,110860,112200,113360,113590,113690,113880,113720,113880,114040,114030,114530
Scotland,S12000027,Shetland Islands,22830,22700,22510,22180,21960,22000,21960,22090,22250,22210,22350,22480,22790,23060,23240,23210,23200,23220,23200,23200
Scotland,S12000028,South Ayrshire,113620,113320,112850,112290,112160,111690,111550,111840,112030,112100,112380,112610,112490,112600,112980,112920,112870,112530,112400,112470
Scotland,S12000029,South Lanarkshire,304440,303330,302580,302270,302340,302780,303480,305670,306850,308450,310380,311320,312180,313180,313900,314330,314810,315300,316230,317100
Scotland,S12000030,Stirling,84050,84680,85450,86160,86200,86630,87090,86910,87510,88090,88430,88540,88690,89550,90330,91010,91230,91520,92830,93750
Scotland,S12000039,West Dunbartonshire,95200,94930,94420,93930,93320,93040,92470,91970,91530,91420,91370,91190,91080,90800,90610,90340,89800,89710,89590,89860
Scotland,S12000040,West Lothian,151780,153200,154760,157050,159030,160370,161690,163540,165010,167110,169470,171380,173040,174090,175300,176010,176160,177200,178550,180130
Northern Ireland,N09000001,Antrim and Newtownabbey,127225,128040,128388,128800,128760,129502,130356,131067,132350,133216,134756,136122,137422,138044,138651,139157,139536,139966,140467,141032
Northern Ireland,N09000011,Ards and North Down,145659,146502,147223,148370,149559,150198,150424,150912,152233,153488,154406,155014,156058,156518,156943,157637,157640,157931,158797,159593
Northern Ireland,N09000002,"Armagh City, Banbridge and Craigavon",169726,171085,171114,173114,176014,177357,178954,180828,183933,187196,190505,193603,196203,198202,200298,202398,203757,205711,207797,210260
Northern Ireland,N09000003,Belfast,338994,338032,334408,332139,328695,328471,327176,326268,325483,325985,327383,330052,331763,333489,333895,333962,335133,336830,338907,339579
Northern Ireland,N09000004,Causeway Coast and Glens,127964,129269,129486,130248,131374,132827,134152,135209,136340,137438,138375,139004,139616,140107,140907,141434,141699,142303,143148,143525
Northern Ireland,N09000005,Derry City and Strabane,141468,142955,144039,144438,143810,144280,144629,145041,145447,145855,146742,147496,148053,148148,148191,148619,148632,149198,149473,150142
Northern Ireland,N09000006,Fermanagh and Omagh,103838,104648,104945,105084,105751,106663,107332,107923,108586,109344,110345,111494,111998,112919,113501,114230,114365,114992,115311,115799
Northern Ireland,N09000007,Lisburn and Castlereagh,124830,124733,124346,124560,124585,124757,125001,125764,127043,128185,129179,130584,132386,133909,135280,136311,136808,138627,140205,141181
Northern Ireland,N09000008,Mid and East Antrim,125611,125798,126135,126956,127452,128281,129181,129925,130980,132021,133270,134169,134774,135157,135365,135838,135997,136642,137145,137821
Northern Ireland,N09000009,Mid Ulster,116293,117018,117496,117892,119112,120214,121324,122645,124885,127662,131088,133595,135408,137221,139011,140357,141329,142895,144002,145389
Northern Ireland,N09000010,"Newry, Mourne and Down",149653,149689,151426,151343,153726,154984,156395,158460,160453,162723,165634,168019,169652,171119,172276,173691,174829,175403,176369,177816