Primary Resources total by Local Authority1 ,,,,,,,,,,,,,,,,,,,,,,
,,,,,,,,,,,,,,,,,,,,,,£ million
Region,LAU1 code,LA name,1997,1998,1999,2000,2001,2002,2003,2004,2005,2006,2007,2008,2009,2010,2011,2012,2013,2014,2015,2016
North East,E06000047,County Durham,5185,5449,5611,6027,6164,6318,6390,6902,7160,7468,7792,7921,7455,7741,7783,7792,8003,8276,8485,8551
North East,E06000005,Darlington,1092,1109,1096,1191,1219,1274,1319,1380,1475,1542,1665,1665,1595,1619,1601,1640,1688,1711,1774,1773
North East,E06000001,Hartlepool,945,970,1003,1068,1104,1122,1148,1210,1291,1366,1440,1525,1431,1465,1478,1463,1460,1521,1572,1552
North East,E06000002,Middlesbrough,1429,1398,1431,1523,1585,1580,1572,1681,1779,1875,1956,1956,1873,1902,1898,1959,2016,2140,2145,2154
North East,E06000057,Northumberland,3610,3776,3905,4256,4337,4315,4663,4917,5227,5553,5787,6134,5810,5775,5785,5869,5905,6035,6161,6061
North East,E06000003,Redcar and Cleveland,1413,1397,1410,1521,1590,1593,1615,1710,1785,1868,1929,1927,1831,1847,1822,1863,1912,2018,2018,2008
North East,E06000004,Stockton-on-Tees,1958,2017,2111,2275,2372,2437,2536,2718,2869,2982,3114,3268,3086,3146,3175,3146,3134,3276,3382,3343
North East,E08000037,Gateshead,2012,2116,2074,2236,2324,2413,2494,2640,2707,2822,3005,3039,2931,3013,3032,3063,3125,3289,3369,3434
North East,E08000021,Newcastle upon Tyne,2954,3098,3060,3268,3406,3554,3690,3902,3990,4180,4424,4462,4285,4449,4482,4592,4732,5018,5173,5336
North East,E08000022,North Tyneside,2012,2145,2114,2289,2382,2480,2572,2749,2792,2918,3090,3118,3006,3100,3104,3142,3195,3375,3438,3496
North East,E08000023,South Tyneside,1553,1630,1608,1730,1799,1839,1894,2008,2044,2124,2248,2263,2169,2219,2206,2237,2276,2402,2447,2491
North East,E08000024,Sunderland,2735,2771,2916,3107,3248,3338,3390,3556,3703,3872,4073,4093,3806,3923,3957,4017,4146,4210,4326,4465
North West,E06000008,Blackburn with Darwen,1273,1313,1370,1450,1464,1472,1515,1591,1710,1780,1870,1826,1712,1837,1775,1762,1770,1810,1895,1934
North West,E06000009,Blackpool,1550,1598,1543,1694,1722,1742,1681,1706,1753,1793,1929,1976,1840,1863,1900,1820,1807,1896,1992,2067
North West,E06000049,Cheshire East,5190,5428,5596,5933,6045,6250,6806,7243,7601,7843,8187,8380,7872,7862,7928,8006,8332,8853,9240,9354
North West,E06000050,Cheshire West and Chester,4305,4496,4674,4971,5089,5211,5724,6171,6470,6636,6914,7115,6677,6662,6540,6719,6831,7036,7254,7140
North West,E06000006,Halton,1135,1185,1230,1333,1391,1447,1496,1601,1707,1753,1878,1925,1860,1884,1898,1897,1942,1985,2095,2141
North West,E06000007,Warrington,2443,2589,2668,2874,3013,3089,3169,3461,3587,3741,4016,4093,3805,3899,4013,4134,4208,4369,4629,4810
North West,E07000026,Allerdale,1009,1085,1084,1157,1235,1174,1259,1339,1401,1460,1575,1616,1543,1586,1586,1627,1682,1747,1832,1872
North West,E07000027,Barrow-in-Furness,745,801,801,856,909,863,908,972,1006,1043,1122,1158,1110,1136,1136,1147,1179,1223,1286,1317
North West,E07000028,Carlisle,1261,1355,1338,1409,1446,1467,1616,1783,1889,1954,2064,2076,1978,2015,2010,2049,2105,2140,2206,2230
North West,E07000029,Copeland,738,790,786,838,890,842,898,976,1011,1061,1147,1184,1129,1168,1171,1187,1222,1259,1320,1342
North West,E07000030,Eden,640,698,695,732,758,778,850,938,975,991,1038,1057,990,1018,998,1013,1034,1056,1093,1094
North West,E07000031,South Lakeland,1327,1442,1441,1533,1613,1631,1755,1899,1969,1994,2094,2133,1989,2029,2003,2020,2057,2110,2188,2210
North West,E08000001,Bolton,3077,3224,3351,3600,3691,3768,3845,4075,4203,4374,4600,4653,4398,4504,4509,4573,4663,4806,4840,4884
North West,E08000002,Bury,1981,2089,2187,2365,2416,2493,2539,2673,2752,2852,2991,3006,2831,2881,2869,2906,2956,3081,3209,3237
North West,E08000003,Manchester,3160,3425,3731,4089,4266,4570,4767,5118,5652,6031,6449,6623,6346,6573,6839,6905,7140,7572,8002,8352
North West,E08000004,Oldham ,2318,2428,2538,2725,2788,2848,2884,3063,3156,3307,3468,3502,3277,3367,3366,3415,3491,3634,3795,3848
North West,E08000005,Rochdale,2150,2259,2387,2599,2661,2724,2776,2947,3034,3155,3326,3349,3142,3211,3226,3277,3334,3464,3606,3638
North West,E08000006,Salford,3147,3273,3379,3561,3580,3649,3777,3982,4201,4372,4592,4750,4508,4570,4667,4735,4882,5067,5465,5661
North West,E08000007,Stockport,3470,3631,3829,4079,4156,4232,4378,4489,4646,4787,5030,5117,4838,4920,4991,5014,5145,5376,5590,5736
North West,E08000008,Tameside,2464,2568,2705,2876,2919,2995,3096,3227,3422,3560,3753,3840,3634,3714,3779,3784,3887,4032,4179,4289
North West,E08000009,Trafford,3229,3394,3522,3721,3798,3904,3982,4137,4300,4441,4663,4752,4470,4532,4611,4632,4790,4958,5263,5403
North West,E08000010,Wigan,3666,3820,3976,4280,4352,4419,4551,4781,4918,5130,5375,5443,5124,5249,5249,5294,5390,5559,5602,5631
North West,E07000117,Burnley,884,932,950,1009,1034,1038,1074,1133,1190,1244,1335,1365,1277,1298,1297,1287,1280,1337,1393,1416
North West,E07000118,Chorley,1199,1258,1298,1412,1460,1531,1601,1708,1779,1831,1943,2014,1900,1936,1957,1973,1997,2099,2234,2300
North West,E07000119,Fylde,925,966,985,1071,1100,1143,1198,1267,1300,1342,1422,1450,1358,1376,1356,1351,1363,1424,1493,1496
North West,E07000120,Hyndburn,779,818,848,909,938,970,991,1064,1123,1160,1249,1274,1194,1219,1210,1196,1195,1230,1290,1318
North West,E07000121,Lancaster,1442,1518,1571,1685,1742,1821,1911,2055,2141,2201,2342,2389,2254,2312,2305,2318,2341,2402,2459,2553
North West,E07000122,Pendle,846,886,914,989,1033,1054,1094,1151,1212,1272,1372,1405,1321,1344,1338,1328,1331,1374,1438,1465
North West,E07000123,Preston,1656,1727,1753,1859,1929,1994,2090,2252,2394,2483,2644,2701,2550,2582,2597,2608,2601,2683,2807,2802
North West,E07000124,Ribble Valley,688,721,751,798,835,868,916,979,1003,1029,1093,1120,1028,1048,1051,1040,1053,1100,1154,1158
North West,E07000125,Rossendale,655,692,706,759,783,814,857,911,960,985,1064,1091,1041,1064,1064,1050,1063,1103,1162,1178
North West,E07000126,South Ribble,1311,1381,1412,1509,1571,1633,1696,1803,1851,1907,2030,2080,1968,1988,1986,1954,1967,2042,2129,2117
North West,E07000127,West Lancashire,1307,1362,1401,1508,1561,1614,1682,1788,1852,1910,2036,2077,1953,1973,1975,1974,1983,2082,2202,2264
North West,E07000128,Wyre,1113,1167,1193,1297,1352,1421,1480,1574,1632,1680,1787,1820,1703,1718,1703,1686,1695,1741,1785,1837
North West,E08000011,Knowsley ,1356,1436,1491,1627,1715,1766,1802,1927,2056,2094,2231,2279,2159,2166,2172,2184,2230,2284,2430,2481
North West,E08000012,Liverpool,4036,4161,4380,4669,4775,4966,5234,5485,5744,6172,6456,6423,6209,6456,6514,6728,6912,7187,7529,7811
North West,E08000014,Sefton,3601,3755,3796,3871,3903,3975,4077,4314,4435,4447,4620,4769,4645,4675,4615,4667,4773,4867,5043,4998
North West,E08000013,St. Helens,1661,1732,1813,1946,2043,2105,2145,2303,2450,2500,2668,2715,2578,2600,2592,2618,2667,2746,2911,2981
North West,E08000015,Wirral,3545,3712,3826,4239,4433,4635,4824,5009,5096,5070,5440,5620,5316,5451,5455,5497,5602,5794,5927,5984
Yorkshire and The Humber,E06000011,East Riding of Yorkshire,3821,3988,4267,4456,4570,4863,5115,5530,5821,6074,6419,6491,5986,6044,6153,6185,6220,6363,6645,6812
Yorkshire and The Humber,E06000010,"Kingston upon Hull, City of",2198,2357,2445,2672,2753,2813,2830,2983,3146,3190,3294,3378,3198,3289,3350,3358,3435,3588,3636,3826
Yorkshire and The Humber,E06000012,North East Lincolnshire,1700,1787,1825,1934,2004,2035,2137,2227,2275,2380,2570,2569,2398,2412,2483,2456,2503,2575,2608,2657
Yorkshire and The Humber,E06000013,North Lincolnshire,1668,1767,1787,1921,1988,2036,2170,2279,2345,2458,2662,2691,2503,2518,2589,2577,2632,2702,2752,2824
Yorkshire and The Humber,E06000014,York,2194,2434,2612,2808,2983,3125,3127,3249,3325,3494,3759,3783,3598,3637,3694,3852,3950,4211,4366,4502
Yorkshire and The Humber,E07000163,Craven,715,778,774,812,837,881,917,976,1053,1117,1170,1201,1134,1120,1129,1155,1149,1157,1214,1251
Yorkshire and The Humber,E07000164,Hambleton,1165,1266,1255,1318,1375,1432,1488,1582,1676,1779,1870,1934,1826,1813,1845,1888,1889,1889,1980,2027
Yorkshire and The Humber,E07000165,Harrogate,2055,2268,2285,2433,2524,2654,2749,2874,3070,3228,3412,3495,3318,3314,3368,3447,3467,3462,3650,3728
Yorkshire and The Humber,E07000166,Richmondshire,615,684,686,736,756,796,838,909,986,1059,1126,1170,1123,1123,1133,1174,1179,1149,1189,1257
Yorkshire and The Humber,E07000167,Ryedale,682,734,738,775,803,833,877,935,999,1049,1097,1121,1058,1041,1052,1079,1088,1098,1161,1202
Yorkshire and The Humber,E07000168,Scarborough,1425,1533,1522,1580,1613,1688,1772,1923,2054,2157,2251,2317,2194,2156,2173,2218,2209,2206,2308,2340
Yorkshire and The Humber,E07000169,Selby,1028,1111,1113,1176,1222,1291,1355,1435,1546,1640,1736,1808,1747,1724,1746,1804,1817,1829,1926,1992
Yorkshire and The Humber,E08000016,Barnsley,2190,2336,2426,2578,2662,2728,2866,3023,3190,3287,3509,3524,3303,3385,3464,3561,3682,3862,3906,4049
Yorkshire and The Humber,E08000017,Doncaster,2863,3067,3198,3413,3506,3624,3814,3990,4194,4323,4607,4637,4359,4466,4530,4626,4749,4932,4983,5156
Yorkshire and The Humber,E08000018,Rotherham ,2512,2663,2769,2949,3064,3150,3291,3425,3613,3714,3930,3929,3698,3781,3824,3921,4028,4181,4222,4358
Yorkshire and The Humber,E08000019,Sheffield,5743,6068,6276,6712,6986,7216,7416,7978,8237,8303,8590,8806,8430,8414,8478,8569,8783,9293,9491,9843
Yorkshire and The Humber,E08000032,Bradford ,5094,5296,5443,5833,5886,6096,6256,6662,6880,7140,7536,7624,7103,7151,7213,7337,7548,7887,8168,8379
Yorkshire and The Humber,E08000033,Calderdale,2177,2327,2370,2539,2614,2688,2798,2962,3126,3211,3406,3447,3213,3245,3265,3355,3428,3551,3672,3759
Yorkshire and The Humber,E08000034,Kirklees ,4413,4737,4837,5195,5343,5522,5749,6070,6386,6572,6985,7057,6624,6685,6777,6968,7128,7366,7661,7853
Yorkshire and The Humber,E08000035,Leeds ,8972,9420,9699,10539,10841,11013,11273,11759,12314,12811,13793,13953,12942,13108,13495,13443,13671,14251,14917,15539
Yorkshire and The Humber,E08000036,Wakefield,3406,3655,3741,4008,4146,4324,4496,4736,4981,5098,5419,5467,5136,5209,5111,5200,5340,5535,5669,5800
East Midlands,E06000015,Derby ,2491,2592,2638,2710,2908,2981,3112,3336,3384,3699,3824,3804,3830,3720,3627,3768,3955,4119,4287,4479
East Midlands,E06000016,Leicester,2870,2900,2982,3184,3245,3336,3406,3634,3748,4018,4239,4198,4053,4230,4306,4408,4484,4668,4859,5084
East Midlands,E06000018,Nottingham,2632,2813,2857,2972,2981,3088,3151,3255,3493,3645,3801,3883,3639,3627,3789,3862,4083,4250,4503,4527
East Midlands,E06000017,Rutland ,469,487,509,556,575,605,635,670,697,737,775,790,727,739,743,730,748,778,804,818
East Midlands,E07000032,Amber Valley,1360,1463,1534,1580,1644,1720,1857,1995,2095,2198,2299,2362,2182,2219,2335,2322,2478,2493,2643,2745
East Midlands,E07000033,Bolsover,694,741,783,832,881,934,982,1020,1068,1137,1195,1204,1121,1121,1124,1158,1188,1236,1297,1311
East Midlands,E07000034,Chesterfield,987,1046,1099,1164,1222,1302,1355,1421,1490,1587,1652,1662,1552,1555,1556,1598,1644,1689,1757,1765
East Midlands,E07000035,Derbyshire Dales,878,952,989,1009,1044,1079,1143,1217,1275,1324,1379,1405,1286,1321,1376,1367,1458,1462,1531,1577
East Midlands,E07000036,Erewash,1261,1367,1419,1459,1534,1604,1722,1849,1943,2012,2097,2158,2004,2038,2153,2142,2283,2312,2447,2538
East Midlands,E07000037,High Peak,1068,1147,1190,1234,1293,1343,1437,1537,1610,1684,1765,1814,1672,1685,1783,1771,1876,1885,1992,2063
East Midlands,E07000038,North East Derbyshire,1000,1058,1121,1178,1223,1297,1338,1382,1444,1524,1585,1586,1477,1464,1472,1505,1537,1576,1641,1661
East Midlands,E07000039,South Derbyshire,960,1049,1106,1145,1192,1276,1400,1500,1600,1683,1773,1837,1713,1751,1861,1869,2007,2050,2184,2279
East Midlands,E07000129,Blaby,1207,1261,1308,1402,1458,1520,1604,1691,1748,1829,1919,1922,1806,1826,1861,1859,1883,1953,2018,2066
East Midlands,E07000130,Charnwood,2092,2166,2246,2382,2479,2589,2726,2919,3036,3183,3360,3403,3236,3318,3393,3443,3493,3646,3809,3895
East Midlands,E07000131,Harborough,1019,1079,1127,1223,1277,1346,1418,1489,1557,1636,1734,1744,1638,1683,1711,1722,1751,1823,1901,1933
East Midlands,E07000132,Hinckley and Bosworth,1363,1415,1466,1554,1619,1677,1766,1879,1969,2060,2155,2166,2038,2051,2083,2074,2096,2178,2260,2295
East Midlands,E07000133,Melton,634,654,692,740,766,807,844,897,924,965,1017,1015,958,977,1000,1003,1005,1035,1060,1065
East Midlands,E07000134,North West Leicestershire,1131,1182,1222,1311,1362,1433,1518,1624,1694,1780,1883,1899,1778,1809,1835,1827,1871,1946,2037,2079
East Midlands,E07000135,Oadby and Wigston,741,762,795,844,869,909,965,1031,1056,1106,1157,1149,1060,1063,1101,1094,1100,1128,1163,1166
East Midlands,E07000136,Boston,631,671,679,729,760,759,830,897,946,990,1064,1115,1056,1091,1113,1102,1141,1191,1195,1206
East Midlands,E07000137,East Lindsey,1449,1535,1589,1730,1782,1778,1926,2069,2178,2238,2355,2415,2212,2235,2254,2216,2262,2352,2350,2338
East Midlands,E07000138,Lincoln,968,1024,1058,1144,1188,1191,1317,1430,1530,1591,1684,1739,1637,1691,1747,1767,1819,1889,1900,1914
East Midlands,E07000139,North Kesteven,1038,1100,1164,1275,1334,1349,1489,1577,1666,1734,1850,1935,1793,1834,1881,1875,1921,2019,2037,2059
East Midlands,E07000140,South Holland,852,913,940,1037,1067,1059,1166,1242,1320,1378,1475,1534,1431,1475,1504,1493,1533,1612,1624,1641
East Midlands,E07000141,South Kesteven,1485,1581,1626,1741,1803,1787,1936,2050,2153,2225,2357,2441,2262,2321,2369,2366,2430,2551,2557,2575
East Midlands,E07000142,West Lindsey,925,979,996,1068,1103,1115,1223,1324,1394,1450,1547,1603,1489,1529,1552,1533,1588,1657,1665,1662
East Midlands,E07000150,Corby,643,672,682,734,756,745,817,879,960,1033,1139,1183,1112,1134,1182,1229,1291,1348,1448,1484
East Midlands,E07000151,Daventry,950,1023,1045,1160,1222,1207,1303,1381,1467,1560,1685,1697,1559,1566,1655,1668,1714,1789,1872,1971
East Midlands,E07000152,East Northamptonshire,926,993,1026,1124,1177,1174,1301,1389,1489,1589,1710,1748,1612,1611,1650,1672,1732,1792,1914,1959
East Midlands,E07000153,Kettering,1018,1077,1102,1192,1238,1230,1354,1457,1561,1669,1817,1857,1726,1728,1771,1823,1885,1965,2080,2122
East Midlands,E07000154,Northampton,2647,2782,2836,3079,3178,3118,3364,3576,3828,4105,4465,4545,4204,4254,4577,4654,4793,5033,5263,5496
East Midlands,E07000155,South Northamptonshire,1098,1150,1200,1338,1393,1383,1485,1565,1673,1779,1914,1926,1740,1753,1843,1873,1939,2037,2131,2207
East Midlands,E07000156,Wellingborough,881,921,957,1043,1083,1067,1157,1227,1321,1392,1486,1511,1394,1386,1413,1442,1470,1521,1619,1648
East Midlands,E07000170,Ashfield,1136,1240,1283,1377,1423,1511,1576,1708,1775,1832,1970,2001,1897,1903,1912,1913,1958,2053,2152,2202
East Midlands,E07000171,Bassetlaw,1120,1214,1260,1349,1390,1472,1528,1657,1717,1762,1885,1920,1825,1816,1803,1794,1823,1894,1974,2009
East Midlands,E07000172,Broxtowe,1458,1541,1600,1667,1697,1783,1889,2006,2073,2168,2316,2413,2244,2226,2231,2311,2303,2416,2511,2603
East Midlands,E07000173,Gedling,1490,1592,1641,1712,1747,1835,1924,2042,2100,2198,2352,2443,2281,2280,2291,2356,2364,2502,2594,2686
East Midlands,E07000174,Mansfield,1030,1111,1141,1207,1232,1300,1370,1481,1546,1601,1734,1778,1694,1690,1679,1677,1708,1781,1862,1907
East Midlands,E07000175,Newark and Sherwood,1112,1224,1247,1341,1385,1469,1548,1666,1721,1776,1910,1956,1856,1849,1840,1850,1892,1968,2057,2106
East Midlands,E07000176,Rushcliffe,1444,1560,1628,1740,1776,1854,1940,2048,2110,2208,2369,2470,2289,2312,2303,2372,2390,2525,2643,2749
West Midlands,E06000019,"Herefordshire, County of",2006,2137,2151,2380,2497,2594,2625,2884,3024,3249,3389,3519,3226,3303,3359,3425,3590,3677,3820,3872
West Midlands,E06000051,Shropshire,3455,3783,3823,4010,4132,4310,4502,4860,5068,5402,5722,6090,5701,5704,5734,5760,5817,6045,6398,6506
West Midlands,E06000021,Stoke-on-Trent,2337,2366,2505,2662,2628,2655,2763,2865,3100,3197,3437,3459,3227,3296,3436,3505,3592,3700,3787,3925
West Midlands,E06000020,Telford and Wrekin,1799,1930,1972,2019,2056,2169,2283,2451,2490,2617,2748,2788,2602,2620,2709,2805,2894,3005,3035,3188
West Midlands,E07000192,Cannock Chase,1110,1200,1230,1314,1380,1447,1505,1552,1645,1721,1818,1864,1749,1753,1749,1780,1836,1899,1982,2045
West Midlands,E07000193,East Staffordshire,1223,1330,1360,1463,1543,1606,1678,1749,1840,1943,2077,2144,2018,2040,2041,2072,2147,2228,2338,2418
West Midlands,E07000194,Lichfield,1209,1295,1329,1418,1467,1535,1589,1634,1711,1800,1900,1960,1806,1825,1801,1827,1882,1951,2047,2109
West Midlands,E07000195,Newcastle-under-Lyme,1472,1564,1612,1726,1786,1855,1928,1992,2106,2206,2326,2371,2205,2205,2199,2235,2333,2414,2540,2648
West Midlands,E07000196,South Staffordshire,1346,1437,1479,1586,1652,1730,1770,1790,1867,1948,2055,2098,1940,1955,1934,1964,2055,2121,2211,2281
West Midlands,E07000197,Stafford,1547,1635,1666,1780,1846,1925,2012,2068,2176,2297,2435,2518,2337,2358,2359,2397,2478,2549,2664,2779
West Midlands,E07000198,Staffordshire Moorlands,1152,1242,1276,1369,1429,1475,1520,1577,1650,1733,1821,1862,1715,1720,1702,1716,1764,1824,1909,1962
West Midlands,E07000199,Tamworth,903,980,1008,1085,1147,1183,1226,1258,1321,1385,1457,1493,1398,1395,1382,1401,1445,1483,1546,1595
West Midlands,E07000218,North Warwickshire,871,925,943,1020,1057,1089,1122,1189,1237,1266,1330,1362,1271,1257,1263,1313,1350,1412,1496,1557
West Midlands,E07000219,Nuneaton and Bedworth,1628,1718,1753,1896,1987,2044,2136,2275,2368,2451,2612,2687,2516,2511,2551,2655,2744,2859,2995,3132
West Midlands,E07000220,Rugby,1194,1273,1301,1422,1503,1578,1616,1732,1807,1899,2044,2130,1995,2022,2065,2154,2243,2381,2522,2631
West Midlands,E07000221,Stratford-on-Avon,1673,1792,1847,1986,2061,2106,2161,2251,2355,2442,2606,2694,2466,2481,2517,2616,2685,2803,2971,3097
West Midlands,E07000222,Warwick,1788,1924,1984,2186,2302,2421,2527,2693,2823,2923,3119,3220,2997,3001,3013,3147,3243,3412,3575,3741
West Midlands,E08000025,Birmingham,10205,10833,11073,11851,12244,12483,12612,13224,13646,14141,14927,15073,14118,14605,14749,15016,15425,16475,16895,17513
West Midlands,E08000026,Coventry,3326,3518,3636,3947,4117,4143,4120,4354,4414,4523,4826,4845,4573,4784,4789,4876,5022,5356,5599,5822
West Midlands,E08000027,Dudley ,3529,3723,3799,3977,4113,4173,4203,4428,4580,4694,4886,4955,4673,4831,4917,5061,5080,5293,5392,5554
West Midlands,E08000028,Sandwell ,2755,2907,2960,3129,3228,3299,3342,3506,3653,3748,3926,3971,3718,3872,3953,4088,4152,4343,4580,4560
West Midlands,E08000029,Solihull,3088,3257,3329,3564,3841,3935,4019,4258,4427,4449,4646,4642,4268,4346,4577,4629,4905,5035,5303,5495
West Midlands,E08000030,Walsall,2701,2876,2946,3057,3027,3140,3187,3332,3392,3451,3596,3653,3423,3487,3550,3631,3684,3885,4011,4105
West Midlands,E08000031,Wolverhampton,2561,2710,2793,2896,2896,2986,3029,3146,3223,3287,3444,3491,3273,3325,3385,3449,3442,3590,3671,3848
West Midlands,E07000234,Bromsgrove,1202,1303,1315,1411,1474,1534,1572,1682,1806,1901,1951,1974,1816,1807,1822,1863,1910,2000,2099,2156
West Midlands,E07000235,Malvern Hills,973,1056,1060,1122,1170,1226,1245,1327,1420,1489,1529,1526,1393,1398,1408,1424,1467,1529,1592,1627
West Midlands,E07000236,Redditch,1015,1104,1126,1202,1254,1301,1354,1475,1582,1675,1728,1747,1637,1630,1639,1664,1705,1758,1831,1866
West Midlands,E07000237,Worcester,1200,1331,1350,1439,1505,1567,1619,1744,1878,1985,2049,2078,1943,1937,1973,2032,2093,2168,2270,2338
West Midlands,E07000238,Wychavon,1477,1604,1636,1778,1878,1923,1973,2108,2257,2359,2436,2432,2237,2234,2250,2286,2352,2470,2606,2685
West Midlands,E07000239,Wyre Forest,1283,1388,1395,1471,1529,1581,1637,1757,1888,1963,2011,2013,1853,1827,1828,1850,1897,1963,2053,2093
East of England,E06000055,Bedford,1956,2045,2128,2317,2392,2527,2612,2754,2864,2974,3150,3264,3117,3197,3246,3279,3387,3578,3825,3970
East of England,E06000056,Central Bedfordshire,3523,3691,3860,4200,4365,4598,4750,4982,5191,5375,5679,5904,5609,5750,5846,5958,6309,6584,6843,7119
East of England,E06000032,Luton,2168,2156,2244,2425,2525,2579,2652,2729,2855,2943,3060,3105,3006,3072,3119,3199,3252,3458,3534,3737
East of England,E06000031,Peterborough,1879,2015,2164,2368,2459,2491,2533,2638,2735,2963,3194,3268,3024,3114,3116,3125,3272,3509,3757,3869
East of England,E06000033,Southend-on-Sea,2148,2247,2355,2525,2607,2635,2737,2835,2926,3035,3244,3287,3130,3198,3239,3284,3424,3579,3831,4022
East of England,E06000034,Thurrock,1739,1842,1881,2017,2127,2219,2311,2498,2655,2784,2934,3052,2922,2953,2915,2942,3059,3280,3375,3517
East of England,E07000008,Cambridge,1628,1765,1893,2059,2108,2192,2269,2452,2765,2865,2949,2997,2902,2976,3033,3116,3269,3488,3669,3778
East of England,E07000009,East Cambridgeshire,946,1059,1116,1228,1264,1334,1403,1481,1610,1700,1806,1850,1797,1802,1806,1875,1956,2094,2184,2257
East of England,E07000010,Fenland,1047,1138,1204,1303,1336,1424,1484,1626,1765,1877,2003,2050,1972,1965,1963,2023,2111,2246,2355,2444
East of England,E07000011,Huntingdonshire,2158,2316,2459,2667,2716,2859,2934,3207,3450,3610,3783,3861,3692,3683,3686,3817,3971,4230,4408,4563
East of England,E07000012,South Cambridgeshire,1851,2000,2118,2279,2365,2474,2528,2723,2956,3115,3296,3381,3247,3261,3305,3409,3532,3771,3971,4143
East of England,E07000066,Basildon,2226,2368,2506,2672,2828,2921,2991,3160,3315,3424,3600,3731,3618,3599,3659,3728,3803,3890,4118,4318
East of England,E07000067,Braintree,1546,1686,1809,1973,2085,2202,2263,2429,2561,2648,2800,2907,2807,2795,2864,2894,2971,3020,3127,3239
East of England,E07000068,Brentwood,1248,1291,1343,1421,1455,1469,1508,1575,1649,1696,1766,1846,1795,1782,1815,1850,1924,2017,2101,2157
East of England,E07000069,Castle Point,1227,1294,1352,1437,1512,1550,1591,1655,1721,1752,1841,1893,1813,1788,1802,1810,1833,1860,1961,2040
East of England,E07000070,Chelmsford,2746,2874,3005,3184,3343,3432,3523,3708,3859,3955,4143,4272,4115,4083,4141,4195,4351,4485,4667,4784
East of England,E07000071,Colchester,1921,2043,2180,2337,2475,2560,2632,2820,3013,3118,3303,3418,3337,3357,3461,3547,3664,3743,3957,4154
East of England,E07000072,Epping Forest,2006,2126,2231,2375,2465,2508,2555,2672,2810,2895,3037,3160,2975,2943,2994,3065,3167,3306,3652,3763
East of England,E07000073,Harlow,1171,1262,1309,1419,1484,1509,1526,1627,1727,1772,1871,1941,1860,1836,1885,1927,1985,2067,2292,2371
East of England,E07000074,Maldon,976,1048,1102,1194,1249,1270,1286,1343,1398,1436,1499,1561,1477,1454,1469,1475,1527,1577,1625,1661
East of England,E07000075,Rochford,1085,1149,1211,1299,1372,1412,1453,1527,1603,1649,1746,1810,1731,1722,1735,1755,1776,1812,1917,2002
East of England,E07000076,Tendring,1512,1633,1726,1879,1989,2062,2127,2251,2349,2408,2531,2595,2451,2406,2426,2434,2500,2540,2647,2744
East of England,E07000077,Uttlesford,1156,1223,1274,1375,1420,1447,1471,1568,1661,1714,1809,1896,1828,1837,1899,1963,2038,2122,2352,2431
East of England,E07000095,Broxbourne,1397,1517,1552,1740,1824,1826,1906,2000,2100,2206,2387,2447,2390,2339,2354,2457,2593,2693,2851,2919
East of England,E07000096,Dacorum,2264,2454,2483,2767,2871,2865,2991,3151,3281,3437,3680,3782,3711,3650,3689,3844,4072,4259,4529,4638
East of England,E07000242,East Hertfordshire,2198,2377,2413,2668,2795,2801,2910,3060,3193,3343,3586,3687,3602,3526,3576,3710,3943,4116,4375,4491
East of England,E07000098,Hertsmere,1547,1698,1734,1907,1994,1984,2068,2163,2258,2373,2555,2632,2573,2540,2557,2653,2803,2952,3111,3167
East of England,E07000099,North Hertfordshire,1869,2027,2050,2307,2413,2413,2559,2704,2823,2990,3200,3288,3206,3151,3184,3308,3484,3649,3855,3955
East of England,E07000240,St Albans,2288,2453,2499,2785,2876,2879,2991,3110,3253,3418,3669,3770,3700,3670,3706,3853,4052,4279,4519,4608
East of England,E07000243,Stevenage,1218,1313,1341,1504,1589,1605,1684,1779,1860,1943,2088,2148,2114,2072,2109,2189,2320,2413,2559,2622
East of England,E07000102,Three Rivers,1402,1508,1547,1705,1777,1762,1844,1938,2025,2107,2275,2332,2277,2256,2258,2365,2513,2614,2793,2861
East of England,E07000103,Watford,1332,1457,1475,1646,1720,1708,1798,1905,2013,2095,2264,2357,2327,2322,2374,2487,2667,2797,2969,3035
East of England,E07000241,Welwyn Hatfield,1552,1668,1712,1900,1981,2005,2127,2281,2441,2605,2824,2904,2859,2821,2864,2969,3177,3337,3593,3789
East of England,E07000143,Breckland,1357,1439,1472,1615,1697,1732,1785,1897,2003,2054,2222,2300,2165,2172,2241,2308,2332,2392,2486,2523
East of England,E07000144,Broadland,1427,1512,1530,1648,1715,1753,1784,1865,1935,1961,2105,2156,2032,2051,2097,2146,2180,2239,2365,2428
East of England,E07000145,Great Yarmouth,1042,1092,1108,1185,1235,1255,1297,1380,1435,1450,1561,1613,1546,1556,1599,1633,1655,1689,1780,1820
East of England,E07000146,King’s Lynn and West Norfolk,1395,1469,1496,1634,1723,1773,1838,1971,2090,2136,2320,2421,2315,2341,2417,2478,2533,2597,2647,2715
East of England,E07000147,North Norfolk,1030,1088,1102,1195,1259,1304,1338,1411,1486,1499,1610,1679,1556,1568,1620,1655,1690,1737,1775,1814
East of England,E07000148,Norwich,1439,1504,1527,1657,1744,1795,1848,1954,2060,2111,2263,2341,2259,2314,2392,2485,2552,2632,2800,2911
East of England,E07000149,South Norfolk,1314,1382,1412,1534,1609,1659,1706,1809,1892,1931,2079,2158,2051,2087,2164,2236,2268,2341,2449,2500
East of England,E07000200,Babergh,1017,1056,1094,1210,1273,1315,1364,1444,1514,1535,1623,1695,1605,1628,1621,1643,1661,1731,1811,1872
East of England,E07000201,Forest Heath,791,790,813,903,863,884,936,993,1052,1043,1104,1161,1100,1126,1154,1170,1175,1260,1326,1353
East of England,E07000202,Ipswich,1344,1420,1462,1626,1723,1767,1861,2021,2181,2214,2369,2527,2444,2520,2555,2623,2665,2764,2908,3010
East of England,E07000203,Mid Suffolk,1037,1083,1133,1268,1326,1371,1421,1523,1611,1630,1758,1858,1770,1798,1801,1837,1865,1944,2047,2116
East of England,E07000204,St Edmundsbury,1171,1263,1284,1433,1518,1564,1636,1747,1843,1878,2007,2123,2023,2072,2095,2122,2152,2240,2354,2416
East of England,E07000205,Suffolk Coastal,1442,1494,1515,1673,1750,1786,1855,1983,2095,2125,2289,2425,2272,2311,2309,2322,2360,2454,2571,2655
East of England,E07000206,Waveney,1266,1315,1352,1507,1595,1631,1721,1845,1945,1950,2074,2175,2049,2053,2034,2063,2092,2145,2249,2312
London,E09000007,Camden,3623,4131,4677,5679,5823,5740,5972,6826,7975,8986,10208,10833,10252,10121,10027,10869,12180,12432,13710,14317
London,E09000001,City of London,123,147,182,225,243,235,246,272,314,359,432,434,414,398,392,372,383,394,470,496
London,E09000012,Hackney ,1217,1451,1736,2172,2346,2430,2620,2914,3359,3891,4383,4539,4449,4685,4864,5144,5454,5802,6254,6643
London,E09000013,Hammersmith and Fulham ,5924,6395,6881,7664,7808,7659,7835,8475,9289,10344,11657,12229,11771,11630,11457,11964,13337,14170,14578,14648
London,E09000014,Haringey,4027,4267,4561,5011,5177,5276,5420,5787,6224,6790,7419,7664,7350,7646,7765,8113,8487,9009,9453,9592
London,E09000019,Islington,3271,3550,3759,4195,4325,4367,4486,4750,5158,5651,6257,6447,6150,6430,6666,7058,7506,8058,8585,8775
London,E09000020,Kensington and Chelsea,5951,6334,6754,7694,7938,7729,7952,8590,9444,10230,11343,11955,11054,10809,10519,11140,12396,13421,13759,13583
London,E09000022,Lambeth ,3448,3778,4129,4730,4896,4927,5115,5510,6030,6638,7371,7547,7192,7563,7793,8180,8659,9213,10245,10440
London,E09000023,Lewisham ,2836,3112,3372,3843,4021,4072,4288,4621,5065,5597,6136,6281,5948,6324,6389,6681,7104,7693,8228,8467
London,E09000025,Newham ,1439,1691,1981,2486,2721,2887,3156,3459,3905,4475,5087,5302,5117,5555,5819,6078,6334,6663,7269,7796
London,E09000028,Southwark,2766,3046,3390,3950,4137,4159,4388,4776,5319,5926,6563,6696,6438,6905,7013,7345,7854,8455,9032,9241
London,E09000030,Tower Hamlets,3137,3399,3634,4074,4272,4354,4533,4868,5282,5821,6438,6637,6510,6836,7008,7348,7908,8526,9319,9704
London,E09000032,Wandsworth,4161,4695,5446,6617,6920,6860,7167,8050,9446,10788,12508,12878,12454,12428,12126,12765,13929,15291,16080,16828
London,E09000033,Westminster,4686,5137,5821,6829,7132,7071,7377,8259,9526,10623,12014,12487,11740,11572,11450,12374,13747,14805,16105,16489
London,E09000002,Barking and Dagenham,1853,2040,2102,2301,2489,2582,2714,2843,2952,3071,3350,3516,3310,3462,3553,3720,3866,4106,4383,4746
London,E09000003,Barnet,4614,5050,5368,5958,6241,6475,6835,7229,7825,8310,9012,9291,8634,8870,9114,9834,10318,11103,12269,12597
London,E09000004,Bexley,3586,3775,3836,4045,4240,4283,4454,4615,4762,4917,5262,5416,5036,5148,5168,5272,5498,5791,6169,6401
London,E09000005,Brent ,3122,3444,3715,4158,4434,4619,4829,5078,5552,5887,6485,6751,6413,6586,6840,7329,7773,8298,8913,9215
London,E09000006,Bromley,4918,5322,5571,6105,6359,6483,6870,7372,7796,8134,8753,8835,8095,8310,8508,8865,9354,9933,10630,10938
London,E09000008,Croydon,3899,4218,4483,5066,5368,5556,5958,6430,6864,7219,7905,8039,7341,7622,7896,8250,8596,8865,9368,9848
London,E09000009,Ealing,4925,5343,5652,6098,6413,6605,6867,7193,7614,7940,8516,8817,8310,8539,8769,9290,9821,10563,11190,11622
London,E09000010,Enfield,3458,3717,3819,4194,4469,4591,4836,5100,5363,5631,6213,6482,5966,6111,6231,6536,6713,7159,7761,8085
London,E09000011,Greenwich,3417,3623,3714,3980,4242,4384,4598,4825,5064,5302,5690,5926,5620,5822,5966,6172,6486,6876,7352,7662
London,E09000015,Harrow,2842,3092,3297,3613,3844,4020,4271,4514,4885,5083,5533,5703,5252,5460,5575,5908,6196,6467,6846,7087
London,E09000016,Havering,2919,3098,3176,3423,3608,3680,3890,4066,4243,4418,4794,4959,4537,4657,4699,4873,5015,5238,5573,5971
London,E09000017,Hillingdon,3220,3516,3749,4098,4315,4507,4760,5040,5416,5686,6142,6360,5910,6087,6274,6720,7148,7523,8078,8422
London,E09000018,Hounslow,4828,5192,5351,5709,5927,6037,6227,6518,6920,7299,7824,8135,7769,7957,8219,8663,9186,9629,10372,10958
London,E09000021,Kingston upon Thames,2637,2868,3036,3336,3472,3543,3718,4001,4221,4401,4762,4836,4426,4554,4658,4917,5192,5377,5781,6051
London,E09000024,Merton,3351,3582,3782,4183,4379,4434,4613,4923,5208,5448,5889,5986,5537,5711,5842,6043,6380,6583,6984,7262
London,E09000026,Redbridge,3250,3450,3574,3878,4152,4291,4545,4787,5036,5277,5717,5944,5474,5646,5773,6097,6295,6654,7189,7557
London,E09000027,Richmond upon Thames,4239,4488,4694,5007,5134,5186,5390,5638,5923,6174,6548,6686,6197,6239,6397,6677,7134,7509,8073,8490
London,E09000029,Sutton,3143,3359,3478,3815,3931,3998,4194,4464,4726,4921,5305,5393,4973,5117,5232,5459,5750,5920,6329,6591
London,E09000031,Waltham Forest,2990,3206,3265,3527,3793,3924,4094,4295,4515,4777,5237,5474,5117,5331,5459,5725,5942,6295,6719,7086
South East,E06000036,Bracknell Forest,1908,2018,2063,2256,2274,2334,2392,2474,2597,2744,2964,3049,2835,2861,2938,3052,3212,3333,3486,3649
South East,E06000043,Brighton and Hove,3378,3585,3740,4101,4313,4496,4586,4866,5232,5421,5769,6129,5715,5835,6013,6129,6309,6538,6931,7032
South East,E06000046,Isle of Wight,1365,1456,1490,1599,1687,1766,1826,1962,2060,2200,2322,2414,2193,2236,2262,2177,2237,2291,2340,2312
South East,E06000035,Medway,3273,3375,3473,3774,3885,4003,4089,4314,4463,4629,5021,5170,4897,4877,5010,5102,5125,5370,5651,5833
South East,E06000042,Milton Keynes,2855,3081,3240,3541,3739,4000,4073,4341,4654,4969,5275,5534,5138,5384,5488,5549,5672,5923,6226,6602
South East,E06000044,Portsmouth,2055,2119,2201,2497,2482,2636,2676,2746,2858,2901,3051,3167,3055,3139,3171,3105,3200,3345,3507,3636
South East,E06000038,Reading,2439,2616,2676,2988,3034,3115,3197,3354,3571,3785,4114,4256,3921,3958,4073,4219,4436,4599,4796,5048
South East,E06000039,Slough,1931,2078,2115,2352,2417,2490,2568,2680,2864,3062,3362,3537,3340,3410,3563,3677,3855,3982,4161,4386
South East,E06000045,Southampton,2553,2665,2645,2845,2985,3104,3156,3354,3417,3634,3876,4019,3724,3796,3858,3871,3979,4158,4397,4407
South East,E06000037,West Berkshire,2516,2650,2724,2964,2997,3050,3128,3273,3459,3675,3981,4124,3815,3812,3898,3991,4161,4272,4456,4674
South East,E06000040,Windsor and Maidenhead,2509,2627,2650,2907,2908,2952,3019,3115,3319,3504,3783,3929,3645,3658,3781,3883,4034,4224,4407,4628
South East,E06000041,Wokingham,2709,2887,2955,3246,3256,3313,3377,3496,3646,3817,4122,4202,3895,3890,3986,4105,4277,4457,4700,4936
South East,E07000004,Aylesbury Vale,2840,3026,3189,3494,3744,3797,3815,4019,4204,4595,4854,5026,4762,4841,4967,5011,5236,5610,6069,6217
South East,E07000005,Chiltern,1771,1855,1899,2026,2128,2122,2138,2259,2326,2558,2675,2817,2607,2605,2634,2648,2717,2909,3103,3130
South East,E07000006,South Bucks,1203,1268,1299,1402,1467,1469,1487,1577,1657,1818,1940,2019,1889,1941,1967,1961,2026,2201,2332,2352
South East,E07000007,Wycombe,2970,3123,3249,3518,3715,3765,3802,4009,4202,4564,4802,4985,4712,4782,4883,4913,5062,5333,5683,5676
South East,E07000061,Eastbourne,1115,1168,1217,1321,1368,1408,1476,1590,1692,1804,1983,2076,1905,1995,1985,2008,2137,2191,2261,2293
South East,E07000062,Hastings,1055,1097,1161,1250,1295,1335,1386,1488,1561,1661,1822,1897,1779,1850,1845,1876,2002,2034,2091,2129
South East,E07000063,Lewes,1183,1235,1303,1409,1469,1491,1526,1624,1693,1793,1968,2057,1901,1986,1994,2028,2165,2214,2290,2317
South East,E07000064,Rother,1114,1157,1192,1270,1298,1322,1368,1445,1513,1605,1763,1857,1697,1764,1751,1770,1882,1929,1997,2016
South East,E07000065,Wealden,1911,2040,2099,2236,2286,2317,2385,2523,2635,2802,3035,3167,2885,3044,3025,3092,3307,3396,3533,3575
South East,E07000084,Basingstoke and Deane,2629,2767,2834,3072,3163,3267,3332,3544,3664,3793,4039,4201,4013,4071,4155,4332,4501,4673,4849,4928
South East,E07000085,East Hampshire,1736,1829,1909,2061,2147,2222,2252,2391,2511,2620,2786,2913,2732,2772,2823,2888,2992,3115,3274,3345
South East,E07000086,Eastleigh,1475,1562,1653,1808,1903,2008,2051,2193,2306,2409,2575,2670,2537,2592,2656,2760,2849,2959,2994,3083
South East,E07000087,Fareham,1404,1497,1539,1676,1769,1858,1887,2000,2059,2142,2285,2377,2242,2269,2311,2409,2480,2585,2631,2708
South East,E07000088,Gosport,945,1001,1024,1119,1182,1250,1299,1398,1462,1535,1643,1715,1628,1637,1661,1725,1776,1853,1885,1953
South East,E07000089,Hart,1572,1639,1645,1773,1817,1875,1896,2021,2092,2181,2318,2413,2255,2257,2291,2369,2457,2571,2689,2725
South East,E07000090,Havant,1472,1559,1596,1717,1801,1905,1936,2066,2152,2238,2377,2461,2327,2356,2396,2473,2562,2671,2717,2808
South East,E07000091,New Forest,2618,2750,2806,3060,3150,3280,3365,3608,3771,3947,4157,4332,4019,4021,4107,4219,4301,4462,4697,4779
South East,E07000092,Rushmoor,1503,1616,1663,1764,1850,1900,1920,2026,2100,2190,2339,2431,2295,2337,2375,2449,2541,2635,2719,2788
South East,E07000093,Test Valley,1710,1839,1859,2052,2126,2211,2258,2428,2540,2666,2835,2955,2744,2743,2804,2895,2981,3101,3285,3406
South East,E07000094,Winchester,1698,1841,1887,2075,2140,2220,2250,2434,2552,2655,2833,2987,2778,2828,2902,3013,3117,3255,3463,3555
South East,E07000105,Ashford,1432,1500,1571,1730,1815,1877,1918,2089,2219,2337,2489,2574,2420,2461,2496,2589,2708,2813,2916,2939
South East,E07000106,Canterbury,1267,1350,1447,1631,1728,1840,1916,2114,2254,2362,2562,2640,2457,2563,2635,2741,2862,3007,3146,3200
South East,E07000107,Dartford,1055,1115,1166,1271,1319,1385,1425,1532,1638,1727,1856,1935,1830,1875,1922,1985,2060,2174,2310,2387
South East,E07000108,Dover,970,1033,1089,1201,1268,1332,1382,1527,1623,1703,1841,1892,1779,1816,1842,1870,1943,2027,2077,2089
South East,E07000109,Gravesham,1149,1211,1264,1370,1428,1485,1509,1623,1708,1781,1910,1967,1864,1899,1935,1974,2043,2150,2251,2297
South East,E07000110,Maidstone,2113,2194,2252,2455,2537,2603,2660,2857,2991,3140,3345,3456,3261,3327,3381,3475,3635,3770,3949,3969
South East,E07000111,Sevenoaks,2281,2361,2388,2565,2607,2617,2645,2830,2958,3082,3225,3317,3083,3089,3159,3239,3379,3534,3764,3673
South East,E07000112,Shepway,910,965,1026,1133,1178,1251,1312,1442,1556,1639,1769,1832,1731,1768,1806,1841,1889,1949,2017,2025
South East,E07000113,Swale,1452,1527,1612,1764,1843,1939,1992,2140,2241,2341,2505,2597,2445,2503,2550,2602,2699,2825,2964,3052
South East,E07000114,Thanet,1145,1209,1282,1416,1492,1581,1631,1795,1920,2014,2165,2237,2096,2140,2180,2232,2315,2435,2512,2511
South East,E07000115,Tonbridge and Malling,2171,2250,2295,2477,2534,2598,2619,2818,2943,3088,3268,3383,3178,3237,3286,3376,3582,3737,4012,3966
South East,E07000116,Tunbridge Wells,2076,2181,2230,2405,2463,2496,2513,2703,2823,2951,3122,3260,3095,3125,3180,3247,3405,3515,3749,3692
South East,E07000177,Cherwell,1984,2103,2187,2463,2553,2647,2706,2885,3008,3293,3411,3538,3350,3304,3362,3485,3625,3815,4070,4205
South East,E07000178,Oxford,2166,2320,2430,2703,2788,2933,3058,3297,3519,3801,3891,3997,3784,3775,3886,4074,4244,4501,4759,4912
South East,E07000179,South Oxfordshire,2035,2159,2229,2467,2543,2639,2654,2794,2937,3178,3311,3385,3207,3165,3209,3338,3462,3633,3886,3994
South East,E07000180,Vale of White Horse,1793,1895,1937,2159,2258,2321,2350,2472,2602,2843,2940,3037,2840,2810,2866,2981,3082,3266,3521,3657
South East,E07000181,West Oxfordshire,1514,1580,1641,1795,1851,1915,1954,2074,2172,2391,2519,2596,2456,2426,2477,2603,2700,2812,2989,3056
South East,E07000207,Elmbridge,2462,2652,2764,3004,3073,3136,3152,3365,3644,3969,4137,4286,3953,4005,4119,4303,4487,4679,4932,4970
South East,E07000208,Epsom and Ewell,1238,1344,1389,1519,1549,1603,1627,1732,1880,2065,2174,2252,2042,2121,2212,2312,2396,2493,2656,2698
South East,E07000209,Guildford,2525,2717,2851,3091,3175,3242,3262,3453,3696,4013,4203,4306,3991,4145,4299,4523,4722,4954,5298,5427
South East,E07000210,Mole Valley,1493,1586,1650,1793,1821,1882,1896,2008,2194,2360,2474,2578,2351,2388,2463,2598,2670,2729,2883,2913
South East,E07000211,Reigate and Banstead,2209,2409,2510,2756,2840,2911,2974,3167,3426,3739,3949,4056,3762,3849,3965,4165,4307,4471,4740,4820
South East,E07000212,Runnymede,1496,1632,1704,1844,1893,1930,1952,2050,2191,2360,2489,2559,2372,2422,2494,2605,2768,2904,3080,3170
South East,E07000213,Spelthorne,1748,1870,1943,2095,2135,2185,2201,2318,2496,2717,2842,2937,2733,2782,2889,3011,3151,3271,3446,3500
South East,E07000214,Surrey Heath,1620,1739,1812,1928,1951,1998,2036,2142,2297,2498,2619,2656,2482,2527,2606,2712,2824,2936,3097,3111
South East,E07000215,Tandridge,1418,1531,1591,1729,1773,1814,1861,1951,2100,2297,2406,2469,2246,2305,2370,2467,2572,2654,2824,2845
South East,E07000216,Waverley,2276,2450,2500,2698,2762,2816,2851,3001,3202,3466,3602,3733,3445,3500,3614,3758,3895,4050,4260,4303
South East,E07000217,Woking,1710,1839,1921,2086,2133,2177,2222,2344,2559,2813,2952,3054,2847,2923,3021,3135,3261,3389,3560,3598
South East,E07000223,Adur,724,778,815,888,933,958,985,1040,1106,1167,1240,1266,1139,1177,1187,1228,1285,1352,1434,1447
South East,E07000224,Arun,1692,1821,1927,2076,2178,2243,2332,2485,2645,2770,2948,3025,2714,2808,2825,2915,3049,3184,3374,3432
South East,E07000225,Chichester,1348,1465,1551,1682,1735,1771,1832,1959,2077,2184,2286,2377,2148,2216,2262,2323,2423,2514,2689,2736
South East,E07000226,Crawley,1736,1852,1916,2039,2100,2097,2133,2248,2367,2482,2624,2712,2516,2592,2641,2712,2858,2928,3039,3070
South East,E07000227,Horsham,2236,2331,2461,2600,2649,2703,2762,2901,3038,3164,3288,3393,3107,3177,3223,3288,3432,3543,3709,3769
South East,E07000228,Mid Sussex,2364,2504,2562,2706,2771,2799,2881,3020,3156,3277,3453,3571,3288,3366,3422,3494,3690,3800,3958,4016
South East,E07000229,Worthing,1180,1270,1347,1458,1514,1568,1635,1733,1851,1960,2088,2154,1946,2027,2070,2121,2209,2326,2478,2517
South West,E06000022,Bath and North East Somerset,2364,2549,2695,2882,2931,2901,3105,3207,3384,3575,3765,3901,3612,3682,3744,3855,4061,4207,4504,4676
South West,E06000028,Bournemouth,2075,2186,2293,2492,2552,2654,2734,2889,3146,3305,3590,3668,3330,3525,3573,3664,3871,3922,4226,4275
South West,E06000023,"Bristol, City of",4814,5075,5233,5683,5932,5828,6151,6489,6823,7285,7784,7932,7516,7853,8052,8026,8366,8983,9470,9730
South West,E06000052,Cornwall,5398,5660,5653,6076,6377,6668,6892,7456,7817,8262,8683,8932,8430,8507,8621,8767,8846,9194,9419,9669
South West,E06000053,Isles of Scilly,29,30,31,35,34,35,37,38,39,46,45,44,43,41,43,45,42,42,45,45
South West,E06000024,North Somerset,2561,2770,2889,3045,3091,3051,3294,3459,3660,3910,4128,4290,3993,4017,4036,4129,4311,4464,4724,4820
South West,E06000026,Plymouth,2633,2741,2776,2998,3041,3110,3224,3408,3581,3752,3987,4107,3903,4087,4110,4052,4079,4294,4400,4300
South West,E06000029,Poole,1829,1908,1979,2116,2139,2204,2265,2376,2566,2700,2902,2961,2656,2730,2724,2752,2896,2934,3135,3155
South West,E06000025,South Gloucestershire,3389,3655,3853,4102,4178,4151,4457,4652,4904,5215,5474,5659,5295,5364,5444,5632,5909,6106,6488,6676
South West,E06000030,Swindon,2548,2788,2944,3116,3240,3360,3464,3609,3848,4056,4262,4426,4437,4314,4355,4391,4526,4712,4845,5022
South West,E06000027,Torbay,1312,1337,1367,1543,1583,1626,1678,1799,1940,1989,2081,2142,1994,1973,1995,2019,2041,2153,2210,2310
South West,E06000054,Wiltshire,6012,6257,6478,7047,7471,7796,8069,8461,8903,9386,9827,10084,9590,9676,9808,9928,10247,10743,11109,11208
South West,E07000040,East Devon,1464,1526,1533,1651,1717,1789,1833,1969,2094,2229,2361,2488,2332,2289,2300,2342,2375,2468,2588,2615
South West,E07000041,Exeter,1313,1387,1393,1503,1581,1643,1694,1829,1966,2094,2215,2319,2230,2199,2222,2307,2404,2511,2677,2744
South West,E07000042,Mid Devon,798,843,849,921,969,1011,1042,1137,1204,1286,1373,1445,1386,1354,1362,1382,1417,1453,1513,1525
South West,E07000043,North Devon,1039,1078,1091,1169,1219,1267,1322,1425,1511,1614,1698,1771,1681,1649,1652,1678,1701,1742,1813,1828
South West,E07000044,South Hams,1020,1075,1081,1153,1214,1246,1280,1361,1446,1530,1608,1693,1582,1546,1531,1552,1577,1616,1689,1689
South West,E07000045,Teignbridge,1406,1496,1487,1598,1661,1741,1793,1920,2036,2158,2262,2359,2244,2191,2177,2221,2279,2362,2472,2495
South West,E07000046,Torridge,654,700,709,770,816,854,889,965,1019,1086,1143,1197,1141,1116,1109,1138,1157,1194,1247,1261
South West,E07000047,West Devon,575,607,609,655,687,733,737,794,841,900,955,1004,949,933,932,952,966,989,1025,1032
South West,E07000048,Christchurch,572,613,625,680,703,701,740,783,800,855,898,940,860,871,896,906,934,988,1014,1027
South West,E07000049,East Dorset,1121,1208,1223,1323,1353,1378,1449,1514,1540,1644,1732,1771,1621,1624,1653,1687,1727,1803,1835,1844
South West,E07000050,North Dorset,767,821,844,930,965,1002,1062,1139,1175,1281,1363,1401,1286,1291,1324,1344,1397,1442,1464,1473
South West,E07000051,Purbeck,586,634,631,691,707,722,741,787,813,873,911,946,862,867,885,892,923,954,979,983
South West,E07000052,West Dorset,1155,1252,1279,1390,1444,1477,1576,1670,1725,1851,1945,2014,1841,1855,1908,1927,1982,2048,2070,2079
South West,E07000053,Weymouth and Portland,804,861,856,939,979,1024,1077,1133,1166,1256,1322,1357,1250,1250,1273,1287,1317,1350,1364,1359
South West,E07000078,Cheltenham,1527,1589,1652,1802,1895,1900,1894,2040,2238,2357,2465,2550,2411,2464,2517,2585,2642,2803,2873,2872
South West,E07000079,Cotswold,1169,1231,1289,1382,1404,1398,1427,1523,1649,1717,1800,1845,1722,1729,1746,1802,1863,1990,2058,2070
South West,E07000080,Forest of Dean,1073,1121,1158,1248,1301,1304,1334,1431,1560,1632,1701,1751,1621,1627,1656,1690,1735,1844,1912,1919
South West,E07000081,Gloucester,1443,1506,1571,1712,1776,1797,1842,2002,2196,2338,2486,2578,2442,2474,2539,2624,2719,2912,3015,3031
South West,E07000082,Stroud,1476,1544,1586,1713,1789,1798,1821,1961,2130,2220,2333,2399,2245,2262,2308,2362,2436,2614,2716,2716
South West,E07000083,Tewkesbury,1088,1085,1121,1227,1271,1287,1296,1388,1501,1578,1662,1709,1613,1639,1680,1730,1801,1942,2017,2045
South West,E07000187,Mendip,1277,1356,1405,1506,1560,1543,1668,1793,1855,1953,2036,2124,1985,2045,2076,2082,2113,2234,2298,2319
South West,E07000188,Sedgemoor,1289,1374,1411,1508,1549,1527,1655,1800,1866,1979,2072,2169,2031,2099,2145,2159,2205,2334,2394,2410
South West,E07000189,South Somerset,1851,1970,2031,2165,2217,2181,2382,2566,2656,2820,2939,3074,2879,2950,3009,3003,3046,3212,3276,3273
South West,E07000190,Taunton Deane,1236,1311,1347,1439,1515,1513,1645,1771,1843,1937,2019,2099,1986,2059,2089,2099,2138,2250,2315,2332
South West,E07000191,West Somerset,408,444,460,485,505,493,540,568,582,606,631,662,610,624,618,614,618,644,652,640
Wales,W06000001,Isle of Anglesey,699,747,751,763,800,844,892,980,978,1011,1091,1106,1045,1035,1061,1085,1101,1134,1158,1172
Wales,W06000002,Gwynedd,1125,1151,1207,1316,1360,1437,1488,1620,1720,1786,1866,1809,1757,1769,1788,1840,1840,1865,1948,1985
Wales,W06000003,Conwy,1183,1223,1237,1332,1415,1426,1530,1629,1713,1725,1816,1862,1716,1774,1799,1799,1809,1868,1913,1909
Wales,W06000004,Denbighshire,972,1000,1014,1107,1178,1184,1262,1346,1411,1420,1499,1545,1419,1458,1471,1465,1467,1508,1552,1552
Wales,W06000005,Flintshire,1700,1790,1856,2026,2075,2058,2238,2362,2424,2496,2596,2622,2474,2510,2571,2572,2653,2741,2846,2939
Wales,W06000006,Wrexham,1421,1484,1553,1708,1759,1758,1917,2023,2081,2157,2254,2293,2164,2212,2270,2276,2332,2403,2476,2550
Wales,W06000023,Powys,1338,1349,1428,1527,1561,1543,1685,1881,1961,2058,2218,2212,2050,2124,2080,2104,2127,2106,2112,2120
Wales,W06000008,Ceredigion,743,772,805,845,872,886,966,1020,1068,1151,1229,1243,1136,1186,1214,1215,1225,1250,1245,1264
Wales,W06000009,Pembrokeshire,1105,1128,1159,1207,1232,1286,1385,1496,1591,1708,1857,1908,1758,1809,1848,1868,1880,1955,1969,2028
Wales,W06000010,Carmarthenshire,1633,1688,1728,1779,1828,1851,2024,2171,2355,2512,2730,2803,2577,2654,2735,2738,2763,2871,2909,2998
Wales,W06000011,Swansea,2317,2425,2458,2616,2771,2742,2951,3130,3136,3284,3434,3576,3376,3364,3376,3417,3497,3696,3760,3841
Wales,W06000012,Neath Port Talbot,1442,1503,1496,1608,1651,1588,1704,1819,1884,1949,2082,2131,1960,1938,1956,2027,2080,2117,2195,2258
Wales,W06000013,Bridgend,1421,1494,1499,1612,1655,1610,1729,1834,1894,1964,2087,2139,1986,1974,1996,2079,2146,2189,2277,2360
Wales,W06000014,Vale of Glamorgan,1374,1463,1504,1592,1628,1650,1800,1917,1953,2039,2163,2226,2103,2144,2141,2098,2115,2195,2256,2308
Wales,W06000015,Cardiff,3583,3806,4000,4265,4397,4496,4892,5221,5376,5611,5992,6169,5920,6121,6183,6124,6216,6463,6693,6898
Wales,W06000016,Rhondda Cynon Taf,2143,2193,2226,2384,2552,2570,2722,2911,3048,3153,3345,3331,3108,3201,3191,3187,3372,3496,3623,3773
Wales,W06000024,Merthyr Tydfil,499,510,513,559,604,600,633,673,718,747,803,811,764,795,800,791,839,865,894,928
Wales,W06000018,Caerphilly,1671,1738,1826,1958,1989,2014,2145,2229,2288,2365,2518,2518,2322,2391,2447,2525,2627,2684,2771,2817
Wales,W06000019,Blaenau Gwent,680,689,726,771,773,773,812,854,882,905,964,963,889,916,930,955,994,1007,1043,1067
Wales,W06000020,Torfaen,884,920,962,1024,1039,1047,1119,1151,1176,1209,1282,1278,1182,1215,1239,1280,1327,1345,1395,1421
Wales,W06000021,Monmouthshire,1038,1054,1119,1250,1285,1322,1371,1420,1493,1566,1667,1671,1518,1559,1619,1632,1654,1712,1772,1816
Wales,W06000022,Newport,1539,1609,1683,1878,1933,1991,2063,2162,2267,2395,2572,2590,2373,2429,2539,2562,2624,2702,2817,2935
Scotland,S12000033,Aberdeen City,3043,3194,3098,3343,3510,3633,3689,3989,4340,4670,5138,5416,5288,5475,5778,6043,6466,6773,6830,6640
Scotland,S12000034,Aberdeenshire,3142,3318,3244,3517,3698,3885,4008,4399,4829,5217,5711,6032,5798,5976,6247,6482,6902,7213,7268,6974
Scotland,S12000041,Angus,1250,1298,1316,1428,1474,1521,1521,1601,1664,1761,1925,2021,1883,1860,1844,1869,1922,2003,2080,2081
Scotland,S12000035,Argyll and Bute,905,933,949,1058,1104,1176,1184,1241,1322,1423,1537,1603,1487,1442,1430,1422,1479,1471,1528,1570
Scotland,S12000036,City of Edinburgh,6639,7127,7387,8060,8445,8716,8950,9435,10043,10653,11220,11282,10681,10754,11211,11667,12001,12329,12954,13545
Scotland,S12000005,Clackmannanshire,512,549,556,595,622,647,672,738,765,784,881,915,866,866,870,855,883,921,950,967
Scotland,S12000006,Dumfries and Galloway,1519,1594,1576,1709,1766,1839,1951,2109,2197,2350,2508,2546,2436,2454,2431,2459,2478,2589,2596,2731
Scotland,S12000042,Dundee City,1682,1732,1740,1888,1952,1998,2010,2091,2161,2255,2485,2596,2456,2429,2423,2462,2568,2640,2756,2785
Scotland,S12000008,East Ayrshire,1184,1218,1226,1358,1429,1494,1529,1667,1754,1826,1970,1952,1863,1913,1941,1896,1978,2090,2049,2119
Scotland,S12000045,East Dunbartonshire,1314,1392,1485,1622,1639,1701,1725,1785,1882,1963,2022,2080,1929,1945,1992,2009,2018,2088,2184,2281
Scotland,S12000010,East Lothian,1061,1125,1160,1243,1303,1372,1460,1647,1726,1825,1991,2079,1964,2062,2126,2137,2249,2332,2415,2449
Scotland,S12000011,East Renfrewshire,1164,1225,1264,1377,1449,1480,1510,1538,1584,1654,1758,1825,1713,1727,1719,1716,1825,1897,1962,2018
Scotland,S12000014,Falkirk,1499,1593,1679,1816,1874,1924,2036,2184,2343,2534,2734,2805,2543,2640,2703,2806,2852,2867,2933,3038
Scotland,S12000015,Fife,3726,4022,4097,4414,4631,4812,5010,5392,5574,5653,6206,6461,6082,6136,6215,6133,6344,6598,6841,7051
Scotland,S12000046,Glasgow City,5688,5987,6228,6813,7118,7462,7686,7968,8273,8770,9560,9674,9304,9362,9393,9591,9778,10240,10600,10968
Scotland,S12000017,Highland,2267,2408,2410,2605,2704,2835,2883,3073,3273,3695,3965,4255,4048,4135,4121,4232,4394,4536,4597,4679
Scotland,S12000018,Inverclyde,1035,1082,1110,1200,1267,1281,1310,1322,1388,1452,1557,1612,1509,1512,1493,1468,1527,1565,1613,1644
Scotland,S12000019,Midlothian,962,1020,1050,1121,1172,1217,1281,1436,1489,1554,1662,1732,1634,1694,1763,1765,1873,1958,2024,2067
Scotland,S12000020,Moray,929,974,985,1069,1107,1138,1172,1219,1297,1460,1616,1782,1696,1719,1655,1701,1767,1872,1971,1999
Scotland,S12000013,Na h-Eileanan Siar,295,303,297,292,321,325,345,365,411,399,446,446,432,438,431,443,472,472,479,460
Scotland,S12000021,North Ayrshire,1354,1402,1400,1544,1613,1689,1727,1879,1971,2044,2202,2186,2074,2124,2144,2089,2174,2297,2251,2309
Scotland,S12000044,North Lanarkshire,3240,3453,3514,3798,4006,4145,4329,4615,4945,5085,5514,5681,5421,5459,5487,5565,5753,5996,6204,6452
Scotland,S12000023,Orkney Islands,181,198,215,218,220,244,261,277,294,318,413,441,412,400,443,454,452,410,433,474
Scotland,S12000024,Perth and Kinross,1774,1864,1837,1966,2051,2088,2207,2480,2571,2761,2973,3012,2869,2872,2991,2956,3045,3224,3266,3307
Scotland,S12000038,Renfrewshire,2176,2275,2336,2531,2666,2695,2756,2786,2921,3075,3319,3440,3260,3267,3256,3204,3364,3480,3616,3744
Scotland,S12000026,Scottish Borders ,1248,1324,1338,1439,1468,1532,1679,1832,1871,1997,2154,2223,2092,2076,2101,2080,2173,2272,2274,2290
Scotland,S12000027,Shetland Islands,278,282,289,315,316,311,324,368,380,403,385,402,448,498,471,487,519,569,568,568
Scotland,S12000028,South Ayrshire,1272,1328,1345,1455,1519,1555,1642,1789,1842,1952,2034,2099,1931,1901,1975,2042,2077,2126,2164,2218
Scotland,S12000029,South Lanarkshire,3541,3852,3944,4173,4266,4421,4531,4862,5090,5301,5763,5877,5544,5698,5793,5938,6016,6119,6237,6301
Scotland,S12000030,Stirling,1130,1190,1179,1275,1334,1362,1445,1607,1662,1765,1889,1897,1792,1794,1871,1866,1920,2025,2069,2138
Scotland,S12000039,West Dunbartonshire,1030,1096,1175,1289,1312,1380,1403,1459,1539,1624,1696,1749,1624,1645,1665,1653,1651,1690,1775,1848
Scotland,S12000040,West Lothian,1662,1789,1924,2165,2296,2424,2540,2696,2780,2978,3330,3340,3058,3161,3191,3203,3332,3464,3513,3502
Northern Ireland,N09000001,Antrim and Newtownabbey,1452,1491,1553,1704,1739,1844,1914,2029,2110,2205,2373,2419,2290,2297,2354,2422,2455,2512,2569,2654
Northern Ireland,N09000011,Ards and North Down,1698,1745,1814,1967,2044,2163,2226,2340,2462,2591,2764,2823,2653,2650,2699,2727,2760,2829,2903,2947
Northern Ireland,N09000002,"Armagh City, Banbridge and Craigavon",1731,1800,1867,1974,2100,2214,2321,2532,2692,2929,3137,3183,2986,3113,3152,3085,3221,3487,3642,3761
Northern Ireland,N09000003,Belfast,3835,3955,4043,4300,4397,4513,4468,4621,4713,4973,5135,5434,5109,5216,5178,5254,5444,5485,5555,5733
Northern Ireland,N09000004,Causeway Coast and Glens,1064,1110,1155,1226,1305,1432,1487,1604,1805,1914,2003,1942,1842,1917,1990,1993,2007,2123,2189,2209
Northern Ireland,N09000005,Derry City and Strabane,1139,1188,1242,1291,1340,1467,1532,1664,1847,1951,2030,1997,1879,1912,1954,1958,2010,2048,2086,2131
Northern Ireland,N09000006,Fermanagh and Omagh,901,939,986,1056,1106,1169,1268,1398,1511,1620,1674,1667,1557,1587,1626,1646,1647,1702,1809,1853
Northern Ireland,N09000007,Lisburn and Castlereagh,1443,1466,1523,1692,1743,1839,1909,2014,2115,2200,2362,2392,2269,2315,2382,2445,2503,2640,2811,2937
Northern Ireland,N09000008,Mid and East Antrim,1413,1453,1505,1645,1665,1756,1836,1959,2049,2170,2312,2358,2228,2213,2266,2311,2342,2448,2544,2629
Northern Ireland,N09000009,Mid Ulster,1018,1062,1115,1220,1263,1335,1444,1601,1731,1877,1984,1974,1880,1923,2001,1976,2055,2214,2298,2344
Northern Ireland,N09000010,"Newry, Mourne and Down",1471,1524,1596,1712,1788,1885,1995,2163,2350,2533,2660,2710,2521,2535,2638,2637,2716,2800,2830,2905
,,,,,,,,,,,,,,,,,,,,,,
1 Totals may not sum due to rounding.,,,,,,,,,,,,,,,,,,,,,,