Secondary Resources total by Local Authority1 ,,,,,,,,,,,,,,,,,,,,,,
,,,,,,,,,,,,,,,,,,,,,,£ million
Region,LAU1 code,LA name,1997,1998,1999,2000,2001,2002,2003,2004,2005,2006,2007,2008,2009,2010,2011,2012,2013,2014,2015,2016
North East,E06000047,County Durham,1554,1644,1692,1788,1836,1868,1939,2022,2057,2197,2413,2517,2676,2909,2965,3070,3101,3087,3205,3249
North East,E06000005,Darlington,305,323,329,360,401,411,424,440,438,463,509,524,561,592,601,610,629,625,656,669
North East,E06000001,Hartlepool,266,279,286,301,307,330,345,357,365,388,419,428,448,492,512,529,538,535,551,555
North East,E06000002,Middlesbrough,460,481,493,526,539,542,568,595,608,646,694,716,760,803,838,879,880,880,904,915
North East,E06000057,Northumberland,996,1057,1098,1155,1220,1268,1372,1378,1360,1453,1635,1718,1859,2002,2089,2176,2264,2186,2258,2304
North East,E06000003,Redcar and Cleveland,448,469,481,515,531,536,566,596,607,644,688,709,752,789,819,856,855,855,878,883
North East,E06000004,Stockton-on-Tees,528,558,577,612,625,679,711,735,751,800,866,885,931,1024,1066,1104,1122,1124,1161,1172
North East,E08000037,Gateshead,605,634,642,666,689,713,738,770,785,828,899,925,980,1053,1088,1140,1147,1112,1159,1176
North East,E08000021,Newcastle upon Tyne,858,895,900,928,960,994,1026,1068,1097,1155,1253,1282,1357,1467,1515,1605,1638,1597,1671,1705
North East,E08000022,North Tyneside,588,623,632,662,692,718,742,773,790,835,906,934,988,1061,1092,1147,1158,1123,1165,1182
North East,E08000023,South Tyneside,478,503,510,531,551,567,581,601,609,636,686,701,737,787,804,845,850,823,854,866
North East,E08000024,Sunderland,875,910,909,984,1000,1019,1071,1111,1128,1190,1292,1332,1412,1486,1525,1605,1625,1554,1600,1617
North West,E06000008,Blackburn with Darwen,406,423,444,443,458,464,503,531,560,594,619,641,690,724,742,771,770,759,770,769
North West,E06000009,Blackpool,452,462,474,534,569,565,583,607,622,647,702,742,804,846,859,895,902,881,897,896
North West,E06000049,Cheshire East,1040,1095,1144,1230,1320,1383,1477,1515,1574,1704,1852,1930,2075,2225,2309,2459,2561,2498,2610,2680
North West,E06000050,Cheshire West and Chester,917,961,1002,1078,1154,1215,1301,1336,1385,1496,1622,1703,1833,1963,2043,2142,2182,2192,2242,2273
North West,E06000006,Halton,354,359,367,403,431,435,454,479,487,516,568,602,653,682,708,739,748,730,741,740
North West,E06000007,Warrington,499,523,543,622,667,667,695,725,735,786,873,911,986,1036,1065,1137,1118,1121,1165,1183
North West,E07000026,Allerdale,273,285,298,327,340,349,383,406,416,444,487,496,510,543,566,609,599,580,604,615
North West,E07000027,Barrow-in-Furness,208,216,229,252,262,265,287,303,309,327,356,361,369,391,405,433,423,407,423,428
North West,E07000028,Carlisle,300,314,334,335,388,391,426,442,467,507,541,565,609,657,669,705,738,725,754,770
North West,E07000029,Copeland,203,211,221,243,252,257,280,298,306,328,359,365,374,398,414,445,436,420,435,439
North West,E07000030,Eden,143,151,162,164,192,193,211,218,229,246,263,276,299,323,327,344,360,353,367,374
North West,E07000031,South Lakeland,296,313,334,339,394,394,427,439,462,496,528,551,594,639,645,677,708,695,724,738
North West,E08000001,Bolton,697,726,753,796,866,893,944,984,1003,1070,1165,1221,1320,1400,1446,1545,1563,1519,1572,1592
North West,E08000002,Bury,489,506,526,555,600,610,639,664,677,720,782,824,894,943,972,1037,1048,1039,1056,1057
North West,E08000003,Manchester,1239,1266,1280,1362,1442,1476,1511,1568,1595,1659,1768,1864,2001,2111,2184,2284,2315,2256,2328,2341
North West,E08000004,Oldham ,596,613,634,669,726,736,770,803,820,871,945,999,1083,1142,1181,1258,1276,1266,1295,1303
North West,E08000005,Rochdale,555,573,595,632,685,696,731,760,775,823,892,944,1022,1075,1111,1181,1192,1181,1206,1213
North West,E08000006,Salford,648,664,678,743,787,794,816,847,873,930,1001,1040,1112,1183,1221,1289,1299,1289,1339,1358
North West,E08000007,Stockport,793,828,849,933,985,1004,1037,1075,1110,1187,1284,1332,1428,1521,1579,1660,1671,1675,1727,1747
North West,E08000008,Tameside,599,619,635,698,738,755,782,814,843,906,982,1024,1100,1178,1225,1288,1294,1291,1327,1345
North West,E08000009,Trafford,617,642,656,718,762,775,800,832,857,911,983,1013,1083,1150,1183,1242,1253,1239,1272,1282
North West,E08000010,Wigan,811,840,873,924,1000,1029,1087,1134,1158,1235,1344,1408,1519,1609,1659,1764,1783,1737,1798,1817
North West,E07000117,Burnley,234,242,247,266,285,289,302,314,320,337,362,389,424,446,458,481,496,481,482,481
North West,E07000118,Chorley,284,294,304,341,367,374,391,405,416,448,488,517,565,597,631,677,690,687,733,757
North West,E07000119,Fylde,220,230,236,263,282,284,294,304,311,332,360,376,410,431,445,469,477,478,499,510
North West,E07000120,Hyndburn,207,214,221,240,259,265,279,290,297,313,338,362,394,415,424,443,457,442,442,442
North West,E07000121,Lancaster,391,405,419,458,490,497,519,538,555,591,636,668,729,768,798,848,870,874,886,891
North West,E07000122,Pendle,225,231,240,262,284,289,303,315,323,342,368,397,435,458,472,495,514,494,496,498
North West,E07000123,Preston,402,416,427,471,501,505,526,547,567,612,661,691,750,791,818,867,872,866,905,921
North West,E07000124,Ribble Valley,158,165,172,193,208,211,220,228,235,252,272,285,310,326,335,355,360,360,377,384
North West,E07000125,Rossendale,168,173,179,194,209,214,225,234,241,255,276,299,329,348,358,377,392,381,383,384
North West,E07000126,South Ribble,310,324,335,372,400,403,417,430,440,473,512,539,590,620,638,673,679,676,706,719
North West,E07000127,West Lancashire,313,326,332,368,395,403,419,432,443,476,518,543,591,621,649,688,694,688,729,749
North West,E07000128,Wyre,301,314,322,358,387,396,413,428,439,469,507,533,579,605,623,656,673,677,689,692
North West,E08000011,Knowsley ,447,458,466,512,549,552,571,596,603,634,690,724,777,800,821,857,866,845,861,860
North West,E08000012,Liverpool,1469,1506,1535,1586,1691,1717,1767,1866,1889,1968,2090,2159,2289,2348,2391,2526,2556,2509,2562,2567
North West,E08000014,Sefton,966,1001,1023,1098,1105,1130,1193,1228,1288,1366,1452,1506,1610,1687,1735,1831,1896,1795,1893,1936
North West,E08000013,St. Helens,518,527,542,598,642,646,671,702,710,746,814,858,926,958,987,1034,1045,1023,1038,1037
North West,E08000015,Wirral,1197,1228,1261,1291,1312,1343,1427,1447,1475,1560,1672,1749,1882,1975,1994,2130,2184,2158,2180,2188
Yorkshire and The Humber,E06000011,East Riding of Yorkshire,968,1021,1055,1159,1129,1191,1251,1323,1391,1509,1619,1719,1873,1982,2055,2111,2119,2110,2214,2265
Yorkshire and The Humber,E06000010,"Kingston upon Hull, City of",661,681,696,758,798,827,865,902,925,961,1014,1082,1189,1221,1238,1292,1271,1243,1295,1304
Yorkshire and The Humber,E06000012,North East Lincolnshire,444,462,479,497,518,540,585,623,637,682,737,746,771,820,878,916,905,879,902,910
Yorkshire and The Humber,E06000013,North Lincolnshire,426,445,461,481,501,527,577,622,640,693,757,773,805,859,920,965,954,929,958,973
Yorkshire and The Humber,E06000014,York,523,548,571,605,620,640,689,696,727,787,856,892,950,1019,1042,1131,1163,1146,1147,1157
Yorkshire and The Humber,E07000163,Craven,157,167,174,183,196,210,216,227,239,259,279,291,309,329,342,364,373,367,386,398
Yorkshire and The Humber,E07000164,Hambleton,248,264,274,290,307,331,342,358,375,409,442,463,495,529,552,589,604,593,624,640
Yorkshire and The Humber,E07000165,Harrogate,437,465,488,517,552,591,608,638,670,725,782,816,874,936,978,1045,1072,1052,1107,1129
Yorkshire and The Humber,E07000166,Richmondshire,132,144,149,160,172,186,194,207,220,240,260,273,293,314,328,353,362,348,364,381
Yorkshire and The Humber,E07000167,Ryedale,147,157,165,174,186,198,205,216,227,244,262,273,291,309,320,342,351,348,369,381
Yorkshire and The Humber,E07000168,Scarborough,321,337,351,367,387,418,432,454,474,511,548,571,609,648,670,712,727,713,748,764
Yorkshire and The Humber,E07000169,Selby,221,234,246,262,279,301,310,326,342,373,406,428,460,494,515,552,570,564,597,614
Yorkshire and The Humber,E08000016,Barnsley,614,638,659,712,749,781,818,857,877,932,992,1038,1121,1210,1254,1320,1346,1362,1410,1426
Yorkshire and The Humber,E08000017,Doncaster,807,836,864,939,985,1030,1077,1126,1151,1221,1300,1360,1469,1584,1636,1710,1734,1743,1795,1812
Yorkshire and The Humber,E08000018,Rotherham ,699,724,747,808,852,891,932,975,995,1053,1116,1163,1255,1351,1394,1459,1478,1490,1534,1545
Yorkshire and The Humber,E08000019,Sheffield,1410,1465,1491,1565,1647,1699,1769,1869,1903,2008,2167,2259,2434,2614,2702,2852,2880,2869,2941,2968
Yorkshire and The Humber,E08000032,Bradford ,1258,1310,1362,1505,1498,1568,1636,1754,1782,1895,2058,2174,2376,2486,2543,2678,2735,2717,2815,2843
Yorkshire and The Humber,E08000033,Calderdale,505,528,548,593,598,628,673,715,734,783,839,879,943,1016,1036,1095,1136,1121,1167,1184
Yorkshire and The Humber,E08000034,Kirklees ,1013,1063,1105,1196,1210,1274,1368,1458,1498,1600,1717,1801,1935,2094,2147,2269,2359,2329,2431,2465
Yorkshire and The Humber,E08000035,Leeds ,1905,1991,2032,2197,2236,2352,2505,2605,2670,2824,3024,3173,3413,3621,3707,3965,4058,3999,4128,4173
Yorkshire and The Humber,E08000036,Wakefield,834,875,910,985,998,1054,1130,1205,1241,1327,1422,1472,1572,1704,1750,1852,1893,1832,1944,1986
East Midlands,E06000015,Derby ,686,714,744,714,750,833,852,878,881,950,1019,1065,1139,1195,1253,1334,1306,1316,1369,1384
East Midlands,E06000016,Leicester,686,701,704,752,792,863,921,990,1018,1070,1144,1185,1268,1362,1402,1479,1483,1475,1508,1508
East Midlands,E06000018,Nottingham,759,780,792,839,851,915,947,967,993,1031,1100,1165,1271,1355,1376,1452,1463,1456,1497,1501
East Midlands,E06000017,Rutland ,90,95,100,107,112,118,125,131,139,148,161,170,184,196,205,215,220,220,228,233
East Midlands,E07000032,Amber Valley,294,308,321,371,393,421,445,468,484,511,556,582,623,656,692,729,747,734,766,782
East Midlands,E07000033,Bolsover,203,213,221,234,263,271,279,292,304,326,355,368,392,419,431,451,457,446,469,478
East Midlands,E07000034,Chesterfield,286,300,309,324,362,371,380,399,416,446,484,503,537,572,589,612,620,602,629,639
East Midlands,E07000035,Derbyshire Dales,177,187,194,223,234,249,262,275,282,296,322,338,362,382,401,424,431,422,440,448
East Midlands,E07000036,Erewash,276,292,301,350,371,396,415,435,447,469,508,532,570,600,634,670,684,675,707,721
East Midlands,E07000037,High Peak,226,237,245,285,301,320,336,353,364,384,418,436,467,489,514,541,551,541,564,574
East Midlands,E07000038,North East Derbyshire,280,292,304,318,355,362,370,387,402,429,465,482,513,547,562,586,591,574,601,614
East Midlands,E07000039,South Derbyshire,201,214,221,258,275,299,322,342,357,380,418,442,477,505,536,570,587,582,612,629
East Midlands,E07000129,Blaby,238,254,262,280,292,305,322,337,353,374,402,424,460,488,512,548,554,550,572,584
East Midlands,E07000130,Charnwood,418,440,454,480,497,513,540,568,599,636,688,729,798,853,903,976,990,990,1039,1062
East Midlands,E07000131,Harborough,200,213,220,236,248,261,278,293,309,330,358,379,414,440,466,500,509,505,529,540
East Midlands,E07000132,Hinckley and Bosworth,272,287,296,313,324,336,356,374,394,417,449,473,514,544,573,614,620,617,644,658
East Midlands,E07000133,Melton,127,133,140,149,155,161,170,178,187,197,213,224,243,260,275,294,296,293,302,305
East Midlands,E07000134,North West Leicestershire,229,243,250,266,277,290,309,326,344,366,397,419,456,484,510,545,552,550,576,589
East Midlands,E07000135,Oadby and Wigston,150,157,164,174,180,186,197,207,216,229,245,255,273,286,305,325,328,322,332,335
East Midlands,E07000136,Boston,160,168,171,177,185,201,215,228,239,260,287,307,336,363,379,401,411,412,427,436
East Midlands,E07000137,East Lindsey,364,383,395,415,433,470,504,530,554,591,645,678,726,773,803,844,855,854,882,893
East Midlands,E07000138,Lincoln,246,257,264,273,283,305,327,344,362,389,423,445,481,519,547,584,596,595,617,627
East Midlands,E07000139,North Kesteven,253,267,281,296,312,345,373,392,412,445,489,521,564,605,637,675,687,689,717,732
East Midlands,E07000140,South Holland,212,225,232,243,254,277,300,317,334,362,398,424,461,495,519,547,557,560,583,596
East Midlands,E07000141,South Kesteven,357,376,385,399,413,447,477,499,522,561,613,647,700,750,787,835,854,858,890,907
East Midlands,E07000142,West Lindsey,226,238,243,252,264,288,312,329,346,373,411,435,469,503,525,556,567,570,594,605
East Midlands,E07000150,Corby,132,139,144,155,164,172,176,186,194,209,236,252,278,300,319,342,356,358,378,384
East Midlands,E07000151,Daventry,164,175,184,202,219,236,245,259,269,288,321,335,364,386,401,425,433,413,429,438
East Midlands,E07000152,East Northamptonshire,178,190,200,220,236,252,263,280,291,314,352,372,404,430,449,474,488,487,509,514
East Midlands,E07000153,Kettering,200,211,220,238,253,268,278,296,308,332,373,396,433,463,485,514,530,530,551,556
East Midlands,E07000154,Northampton,475,503,522,562,590,626,638,670,698,754,847,894,973,1044,1092,1164,1193,1143,1191,1211
East Midlands,E07000155,South Northamptonshire,186,196,207,226,241,262,269,287,301,322,358,373,401,426,439,469,482,461,479,485
East Midlands,E07000156,Wellingborough,175,183,193,210,223,236,240,253,263,281,310,326,353,375,391,412,420,418,436,441
East Midlands,E07000170,Ashfield,306,321,337,373,401,415,423,454,470,502,541,573,626,655,679,716,720,721,754,767
East Midlands,E07000171,Bassetlaw,296,311,327,361,388,400,409,438,452,481,518,549,598,624,642,675,673,672,700,709
East Midlands,E07000172,Broxtowe,304,317,323,343,383,398,403,412,434,464,498,528,575,602,607,656,690,671,701,717
East Midlands,E07000173,Gedling,312,328,334,355,398,413,417,426,448,479,515,545,593,623,629,676,714,696,727,747
East Midlands,E07000174,Mansfield,281,293,305,335,352,363,372,397,411,440,475,506,551,575,594,625,624,624,652,664
East Midlands,E07000175,Newark and Sherwood,293,309,323,357,382,395,406,437,452,484,523,555,605,633,653,690,692,693,724,738
East Midlands,E07000176,Rushcliffe,286,304,310,334,377,393,399,410,432,465,501,531,579,612,615,661,701,684,717,736
West Midlands,E06000019,"Herefordshire, County of",502,532,553,579,629,659,720,746,758,812,889,943,1022,1076,1132,1206,1202,1176,1218,1241
West Midlands,E06000051,Shropshire,784,828,868,981,985,1045,1095,1157,1185,1276,1438,1511,1623,1717,1837,1965,1992,1937,1994,2032
West Midlands,E06000021,Stoke-on-Trent,680,702,726,757,760,793,851,906,923,965,1049,1090,1165,1216,1247,1288,1314,1281,1323,1337
West Midlands,E06000020,Telford and Wrekin,394,418,436,446,453,476,521,553,563,592,661,701,761,804,851,899,894,888,962,996
West Midlands,E07000192,Cannock Chase,247,261,269,283,306,319,335,352,364,387,424,450,490,520,539,571,581,575,594,603
West Midlands,E07000193,East Staffordshire,275,293,300,317,346,358,379,399,413,441,488,521,568,606,629,668,680,675,701,716
West Midlands,E07000194,Lichfield,255,267,275,287,310,321,337,357,370,396,438,466,507,539,557,590,602,595,619,629
West Midlands,E07000195,Newcastle-under-Lyme,332,348,359,376,406,419,438,459,473,501,549,577,624,662,684,724,741,735,766,784
West Midlands,E07000196,South Staffordshire,286,299,309,325,352,364,379,397,409,434,476,503,546,580,598,633,653,646,668,681
West Midlands,E07000197,Stafford,336,351,357,372,401,416,437,460,478,511,565,601,655,698,723,768,781,770,798,818
West Midlands,E07000198,Staffordshire Moorlands,255,267,275,289,314,326,339,355,366,390,428,452,491,520,537,567,577,571,591,601
West Midlands,E07000199,Tamworth,199,211,217,228,248,256,266,278,287,305,335,355,387,411,425,450,456,449,465,471
West Midlands,E07000218,North Warwickshire,170,179,185,207,214,222,234,244,251,270,292,304,325,344,359,378,376,375,385,390
West Midlands,E07000219,Nuneaton and Bedworth,326,342,355,396,414,430,456,477,492,531,580,607,651,691,725,764,763,759,776,789
West Midlands,E07000220,Rugby,237,248,258,289,304,318,337,355,371,405,448,473,512,549,581,613,616,620,641,650
West Midlands,E07000221,Stratford-on-Avon,304,321,330,370,387,403,427,448,466,509,560,587,628,666,699,733,734,732,751,762
West Midlands,E07000222,Warwick,338,355,368,415,437,461,495,524,546,591,646,674,724,765,797,840,836,833,852,862
West Midlands,E08000025,Birmingham,2691,2763,2810,2982,3148,3317,3500,3707,3766,3921,4221,4448,4823,5081,5196,5512,5511,5468,5631,5683
West Midlands,E08000026,Coventry,773,798,796,873,919,965,1023,1065,1087,1151,1261,1320,1415,1513,1555,1623,1646,1636,1673,1685
West Midlands,E08000027,Dudley ,801,837,865,968,977,998,1050,1116,1138,1208,1325,1370,1481,1571,1589,1685,1739,1710,1784,1811
West Midlands,E08000028,Sandwell ,747,773,799,875,896,932,983,1043,1060,1115,1209,1289,1401,1486,1523,1562,1552,1557,1602,1600
West Midlands,E08000029,Solihull,547,575,598,676,744,796,823,843,863,947,1018,1067,1150,1209,1247,1348,1379,1382,1423,1443
West Midlands,E08000030,Walsall,660,688,710,769,814,864,886,946,977,1030,1126,1186,1294,1352,1377,1443,1473,1479,1495,1491
West Midlands,E08000031,Wolverhampton,641,665,681,736,776,815,835,885,911,961,1050,1104,1190,1244,1267,1320,1355,1346,1371,1380
West Midlands,E07000234,Bromsgrove,254,266,278,286,296,316,329,355,369,397,432,456,496,525,543,583,601,595,617,631
West Midlands,E07000235,Malvern Hills,211,222,231,236,243,258,267,287,298,319,345,363,394,418,433,464,479,475,490,499
West Midlands,E07000236,Redditch,227,239,251,258,265,280,291,312,325,351,382,405,441,469,488,522,536,526,546,555
West Midlands,E07000237,Worcester,266,284,296,306,315,331,343,368,383,411,446,472,516,548,571,616,636,628,650,665
West Midlands,E07000238,Wychavon,318,335,355,368,381,402,417,447,465,499,542,569,619,656,678,728,754,748,784,803
West Midlands,E07000239,Wyre Forest,284,297,310,319,327,343,355,381,396,422,457,480,521,549,568,606,624,617,641,652
East of England,E06000055,Bedford,399,422,442,470,473,503,514,540,573,613,652,694,762,822,864,906,937,905,964,984
East of England,E06000056,Central Bedfordshire,603,637,664,708,713,760,774,824,873,937,1008,1060,1156,1260,1315,1389,1425,1403,1515,1553
East of England,E06000032,Luton,398,414,423,473,514,539,554,590,593,627,671,704,768,837,883,947,954,961,989,988
East of England,E06000031,Peterborough,411,428,449,471,484,513,532,569,602,648,699,742,813,866,892,964,983,986,1005,1004
East of England,E06000033,Southend-on-Sea,472,489,496,524,561,630,652,679,705,732,788,824,883,955,978,1028,1053,1048,1070,1070
East of England,E06000034,Thurrock,327,345,366,370,390,442,471,486,493,525,589,610,652,709,746,781,799,799,813,813
East of England,E07000008,Cambridge,295,314,326,338,336,359,367,389,425,454,485,508,548,601,625,662,685,683,708,707
East of England,E07000009,East Cambridgeshire,187,205,211,224,224,244,256,263,280,305,336,355,387,416,429,460,479,481,497,500
East of England,E07000010,Fenland,219,234,244,255,256,278,285,305,323,353,389,410,443,475,486,519,538,539,559,565
East of England,E07000011,Huntingdonshire,422,446,462,484,480,520,527,564,591,638,692,728,784,841,866,925,959,960,992,999
East of England,E07000012,South Cambridgeshire,348,370,382,396,399,433,443,470,499,542,594,628,684,739,763,815,842,844,874,885
East of England,E07000066,Basildon,446,463,486,519,550,590,608,651,672,717,782,819,876,925,968,1027,1057,1042,1071,1076
East of England,E07000067,Braintree,359,381,402,432,456,491,509,550,572,615,674,709,764,806,848,897,919,919,951,955
East of England,E07000068,Brentwood,202,212,223,238,249,264,272,292,304,327,357,370,395,417,436,461,458,471,492,496
East of England,E07000069,Castle Point,235,244,255,272,287,307,318,338,348,369,402,418,446,469,487,513,524,513,525,525
East of England,E07000070,Chelmsford,454,478,505,541,572,609,630,679,704,755,823,849,904,952,995,1054,1043,1064,1113,1126
East of England,E07000071,Colchester,441,459,483,511,538,571,589,634,666,716,784,827,893,947,998,1065,1097,1108,1168,1185
East of England,E07000072,Epping Forest,337,354,372,397,419,448,459,491,508,542,589,609,647,674,713,756,763,737,785,797
East of England,E07000073,Harlow,214,229,240,258,273,289,295,315,327,349,379,394,422,442,469,497,501,485,518,527
East of England,E07000074,Maldon,161,174,186,203,217,229,236,252,261,281,307,317,336,352,365,385,381,389,405,410
East of England,E07000075,Rochford,209,218,229,246,261,281,290,311,322,344,376,394,421,444,461,488,497,489,502,502
East of England,E07000076,Tendring,380,405,423,452,478,510,524,561,577,613,665,692,738,767,794,836,857,860,896,906
East of England,E07000077,Uttlesford,191,202,211,226,239,256,266,286,299,323,356,373,401,427,457,487,496,482,517,529
East of England,E07000095,Broxbourne,229,244,253,281,306,321,328,344,360,389,419,435,467,499,515,545,560,553,570,572
East of England,E07000096,Dacorum,378,402,409,448,484,506,517,543,563,603,643,669,719,771,798,846,872,862,895,900
East of England,E07000242,East Hertfordshire,350,372,380,416,454,477,487,512,532,573,615,641,687,734,759,804,830,823,856,863
East of England,E07000098,Hertsmere,257,274,279,307,332,346,353,368,383,413,444,464,499,533,552,582,598,591,611,613
East of England,E07000099,North Hertfordshire,318,338,344,378,411,432,445,471,490,529,567,591,633,677,701,740,761,755,779,784
East of England,E07000240,St Albans,355,373,382,420,454,478,490,515,536,578,619,647,697,748,776,820,845,837,866,868
East of England,E07000243,Stevenage,216,229,234,258,280,294,300,314,326,349,372,388,416,445,463,489,504,496,513,516
East of England,E07000102,Three Rivers,226,237,247,271,291,306,314,329,342,366,393,410,440,470,483,512,528,522,544,547
East of England,E07000103,Watford,220,236,239,262,282,294,301,318,333,356,382,403,437,475,498,530,553,551,570,570
East of England,E07000241,Welwyn Hatfield,266,281,289,317,343,360,371,394,419,456,492,511,548,588,608,644,668,665,697,715
East of England,E07000143,Breckland,330,350,370,401,433,447,472,495,513,552,603,629,673,733,761,801,812,816,864,881
East of England,E07000144,Broadland,314,334,350,378,408,424,445,466,477,508,555,581,625,673,699,733,749,740,772,778
East of England,E07000145,Great Yarmouth,246,259,270,290,312,325,342,359,369,393,428,452,487,525,546,572,583,576,601,605
East of England,E07000146,King’s Lynn and West Norfolk,407,430,451,488,526,554,585,612,633,681,743,782,846,921,957,1007,1013,1010,1060,1078
East of England,E07000147,North Norfolk,296,313,330,355,382,399,420,435,447,476,517,542,581,631,658,690,693,691,724,736
East of England,E07000148,Norwich,339,352,364,390,420,434,455,476,493,527,571,603,652,708,741,784,806,802,842,854
East of England,E07000149,South Norfolk,305,323,339,367,395,412,435,457,472,506,553,579,627,691,723,765,779,786,836,854
East of England,E07000200,Babergh,229,242,252,274,289,307,320,341,352,381,412,435,471,487,503,535,546,546,570,577
East of England,E07000201,Forest Heath,183,186,191,206,194,206,216,228,238,253,273,287,312,326,343,364,368,382,404,404
East of England,E07000202,Ipswich,325,345,358,385,406,430,448,483,508,549,595,635,697,734,765,820,834,834,874,885
East of England,E07000203,Mid Suffolk,234,248,262,284,301,320,332,357,372,405,445,471,513,536,555,594,605,609,636,644
East of England,E07000204,St Edmundsbury,266,289,297,323,340,364,379,407,423,461,503,535,585,613,637,678,688,687,717,725
East of England,E07000205,Suffolk Coastal,330,344,353,381,399,423,439,471,490,532,583,617,668,692,712,757,770,769,803,817
East of England,E07000206,Waveney,308,325,340,368,390,414,429,459,475,510,551,579,626,644,660,703,715,711,740,749
London,E09000007,Camden,623,648,659,730,751,816,805,856,901,927,970,1012,1099,1128,1138,1208,1229,1227,1223,1231
London,E09000001,City of London,19,20,23,26,27,29,28,29,30,32,35,36,39,39,38,36,32,32,34,36
London,E09000012,Hackney ,557,568,575,596,615,645,667,735,772,800,848,897,969,1002,1019,1072,1092,1100,1124,1126
London,E09000013,Hammersmith and Fulham ,490,510,517,566,578,622,612,655,693,722,774,807,885,923,933,968,966,942,939,951
London,E09000014,Haringey,714,725,756,767,758,797,810,882,920,968,1025,1059,1139,1187,1201,1261,1244,1242,1271,1282
London,E09000019,Islington,583,596,608,620,614,639,651,704,736,769,817,832,897,940,970,1033,1029,1040,1078,1093
London,E09000020,Kensington and Chelsea,449,469,476,532,553,592,590,631,674,683,714,741,795,819,809,834,837,819,817,820
London,E09000022,Lambeth ,730,739,759,776,770,803,819,894,933,966,1028,1060,1142,1194,1232,1303,1305,1298,1313,1312
London,E09000023,Lewisham ,696,712,729,739,731,764,779,838,868,905,965,1004,1082,1135,1173,1244,1251,1263,1273,1267
London,E09000025,Newham ,672,685,695,720,740,781,804,876,904,937,1006,1074,1173,1240,1280,1344,1364,1372,1407,1420
London,E09000028,Southwark,682,697,722,741,738,772,790,854,891,939,1008,1043,1125,1182,1223,1301,1311,1318,1331,1321
London,E09000030,Tower Hamlets,531,551,579,603,613,656,682,733,760,786,838,881,964,1017,1053,1118,1143,1132,1137,1137
London,E09000032,Wandsworth,702,731,733,806,823,867,857,917,969,1006,1079,1126,1218,1275,1294,1358,1381,1371,1390,1403
London,E09000033,Westminster,639,662,675,747,778,835,836,901,963,998,1048,1095,1200,1263,1286,1329,1287,1290,1346,1376
London,E09000002,Barking and Dagenham,429,456,466,501,532,556,562,606,625,662,717,757,830,879,915,983,1014,995,1040,1063
London,E09000003,Barnet,881,920,950,1033,1047,1100,1116,1190,1255,1319,1420,1477,1594,1717,1787,1895,1936,1943,1984,2018
London,E09000004,Bexley,625,649,667,711,740,760,767,825,852,900,967,997,1061,1106,1124,1194,1192,1189,1201,1208
London,E09000005,Brent ,692,710,722,770,787,834,848,910,954,996,1075,1147,1272,1379,1434,1509,1548,1556,1580,1576
London,E09000006,Bromley,1027,1072,1105,1163,1176,1227,1260,1324,1390,1499,1596,1626,1720,1810,1887,2032,2032,2037,2036,2048
London,E09000008,Croydon,978,1015,1039,1093,1111,1163,1189,1258,1322,1417,1516,1594,1713,1818,1889,2024,2052,1991,2070,2091
London,E09000009,Ealing,778,804,828,886,899,949,955,1017,1071,1125,1216,1289,1399,1510,1558,1639,1695,1658,1723,1754
London,E09000010,Enfield,774,805,827,893,951,987,1002,1085,1136,1208,1302,1383,1508,1596,1643,1750,1775,1776,1822,1849
London,E09000011,Greenwich,612,637,651,697,736,768,782,849,884,943,1018,1055,1133,1195,1234,1325,1329,1332,1361,1376
London,E09000015,Harrow,566,592,610,662,675,716,726,775,819,861,931,970,1051,1129,1158,1219,1253,1250,1285,1303
London,E09000016,Havering,613,633,647,689,722,752,762,826,854,904,974,1018,1094,1136,1163,1237,1262,1232,1277,1294
London,E09000017,Hillingdon,664,698,719,779,790,833,842,891,932,980,1057,1103,1196,1281,1326,1417,1475,1485,1541,1572
London,E09000018,Hounslow,616,649,670,728,735,767,767,813,861,909,990,1031,1118,1212,1239,1316,1324,1313,1343,1360
London,E09000021,Kingston upon Thames,410,431,443,465,471,493,505,538,567,603,645,662,705,746,776,835,854,842,854,861
London,E09000024,Merton,527,546,561,594,604,628,639,673,709,756,812,831,888,936,970,1034,1050,1023,1026,1024
London,E09000026,Redbridge,641,660,674,720,756,786,802,872,910,963,1037,1090,1176,1230,1269,1347,1370,1347,1364,1370
London,E09000027,Richmond upon Thames,498,519,540,586,593,620,628,664,698,727,774,793,847,906,911,962,968,962,979,990
London,E09000029,Sutton,513,533,544,570,573,598,611,645,677,718,769,789,843,890,925,990,1010,989,995,1001
London,E09000031,Waltham Forest,600,622,626,664,694,720,726,789,820,869,940,994,1079,1136,1171,1242,1260,1227,1239,1247
South East,E06000036,Bracknell Forest,276,288,303,329,335,347,357,375,394,422,455,473,505,550,573,620,629,628,656,665
South East,E06000043,Brighton and Hove,785,805,822,816,832,850,867,922,982,1043,1072,1120,1212,1285,1293,1359,1409,1366,1405,1417
South East,E06000046,Isle of Wight,401,419,436,463,528,536,546,587,625,670,716,754,813,869,902,966,948,923,970,990
South East,E06000035,Medway,581,606,627,684,742,776,796,859,896,972,1016,1066,1172,1256,1302,1401,1406,1402,1457,1476
South East,E06000042,Milton Keynes,444,464,481,521,545,586,625,688,705,751,828,906,1018,1113,1151,1233,1256,1270,1338,1358
South East,E06000044,Portsmouth,547,555,577,570,566,586,617,655,667,708,760,805,874,918,963,1004,1032,1005,1047,1063
South East,E06000038,Reading,360,382,396,431,443,457,470,497,528,569,616,642,688,751,783,845,856,854,890,904
South East,E06000039,Slough,295,312,327,359,369,384,394,415,442,480,526,557,608,671,709,764,770,769,804,821
South East,E06000045,Southampton,484,494,510,567,615,660,682,728,731,768,825,875,956,992,1035,1102,1119,1100,1130,1135
South East,E06000037,West Berkshire,363,380,398,432,442,457,470,499,527,568,617,645,691,750,777,833,842,834,866,881
South East,E06000040,Windsor and Maidenhead,342,352,367,401,408,424,437,464,490,529,575,599,643,701,731,785,790,785,816,832
South East,E06000041,Wokingham,371,392,408,448,460,474,485,512,538,577,626,649,696,753,781,844,853,849,887,906
South East,E07000004,Aylesbury Vale,484,517,555,593,616,650,675,711,747,825,865,891,946,1012,1060,1145,1176,1177,1245,1288
South East,E07000005,Chiltern,279,293,308,324,331,349,364,386,406,449,470,483,510,544,562,599,607,601,626,636
South East,E07000006,South Bucks,187,199,210,224,230,243,252,269,285,315,331,342,364,391,407,435,443,439,458,467
South East,E07000007,Wycombe,495,521,551,585,601,637,664,700,738,813,850,876,931,997,1043,1114,1126,1111,1156,1172
South East,E07000061,Eastbourne,296,307,322,351,369,393,411,426,457,492,526,551,589,642,656,684,695,697,724,737
South East,E07000062,Hastings,279,287,305,333,351,372,386,394,419,446,474,497,535,584,595,619,629,628,652,665
South East,E07000063,Lewes,299,311,329,360,379,402,416,426,449,480,511,535,576,633,644,676,690,690,715,728
South East,E07000064,Rother,290,303,313,338,351,373,387,396,420,450,481,505,540,590,599,624,632,635,660,673
South East,E07000065,Wealden,463,487,505,549,576,611,636,651,690,740,788,821,879,963,986,1034,1058,1066,1111,1132
South East,E07000084,Basingstoke and Deane,392,412,433,468,496,515,527,551,579,634,691,728,791,858,894,971,1004,992,1036,1055
South East,E07000085,East Hampshire,350,365,385,416,444,459,465,485,508,560,609,639,690,744,767,829,828,829,867,884
South East,E07000086,Eastleigh,300,315,339,365,386,404,413,434,454,497,541,575,624,672,704,758,791,778,806,819
South East,E07000087,Fareham,285,300,314,337,360,376,384,402,416,451,491,523,565,603,626,675,705,693,720,732
South East,E07000088,Gosport,208,218,226,242,255,266,275,289,303,331,362,388,418,445,462,498,517,509,530,541
South East,E07000089,Hart,218,228,238,256,271,283,290,306,322,355,388,407,439,470,486,525,543,536,561,571
South East,E07000090,Havant,316,332,347,370,389,406,415,435,452,490,531,564,608,650,675,725,753,739,769,783
South East,E07000091,New Forest,544,570,600,648,688,714,727,757,793,873,943,985,1059,1137,1169,1263,1256,1257,1310,1337
South East,E07000092,Rushmoor,228,246,259,275,295,302,305,316,331,364,397,416,446,481,500,539,554,545,566,578
South East,E07000093,Test Valley,344,367,386,418,446,462,473,494,519,572,620,650,696,747,772,835,837,842,887,915
South East,E07000094,Winchester,340,362,381,411,435,451,461,481,506,557,606,639,691,746,773,840,839,845,889,917
South East,E07000105,Ashford,280,294,312,337,358,374,385,407,430,468,504,528,570,620,646,689,708,710,730,744
South East,E07000106,Canterbury,411,427,446,477,502,527,543,569,598,646,693,733,795,856,898,959,989,999,1054,1081
South East,E07000107,Dartford,220,231,239,255,268,284,292,311,328,353,380,404,440,475,496,528,545,546,563,570
South East,E07000108,Dover,321,334,347,370,388,405,415,432,453,486,520,551,598,639,666,700,718,720,749,762
South East,E07000109,Gravesham,246,256,266,284,299,313,321,338,353,378,406,427,463,499,518,547,561,560,575,576
South East,E07000110,Maidstone,398,414,430,461,483,503,514,540,564,610,658,690,747,814,849,903,927,931,966,979
South East,E07000111,Sevenoaks,337,351,367,393,413,432,441,459,485,528,561,575,614,663,689,730,727,734,759,770
South East,E07000112,Shepway,294,305,320,341,357,375,386,404,427,462,496,526,574,616,645,680,695,695,725,739
South East,E07000113,Swale,311,323,337,362,385,407,421,444,460,494,535,566,615,666,693,736,756,754,774,786
South East,E07000114,Thanet,389,404,422,447,470,493,502,521,544,584,623,661,719,769,802,849,873,881,923,937
South East,E07000115,Tonbridge and Malling,322,338,356,383,407,430,441,461,487,533,572,593,639,696,724,766,766,778,808,824
South East,E07000116,Tunbridge Wells,313,330,345,372,393,413,421,439,462,502,540,564,609,661,689,727,722,728,749,760
South East,E07000177,Cherwell,389,408,434,449,437,455,475,496,509,559,594,628,681,725,760,812,816,803,856,879
South East,E07000178,Oxford,406,428,456,464,448,469,496,521,545,589,620,650,706,759,803,860,864,860,909,931
South East,E07000179,South Oxfordshire,383,404,427,435,424,442,457,476,487,533,566,597,648,687,721,771,773,764,812,834
South East,E07000180,Vale of White Horse,342,357,380,390,383,397,412,428,440,482,512,537,583,620,651,697,700,693,744,771
South East,E07000181,West Oxfordshire,289,301,319,325,317,329,344,361,370,409,440,464,504,537,563,609,612,601,638,652
South East,E07000207,Elmbridge,411,431,455,465,478,517,527,552,585,636,678,694,725,779,810,860,881,875,906,924
South East,E07000208,Epsom and Ewell,242,254,266,270,276,297,300,313,333,362,390,404,425,459,480,512,526,523,541,551
South East,E07000209,Guildford,433,454,479,490,506,540,543,565,593,645,688,707,745,806,848,907,928,925,971,997
South East,E07000210,Mole Valley,289,301,318,322,330,354,360,374,394,426,455,469,492,528,546,581,593,583,600,609
South East,E07000211,Reigate and Banstead,445,468,495,505,521,555,561,583,615,669,717,740,784,846,882,943,963,958,992,1014
South East,E07000212,Runnymede,260,276,287,295,304,324,327,338,354,381,409,420,443,478,496,533,548,545,569,586
South East,E07000213,Spelthorne,307,321,338,344,353,377,380,396,416,452,483,498,524,564,591,630,643,636,659,671
South East,E07000214,Surrey Heath,275,287,303,306,313,336,341,358,378,411,440,451,475,511,533,564,575,570,592,602
South East,E07000215,Tandridge,280,295,311,318,326,347,350,362,382,414,443,454,477,512,530,564,578,572,593,604
South East,E07000216,Waverley,394,414,431,438,451,483,489,510,535,578,617,636,670,720,751,794,810,801,830,846
South East,E07000217,Woking,304,318,334,340,351,373,378,394,419,458,493,510,539,584,613,649,663,653,676,689
South East,E07000223,Adur,204,212,222,237,248,258,264,275,288,312,330,344,368,394,410,439,446,436,457,465
South East,E07000224,Arun,477,497,526,560,587,611,631,666,702,758,806,840,897,962,1000,1073,1090,1066,1121,1149
South East,E07000225,Chichester,362,381,400,424,443,459,473,496,523,566,603,633,678,730,761,814,825,801,848,870
South East,E07000226,Crawley,298,315,331,355,373,382,390,409,432,467,498,518,554,603,632,679,684,679,702,711
South East,E07000227,Horsham,366,381,403,432,454,473,489,517,545,589,628,650,692,748,776,829,836,831,862,883
South East,E07000228,Mid Sussex,387,407,424,451,473,492,508,535,565,612,656,684,732,794,827,886,898,893,924,940
South East,E07000229,Worthing,336,349,368,390,406,422,435,456,481,520,554,579,619,668,701,749,758,739,780,798
South West,E06000022,Bath and North East Somerset,510,537,567,582,603,624,643,671,701,750,809,854,924,984,1023,1082,1101,1089,1155,1185
South West,E06000028,Bournemouth,513,534,554,606,640,650,667,684,696,755,817,850,914,996,1043,1112,1140,1132,1169,1183
South West,E06000023,"Bristol, City of",1079,1117,1143,1192,1228,1277,1346,1425,1446,1532,1661,1740,1883,1986,2045,2158,2201,2160,2230,2243
South West,E06000052,Cornwall,1429,1502,1564,1715,1914,2042,2082,2144,2224,2386,2624,2733,2929,3128,3248,3449,3498,3471,3589,3640
South West,E06000053,Isles of Scilly,6,6,6,7,8,9,9,9,10,10,12,12,13,13,14,15,15,15,15,15
South West,E06000024,North Somerset,569,602,633,648,673,697,722,759,797,863,934,988,1075,1146,1184,1249,1265,1251,1316,1342
South West,E06000026,Plymouth,675,695,722,771,790,835,894,907,923,985,1067,1133,1237,1342,1362,1441,1480,1471,1521,1533
South West,E06000029,Poole,444,460,474,515,542,549,565,581,587,639,686,713,763,815,842,886,903,893,915,921
South West,E06000025,South Gloucestershire,732,772,820,845,876,910,940,989,1036,1117,1202,1269,1384,1476,1535,1626,1651,1628,1717,1754
South West,E06000030,Swindon,401,424,435,483,516,557,590,626,652,683,734,777,861,927,979,1054,1078,1078,1102,1109
South West,E06000027,Torbay,425,442,461,491,507,533,562,582,609,659,705,729,779,838,854,899,908,896,896,897
South West,E06000054,Wiltshire,1211,1274,1350,1493,1524,1586,1659,1746,1837,1982,2185,2315,2505,2680,2817,2985,3104,3092,3247,3321
South West,E07000040,East Devon,420,436,464,472,498,528,552,568,589,634,686,723,781,826,853,914,936,928,970,994
South West,E07000041,Exeter,371,392,412,418,441,462,482,489,513,549,593,622,675,720,749,809,839,836,881,903
South West,E07000042,Mid Devon,228,240,255,261,277,295,310,321,333,360,393,416,454,482,499,533,545,539,558,566
South West,E07000043,North Devon,295,307,324,329,347,369,389,400,414,445,480,506,549,581,601,638,650,639,660,670
South West,E07000044,South Hams,275,288,306,310,325,343,356,363,374,403,433,455,492,520,535,569,583,574,595,601
South West,E07000045,Teignbridge,401,424,447,455,480,509,532,544,560,600,644,678,734,774,795,850,874,866,903,920
South West,E07000046,Torridge,189,201,213,219,234,250,263,272,281,304,328,346,374,397,409,440,451,446,465,475
South West,E07000047,West Devon,161,170,179,184,194,209,216,222,229,247,269,286,312,332,343,366,374,369,382,388
South West,E07000048,Christchurch,156,164,173,182,186,194,205,214,228,244,265,277,297,324,338,354,367,371,384,392
South West,E07000049,East Dorset,292,307,323,340,349,364,386,404,428,457,496,515,546,592,615,647,667,668,691,703
South West,E07000050,North Dorset,210,223,235,251,257,270,289,305,328,355,388,402,425,461,486,511,530,530,550,560
South West,E07000051,Purbeck,158,166,173,181,185,191,200,209,222,237,257,267,283,307,318,334,345,346,360,366
South West,E07000052,West Dorset,321,338,354,373,384,402,430,450,480,515,559,582,619,673,700,734,759,762,786,801
South West,E07000053,Weymouth and Portland,226,236,244,257,265,277,293,304,322,343,371,384,408,442,459,480,494,493,508,516
South West,E07000078,Cheltenham,332,346,364,389,404,409,420,443,469,506,547,577,630,679,688,728,746,743,759,767
South West,E07000079,Cotswold,245,257,270,288,295,300,312,330,348,374,404,424,457,488,495,524,543,542,557,563
South West,E07000080,Forest of Dean,239,253,266,284,294,298,310,327,345,371,398,419,453,484,489,519,534,534,551,559
South West,E07000081,Gloucester,329,345,367,392,404,412,428,454,482,523,570,605,660,713,725,774,802,803,828,839
South West,E07000082,Stroud,329,346,361,384,397,403,418,442,466,501,540,569,618,664,673,711,735,736,760,768
South West,E07000083,Tewkesbury,237,240,253,272,281,288,298,314,331,358,386,407,445,482,490,520,543,548,566,579
South West,E07000187,Mendip,308,321,341,356,394,407,426,447,469,506,553,582,624,663,681,719,726,731,748,756
South West,E07000188,Sedgemoor,315,332,349,363,402,416,437,459,484,524,576,605,649,692,715,758,773,783,802,810
South West,E07000189,South Somerset,455,478,503,520,573,592,622,654,690,745,816,859,923,978,1009,1065,1080,1084,1105,1112
South West,E07000190,Taunton Deane,302,317,333,346,389,405,426,447,471,508,556,584,628,668,688,728,739,743,763,775
South West,E07000191,West Somerset,102,108,115,120,133,137,143,149,154,165,180,189,202,213,215,226,226,226,231,230
Wales,W06000001,Isle of Anglesey,233,244,251,277,270,275,296,309,322,329,359,379,401,447,463,470,477,461,484,489
Wales,W06000002,Gwynedd,364,379,383,401,429,455,467,494,513,546,596,615,645,671,685,703,715,701,747,755
Wales,W06000003,Conwy,379,394,407,437,444,476,499,532,558,593,628,652,689,724,755,804,802,800,819,812
Wales,W06000004,Denbighshire,317,330,344,372,377,402,421,445,467,493,522,540,568,594,615,654,654,652,667,661
Wales,W06000005,Flintshire,405,426,436,507,509,534,563,585,606,645,706,739,782,848,889,921,951,942,979,982
Wales,W06000006,Wrexham,352,367,377,438,441,461,486,504,523,560,615,646,686,747,786,817,843,832,860,860
Wales,W06000023,Powys,338,357,376,437,463,505,549,582,593,633,674,701,743,810,848,900,927,915,937,940
Wales,W06000008,Ceredigion,229,241,251,268,289,306,323,335,342,365,381,394,420,446,462,488,495,482,498,496
Wales,W06000009,Pembrokeshire,356,372,378,403,433,463,492,515,531,574,605,636,684,723,753,791,806,794,829,837
Wales,W06000010,Carmarthenshire,547,572,583,619,665,708,752,785,808,871,918,959,1028,1085,1130,1184,1206,1186,1242,1252
Wales,W06000011,Swansea,756,787,805,851,898,960,976,1037,1061,1128,1183,1251,1358,1411,1434,1517,1523,1542,1546,1524
Wales,W06000012,Neath Port Talbot,445,463,467,527,541,555,596,625,640,675,723,753,803,864,856,885,899,887,914,914
Wales,W06000013,Bridgend,416,437,444,501,519,533,573,601,618,655,707,740,793,857,854,884,904,893,923,925
Wales,W06000014,Vale of Glamorgan,343,361,371,409,419,448,466,491,506,546,582,602,635,688,715,739,747,727,746,747
Wales,W06000015,Cardiff,900,943,977,1067,1090,1162,1205,1275,1323,1431,1530,1592,1700,1857,1949,2028,2064,2014,2084,2094
Wales,W06000016,Rhondda Cynon Taf,679,704,728,789,831,901,927,1006,1031,1084,1145,1179,1248,1318,1351,1416,1399,1340,1396,1408
Wales,W06000024,Merthyr Tydfil,165,172,176,191,201,218,223,241,248,262,279,290,309,329,339,354,350,334,348,353
Wales,W06000018,Caerphilly,495,517,534,626,642,673,735,771,773,806,860,892,943,986,1031,1083,1066,1019,1069,1079
Wales,W06000019,Blaenau Gwent,213,219,225,261,265,274,297,310,310,323,343,353,372,386,403,422,415,395,412,416
Wales,W06000020,Torfaen,270,281,289,338,344,358,389,405,406,422,447,461,486,504,526,552,543,519,544,550
Wales,W06000021,Monmouthshire,239,246,258,298,312,343,357,373,386,416,440,459,493,528,557,592,580,585,590,584
Wales,W06000022,Newport,379,402,420,482,505,557,573,592,608,656,695,727,782,840,888,944,922,929,941,936
Scotland,S12000033,Aberdeen City,546,567,596,654,689,707,708,733,775,805,891,928,993,1049,1089,1167,1191,1167,1207,1227
Scotland,S12000034,Aberdeenshire,568,595,631,696,738,768,783,828,882,926,1025,1070,1139,1200,1242,1326,1352,1328,1372,1400
Scotland,S12000041,Angus,308,321,333,362,391,415,433,467,479,503,548,566,592,617,652,687,696,695,716,718
Scotland,S12000035,Argyll and Bute,263,275,292,316,326,356,371,387,409,443,477,493,525,574,574,585,590,581,594,600
Scotland,S12000036,City of Edinburgh,1375,1432,1482,1530,1587,1715,1720,1771,1842,1970,2130,2201,2329,2510,2650,2810,2749,2714,2761,2778
Scotland,S12000005,Clackmannanshire,135,141,146,159,160,174,183,192,197,207,230,245,266,289,296,312,319,313,326,329
Scotland,S12000006,Dumfries and Galloway,493,514,544,541,560,588,589,604,617,648,718,775,856,890,904,953,976,966,1017,1040
Scotland,S12000042,Dundee City,424,438,449,487,525,550,574,607,617,642,694,713,749,781,826,874,887,882,907,914
Scotland,S12000008,East Ayrshire,322,332,340,367,400,435,465,483,487,511,562,588,633,679,698,734,752,732,765,779
Scotland,S12000045,East Dunbartonshire,341,357,371,398,412,426,436,452,467,495,535,561,605,662,668,709,711,700,723,733
Scotland,S12000010,East Lothian,255,269,287,306,299,311,349,369,383,407,452,477,512,547,558,606,622,619,632,638
Scotland,S12000011,East Renfrewshire,267,279,290,314,336,350,363,384,396,414,440,457,485,515,526,559,573,565,600,615
Scotland,S12000014,Falkirk,386,406,430,450,488,539,577,597,613,637,693,727,772,795,825,884,884,869,890,895
Scotland,S12000015,Fife,965,1006,1047,1150,1163,1265,1333,1394,1428,1492,1630,1727,1873,2041,2101,2230,2285,2245,2334,2375
Scotland,S12000046,Glasgow City,1952,1995,2013,2117,2174,2251,2361,2449,2440,2509,2692,2775,2934,3018,3057,3155,3135,3112,3170,3151
Scotland,S12000017,Highland,565,591,623,652,679,740,777,833,862,917,1006,1087,1173,1295,1306,1384,1388,1360,1447,1482
Scotland,S12000018,Inverclyde,262,272,280,299,316,326,336,354,364,380,402,417,440,464,470,495,503,489,513,519
Scotland,S12000019,Midlothian,231,244,259,276,269,277,306,321,331,347,381,399,427,455,466,506,519,523,536,543
Scotland,S12000020,Moray,217,227,238,246,257,277,290,314,319,339,372,417,447,506,496,532,542,535,563,574
Scotland,S12000013,Na h-Eileanan Siar,63,64,65,81,80,87,93,97,97,97,113,123,136,151,160,162,154,152,167,172
Scotland,S12000021,North Ayrshire,366,378,389,419,452,494,530,550,557,585,643,671,719,770,791,827,845,822,857,869
Scotland,S12000044,North Lanarkshire,944,975,999,1054,1074,1144,1172,1211,1232,1275,1389,1461,1582,1651,1691,1755,1761,1772,1792,1787
Scotland,S12000023,Orkney Islands,52,55,59,50,55,55,59,66,73,78,92,97,105,113,117,120,122,125,128,129
Scotland,S12000024,Perth and Kinross,404,422,442,475,527,543,566,616,642,699,764,774,799,851,905,961,966,932,970,989
Scotland,S12000038,Renfrewshire,533,555,572,613,649,671,693,733,755,790,842,878,932,990,1011,1070,1089,1066,1127,1153
Scotland,S12000026,Scottish Borders ,264,278,298,344,369,379,407,441,464,479,533,558,593,663,671,687,731,751,772,782
Scotland,S12000027,Shetland Islands,48,51,52,52,54,58,59,68,74,79,87,92,106,107,101,103,109,113,119,121
Scotland,S12000028,South Ayrshire,342,356,367,380,416,448,474,495,510,547,586,619,676,752,772,812,793,785,813,823
Scotland,S12000029,South Lanarkshire,859,896,916,978,994,1084,1129,1215,1275,1339,1437,1480,1570,1688,1756,1818,1824,1801,1877,1900
Scotland,S12000030,Stirling,253,265,280,303,337,348,362,391,407,442,479,479,491,523,557,592,597,573,600,616
Scotland,S12000039,West Dunbartonshire,297,311,322,344,355,369,377,390,403,429,465,487,525,573,576,605,603,589,606,612
Scotland,S12000040,West Lothian,348,367,380,444,465,496,539,576,576,612,696,727,785,826,845,905,895,886,924,938
Northern Ireland,N09000001,Antrim and Newtownabbey,320,345,334,364,363,407,440,484,517,549,614,635,673,725,761,803,828,811,828,844
Northern Ireland,N09000011,Ards and North Down,375,405,391,427,430,480,516,565,602,641,712,736,779,841,884,932,962,945,1014,1050
Northern Ireland,N09000002,"Armagh City, Banbridge and Craigavon",423,455,441,473,483,537,586,640,693,743,824,857,914,1006,1062,1119,1150,1130,1115,1121
Northern Ireland,N09000003,Belfast,1049,1116,1082,1158,1129,1203,1272,1361,1421,1464,1604,1665,1733,1820,1877,1944,1985,1952,1971,1993
Northern Ireland,N09000004,Causeway Coast and Glens,292,315,303,337,357,394,454,498,528,551,598,621,664,715,759,790,795,800,844,863
Northern Ireland,N09000005,Derry City and Strabane,344,373,365,404,421,458,519,563,596,616,667,696,736,788,831,866,864,883,870,865
Northern Ireland,N09000006,Fermanagh and Omagh,264,284,280,287,287,309,349,379,401,421,464,476,504,547,571,608,595,591,614,626
Northern Ireland,N09000007,Lisburn and Castlereagh,317,340,328,358,354,391,424,470,500,531,598,617,653,700,738,781,808,803,811,824
Northern Ireland,N09000008,Mid and East Antrim,315,338,327,357,360,405,437,478,510,544,602,623,659,716,752,791,814,796,819,838
Northern Ireland,N09000009,Mid Ulster,296,317,309,317,318,342,388,424,455,484,543,558,596,649,688,726,734,731,738,745
Northern Ireland,N09000010,"Newry, Mourne and Down",383,410,401,422,428,470,518,566,607,645,715,739,784,855,903,953,972,957,954,961
,,,,,,,,,,,,,,,,,,,,,,
1 Totals may not sum due to rounding.,,,,,,,,,,,,,,,,,,,,,,