D.1 Compensation of Employees by Local Authority1 ,,,,,,,,,,,,,,,,,,,,,,
,,,,,,,,,,,,,,,,,,,,,,£ million
Region,LAU1 code,LA name,1997,1998,1999,2000,2001,2002,2003,2004,2005,2006,2007,2008,2009,2010,2011,2012,2013,2014,2015,2016
North East,E06000047,County Durham,3241,3518,3679,3915,4135,4272,4411,4641,4771,5023,5185,5274,5277,5510,5559,5661,5856,5890,6052,6106
North East,E06000005,Darlington,656,682,709,732,770,811,847,887,943,1005,1062,1048,1081,1100,1079,1100,1160,1169,1215,1214
North East,E06000001,Hartlepool,625,651,686,710,750,773,809,870,905,965,994,1049,1042,1053,1075,1073,1073,1092,1122,1117
North East,E06000002,Middlesbrough,923,918,976,1027,1088,1097,1128,1177,1226,1304,1343,1353,1339,1380,1377,1441,1489,1550,1552,1551
North East,E06000057,Northumberland,2146,2289,2460,2536,2635,2702,2906,3040,3270,3489,3582,3748,3762,3843,3862,3925,3979,3977,4005,3903
North East,E06000003,Redcar and Cleveland,893,889,941,991,1049,1056,1092,1139,1179,1249,1276,1286,1270,1299,1282,1327,1366,1420,1421,1406
North East,E06000004,Stockton-on-Tees,1268,1338,1428,1493,1586,1647,1730,1854,1931,2056,2114,2223,2214,2242,2283,2283,2283,2332,2398,2386
North East,E08000037,Gateshead,1298,1384,1397,1464,1551,1603,1675,1773,1798,1900,2005,2021,2042,2124,2147,2191,2247,2325,2382,2446
North East,E08000021,Newcastle upon Tyne,1892,2007,2027,2112,2246,2338,2445,2596,2664,2818,2976,2984,3023,3176,3222,3333,3476,3613,3722,3850
North East,E08000022,North Tyneside,1239,1339,1355,1440,1551,1611,1685,1783,1809,1916,2018,2037,2054,2132,2149,2192,2254,2324,2358,2414
North East,E08000023,South Tyneside,995,1067,1082,1137,1218,1254,1299,1366,1376,1444,1512,1516,1524,1575,1581,1615,1655,1702,1729,1769
North East,E08000024,Sunderland,1783,1851,1975,2070,2207,2253,2319,2417,2509,2685,2797,2812,2763,2887,2916,2994,3120,3122,3183,3348
North West,E06000008,Blackburn with Darwen,817,845,871,901,939,951,986,1023,1082,1150,1183,1155,1139,1238,1199,1199,1201,1209,1258,1306
North West,E06000009,Blackpool,825,884,911,941,996,1018,989,1008,1022,1077,1156,1182,1179,1201,1276,1216,1207,1249,1308,1383
North West,E06000049,Cheshire East,2836,2901,3095,3296,3502,3701,4068,4461,4642,4865,5007,5027,4945,5022,5059,5123,5366,5484,5622,5832
North West,E06000050,Cheshire West and Chester,2505,2566,2736,2912,3098,3274,3594,3940,4105,4304,4431,4451,4380,4447,4336,4490,4587,4629,4673,4612
North West,E06000006,Halton,722,766,819,869,937,973,1011,1081,1136,1204,1283,1313,1312,1345,1357,1377,1405,1415,1498,1541
North West,E06000007,Warrington,1503,1596,1717,1794,1937,1991,2058,2218,2296,2467,2647,2677,2588,2699,2804,2921,2960,3007,3110,3305
North West,E07000026,Allerdale,615,680,693,722,801,785,823,850,863,925,992,1020,1036,1072,1082,1120,1169,1198,1262,1328
North West,E07000027,Barrow-in-Furness,470,517,535,556,614,598,621,640,647,688,732,752,765,791,795,817,847,863,908,952
North West,E07000028,Carlisle,677,749,763,800,857,889,982,1086,1138,1182,1232,1217,1247,1293,1275,1304,1375,1368,1390,1431
North West,E07000029,Copeland,467,513,523,544,603,590,617,642,653,701,751,774,784,816,820,847,879,894,937,974
North West,E07000030,Eden,326,365,374,392,422,432,476,520,538,552,573,568,583,605,591,604,633,632,641,658
North West,E07000031,South Lakeland,654,732,747,790,844,859,941,1023,1059,1081,1117,1105,1131,1167,1138,1150,1211,1205,1231,1269
North West,E08000001,Bolton,1962,2072,2201,2364,2498,2562,2658,2761,2806,2932,3074,3103,3089,3196,3225,3291,3375,3411,3376,3424
North West,E08000002,Bury,1175,1251,1351,1462,1533,1577,1635,1700,1728,1810,1903,1903,1882,1949,1954,1986,2038,2067,2126,2156
North West,E08000003,Manchester,1706,1898,2214,2412,2604,2773,2987,3251,3553,3856,4128,4273,4325,4520,4692,4808,4990,5198,5410,5691
North West,E08000004,Oldham ,1405,1485,1601,1736,1836,1879,1942,2023,2058,2154,2260,2270,2248,2327,2348,2395,2465,2507,2603,2660
North West,E08000005,Rochdale,1303,1386,1501,1646,1744,1791,1867,1944,1982,2076,2177,2190,2165,2238,2259,2292,2352,2389,2465,2512
North West,E08000006,Salford,2112,2199,2329,2405,2491,2535,2616,2717,2825,2962,3079,3175,3189,3301,3364,3418,3540,3588,3832,4014
North West,E08000007,Stockport,2062,2201,2377,2483,2583,2629,2712,2802,2904,3035,3155,3212,3196,3291,3334,3356,3441,3500,3600,3734
North West,E08000008,Tameside,1557,1651,1783,1872,1959,2007,2079,2163,2256,2376,2479,2540,2535,2626,2668,2686,2743,2778,2845,2960
North West,E08000009,Trafford,2033,2151,2269,2330,2410,2457,2533,2617,2701,2820,2932,2989,2992,3073,3109,3132,3243,3272,3435,3558
North West,E08000010,Wigan,2351,2464,2626,2819,2948,3015,3122,3244,3293,3435,3594,3624,3595,3711,3731,3785,3875,3919,3880,3927
North West,E07000117,Burnley,526,563,586,621,666,695,723,767,789,830,884,901,888,912,909,905,906,921,955,979
North West,E07000118,Chorley,689,728,765,812,872,918,964,1022,1053,1109,1184,1217,1213,1249,1254,1261,1297,1342,1403,1477
North West,E07000119,Fylde,518,552,565,594,632,659,687,724,741,773,823,835,836,857,851,846,859,872,909,915
North West,E07000120,Hyndburn,469,501,525,559,602,632,660,699,721,761,815,831,823,848,841,833,833,847,878,901
North West,E07000121,Lancaster,801,858,908,961,1039,1095,1155,1235,1280,1346,1433,1461,1458,1511,1511,1521,1542,1541,1553,1645
North West,E07000122,Pendle,505,541,570,611,663,695,723,765,790,835,895,914,910,934,930,926,930,938,975,1004
North West,E07000123,Preston,1018,1071,1111,1159,1240,1304,1373,1464,1523,1612,1715,1749,1735,1794,1803,1808,1817,1833,1916,1925
North West,E07000124,Ribble Valley,400,423,443,463,496,520,543,573,585,611,646,658,652,668,661,663,674,682,714,721
North West,E07000125,Rossendale,390,415,435,462,497,524,548,581,603,636,685,703,704,728,724,722,726,739,770,791
North West,E07000126,South Ribble,789,837,868,909,975,1018,1058,1108,1130,1185,1257,1291,1294,1324,1317,1305,1314,1327,1381,1384
North West,E07000127,West Lancashire,736,778,806,846,909,951,991,1046,1074,1132,1208,1228,1222,1257,1246,1244,1269,1315,1368,1435
North West,E07000128,Wyre,575,620,644,693,752,799,838,893,919,969,1036,1057,1048,1071,1060,1054,1068,1068,1077,1137
North West,E08000011,Knowsley ,874,934,995,1058,1150,1187,1225,1298,1362,1436,1523,1551,1541,1565,1571,1602,1642,1658,1762,1820
North West,E08000012,Liverpool,2571,2718,2883,3049,3166,3325,3528,3662,3811,4104,4299,4272,4348,4610,4639,4823,5030,5146,5375,5633
North West,E08000014,Sefton,1999,2077,2167,2286,2414,2478,2535,2646,2715,2712,2861,2986,3076,3118,3101,3159,3251,3234,3302,3305
North West,E08000013,St. Helens,1051,1111,1193,1264,1357,1401,1447,1531,1601,1684,1781,1814,1806,1833,1840,1880,1923,1943,2064,2134
North West,E08000015,Wirral,2205,2387,2483,2680,2893,3033,3199,3236,3299,3266,3536,3664,3614,3763,3740,3783,3921,3980,4065,4110
Yorkshire and The Humber,E06000011,East Riding of Yorkshire,2071,2239,2358,2485,2692,2926,3194,3413,3559,3773,3907,3967,3932,3981,4033,4051,4097,4087,4208,4414
Yorkshire and The Humber,E06000010,"Kingston upon Hull, City of",1496,1636,1730,1865,1961,1997,2069,2154,2238,2289,2337,2387,2355,2446,2506,2523,2582,2647,2705,2867
Yorkshire and The Humber,E06000012,North East Lincolnshire,1031,1125,1165,1220,1309,1349,1440,1505,1518,1602,1691,1698,1652,1677,1734,1749,1798,1801,1823,1874
Yorkshire and The Humber,E06000013,North Lincolnshire,1015,1113,1150,1213,1297,1341,1437,1514,1536,1636,1742,1765,1724,1754,1812,1837,1886,1893,1925,1996
Yorkshire and The Humber,E06000014,York,1300,1481,1629,1722,1892,1946,1990,2050,2058,2208,2373,2347,2348,2436,2444,2589,2688,2809,2909,3033
Yorkshire and The Humber,E07000163,Craven,352,385,400,428,462,485,513,546,588,638,655,666,678,675,677,697,700,680,695,743
Yorkshire and The Humber,E07000164,Hambleton,588,641,661,705,752,795,839,881,939,1024,1055,1080,1109,1107,1118,1153,1158,1113,1142,1210
Yorkshire and The Humber,E07000165,Harrogate,1024,1120,1164,1253,1363,1428,1508,1592,1705,1847,1900,1940,1995,1999,2020,2095,2104,2031,2084,2189
Yorkshire and The Humber,E07000166,Richmondshire,314,354,365,402,436,461,492,524,573,631,660,682,702,705,714,747,750,706,715,783
Yorkshire and The Humber,E07000167,Ryedale,336,368,381,404,438,459,487,518,554,596,610,620,637,630,631,656,662,647,668,712
Yorkshire and The Humber,E07000168,Scarborough,713,770,798,844,903,963,1023,1085,1159,1250,1278,1302,1334,1330,1327,1370,1370,1318,1346,1413
Yorkshire and The Humber,E07000169,Selby,535,579,605,649,706,746,791,839,902,984,1023,1059,1094,1098,1104,1149,1160,1131,1163,1237
Yorkshire and The Humber,E08000016,Barnsley,1378,1487,1580,1664,1770,1840,1947,2005,2086,2214,2312,2329,2327,2406,2449,2522,2629,2694,2724,2867
Yorkshire and The Humber,E08000017,Doncaster,1799,1934,2056,2173,2306,2403,2547,2616,2726,2893,3025,3051,3053,3153,3190,3264,3374,3427,3448,3624
Yorkshire and The Humber,E08000018,Rotherham ,1580,1699,1800,1891,2015,2092,2211,2271,2357,2487,2579,2586,2582,2656,2688,2752,2837,2895,2915,3056
Yorkshire and The Humber,E08000019,Sheffield,3689,3990,4143,4382,4653,4790,4984,5346,5483,5575,5594,5769,5856,5935,5949,6010,6208,6433,6575,6938
Yorkshire and The Humber,E08000032,Bradford ,2991,3187,3360,3567,3765,3970,4146,4298,4356,4613,4819,4886,4796,4892,4900,5037,5193,5334,5527,5747
Yorkshire and The Humber,E08000033,Calderdale,1307,1431,1485,1575,1667,1736,1837,1914,1976,2062,2167,2179,2158,2204,2238,2320,2377,2408,2444,2545
Yorkshire and The Humber,E08000034,Kirklees ,2656,2910,3031,3215,3409,3560,3766,3927,4056,4240,4456,4480,4448,4560,4652,4828,4954,5026,5119,5339
Yorkshire and The Humber,E08000035,Leeds ,5625,6036,6327,6677,7033,7176,7378,7689,7936,8434,9095,9163,8890,9155,9523,9441,9578,9828,10181,10777
Yorkshire and The Humber,E08000036,Wakefield,2122,2323,2421,2565,2720,2841,3000,3132,3234,3378,3549,3572,3544,3627,3572,3683,3820,3898,3948,4035
East Midlands,E06000015,Derby ,1556,1673,1743,1746,1921,2005,2139,2282,2259,2589,2601,2551,2772,2706,2600,2717,2884,2951,3059,3249
East Midlands,E06000016,Leicester,1868,1912,2008,2126,2225,2288,2366,2456,2529,2761,2881,2844,2904,3041,3071,3192,3285,3353,3469,3699
East Midlands,E06000018,Nottingham,1663,1814,1910,1939,1995,2060,2156,2217,2333,2475,2571,2664,2609,2643,2744,2791,3029,3056,3219,3272
East Midlands,E06000017,Rutland ,251,263,291,309,333,357,384,408,424,447,472,470,470,485,485,473,490,495,497,516
East Midlands,E07000032,Amber Valley,756,863,956,943,991,1054,1191,1261,1310,1395,1452,1471,1439,1497,1623,1609,1746,1704,1782,1902
East Midlands,E07000033,Bolsover,413,457,498,520,563,610,644,662,680,734,768,759,753,778,787,817,845,851,887,903
East Midlands,E07000034,Chesterfield,590,650,701,727,776,836,880,908,936,1009,1051,1038,1033,1064,1074,1109,1150,1151,1189,1205
East Midlands,E07000035,Derbyshire Dales,449,515,566,555,576,606,677,713,733,773,806,817,794,828,892,882,952,928,962,1024
East Midlands,E07000036,Erewash,704,814,891,883,937,994,1115,1178,1217,1285,1341,1362,1336,1392,1509,1499,1623,1594,1671,1784
East Midlands,E07000037,High Peak,580,663,729,725,763,806,906,957,993,1056,1106,1119,1093,1135,1225,1215,1314,1282,1341,1428
East Midlands,E07000038,North East Derbyshire,583,637,694,719,764,816,851,872,891,952,991,973,961,985,989,1018,1049,1046,1076,1098
East Midlands,E07000039,South Derbyshire,527,615,674,670,710,768,882,944,990,1064,1121,1146,1130,1180,1290,1290,1411,1393,1472,1582
East Midlands,E07000129,Blaby,663,710,767,810,879,933,998,1061,1088,1144,1205,1201,1200,1239,1250,1255,1273,1280,1294,1341
East Midlands,E07000130,Charnwood,1173,1242,1351,1413,1529,1619,1734,1865,1927,2033,2154,2160,2191,2288,2324,2361,2407,2445,2507,2601
East Midlands,E07000131,Harborough,550,589,638,676,740,795,852,912,941,997,1059,1057,1065,1107,1125,1132,1155,1156,1180,1218
East Midlands,E07000132,Hinckley and Bosworth,753,800,868,904,976,1032,1107,1190,1229,1292,1359,1352,1351,1391,1403,1403,1419,1426,1447,1498
East Midlands,E07000133,Melton,347,366,403,426,461,489,524,560,574,602,638,633,635,661,671,671,678,677,678,692
East Midlands,E07000134,North West Leicestershire,629,671,727,765,828,887,954,1029,1065,1126,1194,1193,1198,1236,1248,1251,1272,1287,1320,1370
East Midlands,E07000135,Oadby and Wigston,410,427,466,489,527,561,602,650,660,697,731,722,709,723,746,746,753,749,755,765
East Midlands,E07000136,Boston,358,390,408,438,469,481,530,562,593,632,675,703,712,746,762,761,789,806,804,819
East Midlands,E07000137,East Lindsey,784,847,911,991,1058,1087,1189,1250,1311,1361,1424,1446,1421,1455,1472,1461,1491,1514,1499,1506
East Midlands,E07000138,Lincoln,562,608,653,706,763,783,871,934,996,1047,1104,1130,1129,1188,1229,1256,1294,1319,1320,1340
East Midlands,E07000139,North Kesteven,571,619,678,742,801,831,921,966,1018,1071,1137,1175,1173,1216,1252,1258,1291,1326,1327,1352
East Midlands,E07000140,South Holland,469,513,543,586,627,643,712,755,800,849,903,935,940,979,1007,1006,1034,1061,1063,1083
East Midlands,E07000141,South Kesteven,821,894,943,1010,1082,1102,1203,1257,1318,1380,1452,1485,1480,1533,1576,1583,1631,1669,1658,1681
East Midlands,E07000142,West Lindsey,509,553,584,628,675,697,772,814,861,903,958,984,976,1011,1033,1037,1068,1088,1087,1099
East Midlands,E07000150,Corby,397,414,433,458,495,502,544,583,625,683,748,774,772,799,840,890,933,956,1021,1068
East Midlands,E07000151,Daventry,539,562,597,644,713,730,793,862,911,980,1058,1057,1028,1047,1129,1133,1168,1186,1225,1305
East Midlands,E07000152,East Northamptonshire,543,575,610,656,717,737,813,875,931,1010,1088,1108,1081,1095,1126,1167,1209,1224,1302,1354
East Midlands,E07000153,Kettering,605,635,668,708,765,783,859,926,986,1068,1161,1187,1169,1186,1229,1282,1331,1351,1425,1480
East Midlands,E07000154,Northampton,1558,1614,1711,1807,1944,1966,2117,2296,2450,2660,2899,2933,2872,2959,3227,3275,3393,3468,3589,3810
East Midlands,E07000155,South Northamptonshire,607,623,672,721,785,811,874,955,1023,1095,1179,1172,1127,1145,1223,1239,1291,1315,1358,1432
East Midlands,E07000156,Wellingborough,528,547,584,624,674,688,742,789,839,898,958,971,945,957,984,1017,1038,1050,1111,1153
East Midlands,E07000170,Ashfield,693,764,818,850,916,981,1034,1112,1150,1192,1265,1288,1317,1338,1335,1339,1379,1420,1457,1510
East Midlands,E07000171,Bassetlaw,669,739,791,823,882,940,994,1063,1090,1128,1198,1220,1243,1260,1244,1244,1270,1301,1325,1364
East Midlands,E07000172,Broxtowe,873,942,1007,1025,1068,1133,1242,1323,1350,1432,1524,1604,1576,1579,1602,1662,1654,1719,1773,1863
East Midlands,E07000173,Gedling,886,969,1033,1049,1097,1159,1263,1343,1365,1444,1541,1620,1593,1605,1636,1690,1691,1767,1820,1916
East Midlands,E07000174,Mansfield,625,684,732,753,794,847,901,967,999,1044,1119,1148,1175,1192,1181,1183,1210,1240,1268,1314
East Midlands,E07000175,Newark and Sherwood,653,725,770,799,853,909,966,1041,1074,1118,1192,1218,1243,1262,1249,1255,1292,1326,1356,1405
East Midlands,E07000176,Rushcliffe,817,902,965,993,1046,1111,1218,1297,1321,1406,1499,1581,1553,1573,1588,1636,1646,1718,1782,1872
West Midlands,E06000019,"Herefordshire, County of",993,1065,1084,1194,1303,1341,1394,1527,1609,1734,1816,1844,1825,1905,1944,1998,2183,2180,2196,2277
West Midlands,E06000051,Shropshire,1756,1924,2028,2119,2260,2380,2542,2731,2837,3071,3250,3424,3484,3561,3556,3561,3600,3655,3817,3975
West Midlands,E06000021,Stoke-on-Trent,1547,1605,1736,1793,1827,1850,1926,1932,2110,2191,2354,2379,2353,2418,2514,2611,2717,2730,2801,2925
West Midlands,E06000020,Telford and Wrekin,1126,1188,1234,1286,1370,1454,1562,1666,1684,1795,1883,1878,1839,1903,1964,2035,2120,2146,2153,2269
West Midlands,E07000192,Cannock Chase,672,728,772,819,888,931,987,997,1042,1110,1163,1188,1189,1211,1208,1242,1295,1313,1350,1415
West Midlands,E07000193,East Staffordshire,721,788,829,887,967,1010,1082,1097,1149,1235,1306,1345,1347,1383,1388,1423,1485,1510,1560,1644
West Midlands,E07000194,Lichfield,703,754,791,832,888,923,973,984,1024,1098,1151,1174,1169,1190,1181,1203,1256,1271,1317,1383
West Midlands,E07000195,Newcastle-under-Lyme,881,946,1014,1077,1158,1207,1273,1287,1338,1426,1491,1505,1492,1518,1514,1553,1637,1668,1733,1845
West Midlands,E07000196,South Staffordshire,782,834,884,937,1009,1045,1093,1093,1130,1202,1254,1272,1262,1288,1277,1303,1390,1406,1444,1514
West Midlands,E07000197,Stafford,908,968,1020,1073,1147,1200,1269,1279,1336,1433,1509,1544,1539,1575,1569,1611,1683,1698,1747,1854
West Midlands,E07000198,Staffordshire Moorlands,682,734,777,827,891,927,971,974,1011,1079,1124,1140,1131,1145,1134,1153,1200,1216,1251,1313
West Midlands,E07000199,Tamworth,549,600,635,676,736,765,804,807,840,895,936,952,949,963,954,976,1013,1019,1048,1095
West Midlands,E07000218,North Warwickshire,509,537,575,623,669,694,728,770,784,819,854,864,849,864,870,909,943,968,998,1064
West Midlands,E07000219,Nuneaton and Bedworth,963,1015,1086,1173,1272,1322,1404,1489,1521,1606,1695,1734,1713,1752,1779,1860,1940,1984,2033,2181
West Midlands,E07000220,Rugby,694,730,784,849,930,977,1027,1097,1134,1213,1295,1336,1332,1378,1412,1477,1553,1607,1671,1793
West Midlands,E07000221,Stratford-on-Avon,895,950,1003,1085,1166,1207,1270,1341,1375,1461,1551,1581,1551,1584,1602,1660,1730,1774,1833,1963
West Midlands,E07000222,Warwick,1004,1060,1142,1248,1371,1454,1565,1690,1749,1854,1964,2002,1980,2011,2014,2113,2197,2257,2313,2476
West Midlands,E08000025,Birmingham,6561,7008,7400,7757,8196,8283,8373,8700,8909,9361,9809,9872,9771,10206,10423,10664,10967,11572,11796,12312
West Midlands,E08000026,Coventry,2190,2319,2489,2670,2821,2853,2873,2974,2978,3063,3266,3289,3277,3442,3467,3562,3705,3867,4012,4202
West Midlands,E08000027,Dudley ,2195,2324,2436,2559,2693,2734,2794,2919,2989,3091,3221,3276,3251,3392,3478,3575,3626,3675,3763,3945
West Midlands,E08000028,Sandwell ,1758,1863,1955,2054,2163,2200,2250,2351,2415,2503,2609,2650,2630,2755,2825,2960,3085,3164,3311,3352
West Midlands,E08000029,Solihull,1838,1934,2009,2125,2398,2502,2589,2734,2870,2854,2929,2890,2830,2912,3109,3143,3360,3413,3537,3759
West Midlands,E08000030,Walsall,1658,1794,1888,1940,1973,2032,2090,2128,2139,2228,2330,2345,2342,2418,2447,2517,2583,2654,2729,2818
West Midlands,E08000031,Wolverhampton,1659,1794,1887,1939,1972,2028,2086,2122,2130,2218,2319,2337,2334,2407,2436,2481,2502,2554,2629,2758
West Midlands,E07000234,Bromsgrove,643,693,715,749,807,862,919,995,1069,1138,1153,1143,1134,1142,1154,1178,1210,1225,1272,1346
West Midlands,E07000235,Malvern Hills,509,553,569,592,633,669,708,765,817,865,869,856,844,859,868,883,908,917,948,996
West Midlands,E07000236,Redditch,589,644,674,710,768,812,865,937,1009,1082,1096,1093,1084,1098,1111,1127,1146,1145,1186,1239
West Midlands,E07000237,Worcester,678,753,784,828,892,942,1002,1085,1171,1250,1267,1267,1267,1287,1314,1353,1394,1406,1463,1550
West Midlands,E07000238,Wychavon,796,867,914,965,1039,1096,1157,1249,1335,1413,1425,1403,1389,1406,1419,1447,1488,1506,1578,1664
West Midlands,E07000239,Wyre Forest,722,784,813,849,906,953,1006,1084,1160,1222,1226,1205,1182,1186,1191,1205,1230,1237,1289,1352
East of England,E06000055,Bedford,1150,1217,1301,1409,1509,1610,1706,1772,1813,1917,2026,2080,2098,2177,2215,2228,2346,2436,2600,2760
East of England,E06000056,Central Bedfordshire,2119,2240,2394,2592,2774,2957,3130,3250,3323,3511,3713,3817,3842,3978,4049,4103,4412,4454,4574,4851
East of England,E06000032,Luton,1362,1404,1478,1595,1687,1721,1786,1836,1903,1998,2062,2071,2084,2144,2190,2250,2299,2376,2430,2578
East of England,E06000031,Peterborough,1206,1349,1488,1673,1731,1712,1768,1786,1864,2025,2177,2220,2164,2247,2245,2272,2386,2507,2676,2809
East of England,E06000033,Southend-on-Sea,1266,1377,1474,1578,1669,1684,1753,1801,1830,1923,2034,2026,2043,2120,2168,2199,2340,2405,2517,2723
East of England,E06000034,Thurrock,1108,1211,1250,1309,1394,1445,1523,1659,1778,1876,1974,2055,2060,2079,2066,2098,2193,2289,2338,2463
East of England,E07000008,Cambridge,923,1004,1141,1245,1324,1390,1492,1623,1848,1942,1970,1975,2014,2081,2122,2177,2273,2369,2456,2582
East of England,E07000009,East Cambridgeshire,527,592,658,726,772,820,894,942,1030,1112,1172,1181,1218,1226,1230,1284,1342,1413,1452,1541
East of England,E07000010,Fenland,593,647,726,791,842,897,957,1047,1143,1242,1313,1319,1353,1362,1360,1414,1479,1547,1604,1712
East of England,E07000011,Huntingdonshire,1230,1320,1475,1610,1705,1807,1902,2077,2243,2393,2479,2487,2525,2532,2540,2636,2750,2882,2971,3158
East of England,E07000012,South Cambridgeshire,1002,1083,1212,1308,1406,1493,1583,1716,1872,2008,2095,2107,2161,2187,2202,2286,2373,2490,2577,2754
East of England,E07000066,Basildon,1353,1469,1618,1699,1859,1917,1977,2086,2148,2249,2348,2416,2490,2502,2551,2596,2646,2649,2757,2941
East of England,E07000067,Braintree,850,952,1075,1156,1286,1353,1412,1512,1570,1659,1744,1797,1865,1867,1904,1931,1998,1980,2020,2136
East of England,E07000068,Brentwood,727,764,808,834,883,902,928,969,992,1034,1076,1113,1155,1165,1189,1206,1273,1312,1337,1386
East of England,E07000069,Castle Point,723,785,847,885,959,983,1011,1053,1076,1114,1154,1176,1206,1200,1207,1216,1226,1211,1251,1333
East of England,E07000070,Chelmsford,1685,1790,1918,1987,2142,2210,2287,2400,2448,2531,2612,2679,2750,2764,2796,2831,2963,3012,3066,3187
East of England,E07000071,Colchester,1070,1168,1317,1393,1543,1598,1663,1777,1870,1977,2085,2154,2239,2267,2326,2385,2485,2492,2603,2796
East of England,E07000072,Epping Forest,1046,1121,1224,1276,1379,1420,1457,1522,1561,1631,1694,1741,1790,1783,1807,1838,1898,1935,2088,2220
East of England,E07000073,Harlow,661,727,791,833,910,929,952,999,1028,1070,1118,1153,1197,1201,1225,1245,1282,1309,1413,1500
East of England,E07000074,Maldon,583,637,692,729,791,808,827,857,869,900,932,955,972,968,972,980,1023,1042,1050,1091
East of England,E07000075,Rochford,629,685,751,790,858,888,915,964,994,1041,1091,1124,1152,1155,1165,1181,1190,1185,1230,1312
East of England,E07000076,Tendring,776,872,977,1047,1157,1206,1253,1326,1362,1424,1487,1515,1556,1540,1551,1562,1621,1611,1653,1765
East of England,E07000077,Uttlesford,605,652,707,738,798,823,851,896,924,971,1020,1059,1102,1123,1152,1177,1226,1255,1361,1452
East of England,E07000095,Broxbourne,810,891,938,1051,1148,1179,1219,1285,1334,1411,1511,1515,1604,1577,1582,1651,1758,1785,1846,1921
East of England,E07000096,Dacorum,1315,1443,1496,1665,1808,1850,1922,2026,2083,2201,2338,2347,2491,2458,2480,2593,2773,2822,2933,3065
East of England,E07000242,East Hertfordshire,1270,1393,1434,1591,1735,1782,1844,1941,1995,2105,2248,2260,2394,2353,2367,2466,2642,2693,2802,2933
East of England,E07000098,Hertsmere,869,964,1002,1121,1220,1246,1293,1355,1394,1481,1587,1604,1702,1682,1689,1752,1861,1887,1946,2021
East of England,E07000099,North Hertfordshire,1099,1204,1248,1393,1520,1566,1637,1739,1791,1899,2031,2040,2157,2123,2142,2225,2370,2419,2498,2608
East of England,E07000240,St Albans,1263,1366,1421,1576,1706,1756,1822,1917,1969,2085,2221,2238,2374,2348,2369,2457,2619,2672,2766,2878
East of England,E07000243,Stevenage,740,808,846,952,1048,1080,1124,1186,1223,1288,1373,1388,1474,1455,1478,1540,1641,1662,1725,1799
East of England,E07000102,Three Rivers,777,840,892,991,1066,1099,1146,1206,1244,1311,1403,1411,1498,1469,1471,1537,1643,1669,1742,1822
East of England,E07000103,Watford,792,878,908,1011,1099,1121,1172,1244,1298,1360,1457,1485,1592,1596,1629,1707,1843,1885,1954,2026
East of England,E07000241,Welwyn Hatfield,907,987,1042,1161,1260,1305,1378,1482,1575,1695,1834,1840,1952,1942,1964,2045,2204,2261,2389,2566
East of England,E07000143,Breckland,723,797,856,913,978,997,1033,1073,1126,1160,1258,1312,1315,1357,1406,1461,1495,1480,1525,1574
East of England,E07000144,Broadland,836,912,954,1002,1052,1066,1095,1125,1157,1179,1260,1297,1298,1332,1365,1408,1443,1439,1521,1596
East of England,E07000145,Great Yarmouth,632,681,716,751,792,803,831,860,891,907,972,1011,1016,1050,1080,1110,1136,1134,1196,1250
East of England,E07000146,King’s Lynn and West Norfolk,659,730,788,850,917,946,991,1038,1101,1143,1255,1312,1324,1380,1434,1494,1549,1539,1521,1603
East of England,E07000147,North Norfolk,461,513,552,593,637,653,678,704,740,756,822,851,845,874,913,949,979,970,958,1008
East of England,E07000148,Norwich,927,987,1036,1093,1161,1185,1229,1277,1338,1373,1470,1534,1551,1620,1678,1758,1821,1836,1960,2081
East of England,E07000149,South Norfolk,685,752,797,846,900,925,960,997,1037,1062,1148,1201,1220,1275,1328,1389,1424,1420,1471,1529
East of England,E07000200,Babergh,542,585,625,677,742,767,814,853,892,905,949,993,1003,1037,1030,1044,1069,1081,1124,1190
East of England,E07000201,Forest Heath,449,459,489,533,521,542,584,610,647,642,673,702,716,752,772,782,794,836,869,906
East of England,E07000202,Ipswich,755,821,878,952,1051,1097,1174,1263,1364,1387,1478,1581,1634,1729,1744,1795,1838,1862,1949,2068
East of England,E07000203,Mid Suffolk,555,598,650,707,779,808,855,905,957,976,1043,1098,1117,1163,1162,1188,1218,1240,1293,1370
East of England,E07000204,St Edmundsbury,651,723,761,830,904,940,997,1056,1113,1134,1206,1274,1299,1365,1371,1394,1423,1439,1495,1577
East of England,E07000205,Suffolk Coastal,754,798,839,905,980,1015,1076,1140,1203,1227,1310,1377,1391,1439,1430,1447,1481,1499,1560,1657
East of England,E07000206,Waveney,687,737,790,860,945,982,1040,1102,1161,1169,1231,1288,1297,1334,1316,1342,1371,1375,1430,1514
London,E09000007,Camden,1025,1376,1894,2623,2776,2683,2927,3459,4157,4881,5593,5459,5604,5755,5526,5757,6364,6050,6625,7145
London,E09000001,City of London,32,44,69,100,107,101,108,125,147,177,214,204,208,207,195,168,156,143,165,189
London,E09000012,Hackney ,419,586,811,1136,1265,1297,1449,1664,1970,2388,2712,2733,2836,3032,3144,3259,3374,3487,3687,3924
London,E09000013,Hammersmith and Fulham ,3998,4314,4748,5293,5436,5351,5500,5924,6381,7071,7806,7753,7910,8110,7862,7892,8637,9009,8551,8747
London,E09000014,Haringey,2665,2811,3018,3302,3433,3448,3602,3832,4062,4467,4761,4825,4881,5109,5149,5230,5393,5563,5609,5723
London,E09000019,Islington,2209,2359,2491,2744,2848,2842,2989,3175,3394,3719,3989,3985,4049,4272,4411,4548,4736,4974,5092,5224
London,E09000020,Kensington and Chelsea,3682,3956,4308,4920,5099,4979,5182,5561,6053,6484,6945,6854,6820,6887,6514,6455,7106,7438,7055,7134
London,E09000022,Lambeth ,2164,2375,2630,3019,3153,3150,3354,3636,3953,4436,4778,4767,4832,5114,5251,5396,5641,5786,6393,6456
London,E09000023,Lewisham ,1717,1921,2155,2501,2609,2604,2779,3025,3313,3729,4026,4016,4051,4276,4369,4478,4761,5033,5229,5347
London,E09000025,Newham ,482,673,936,1314,1480,1538,1713,1936,2242,2712,3115,3155,3329,3672,3883,4008,4123,4249,4515,4852
London,E09000028,Southwark,1699,1903,2163,2553,2688,2683,2873,3155,3504,4007,4372,4349,4409,4694,4816,4944,5271,5538,5757,5853
London,E09000030,Tower Hamlets,2318,2494,2685,2975,3130,3155,3328,3545,3797,4220,4542,4612,4744,5012,5145,5307,5692,6048,6499,6737
London,E09000032,Wandsworth,1914,2344,2979,3883,4093,3994,4298,4995,6003,7087,8222,8108,8346,8564,8179,8286,8860,9835,10146,10629
London,E09000033,Westminster,2009,2343,2859,3592,3804,3756,4031,4666,5401,6101,6817,6585,6653,6797,6487,6653,7231,7526,8109,8436
London,E09000002,Barking and Dagenham,1181,1351,1413,1511,1675,1710,1800,1851,1889,1988,2149,2231,2270,2378,2440,2529,2622,2702,2832,3087
London,E09000003,Barnet,2025,2344,2600,2892,3143,3290,3498,3694,3958,4242,4522,4620,4667,4875,5018,5320,5566,5757,6231,6539
London,E09000004,Bexley,2406,2588,2651,2738,2902,2909,3024,3088,3121,3234,3416,3481,3470,3543,3551,3612,3721,3840,4025,4143
London,E09000005,Brent ,1554,1794,2021,2287,2497,2596,2745,2895,3144,3429,3725,3841,3910,4097,4250,4478,4729,4987,5269,5496
London,E09000006,Bromley,2794,3076,3294,3602,3840,3941,4233,4500,4670,4972,5293,5272,5146,5353,5522,5631,5904,6177,6495,6707
London,E09000008,Croydon,2029,2311,2572,2936,3197,3324,3663,3966,4178,4537,4943,4926,4827,5071,5336,5472,5647,5682,5862,6181
London,E09000009,Ealing,3062,3384,3618,3881,4135,4245,4438,4616,4833,5096,5371,5483,5513,5716,5837,6066,6436,6766,7023,7350
London,E09000010,Enfield,1821,2078,2184,2336,2590,2654,2813,2919,3008,3200,3492,3599,3616,3741,3826,3941,4061,4219,4487,4638
London,E09000011,Greenwich,2388,2590,2661,2789,3025,3107,3277,3397,3469,3638,3865,3968,3988,4128,4224,4359,4506,4668,4940,5104
London,E09000015,Harrow,1495,1692,1851,2029,2210,2314,2456,2606,2808,2997,3188,3245,3272,3413,3484,3648,3790,3837,3951,4087
London,E09000016,Havering,1747,1932,1995,2091,2252,2279,2400,2479,2538,2679,2883,2953,2938,3002,3026,3094,3170,3244,3366,3625
London,E09000017,Hillingdon,1754,1990,2175,2372,2558,2674,2836,2990,3178,3397,3618,3698,3733,3891,4030,4288,4532,4647,4847,5043
London,E09000018,Hounslow,3274,3518,3644,3820,4018,4090,4219,4369,4543,4780,5034,5169,5250,5468,5605,5848,6197,6324,6712,7310
London,E09000021,Kingston upon Thames,1569,1729,1859,2023,2151,2205,2363,2524,2615,2777,2934,2933,2853,2966,3061,3146,3309,3320,3529,3735
London,E09000024,Merton,2018,2191,2349,2586,2757,2803,2976,3138,3255,3466,3697,3698,3631,3767,3878,3940,4111,4080,4273,4473
London,E09000026,Redbridge,1906,2099,2188,2311,2518,2574,2738,2837,2926,3106,3368,3471,3480,3575,3654,3769,3924,4034,4171,4400
London,E09000027,Richmond upon Thames,2655,2814,2943,3065,3193,3259,3414,3532,3630,3753,3836,3862,3838,3919,3929,4051,4300,4391,4643,5054
London,E09000029,Sutton,1898,2063,2185,2360,2485,2532,2712,2864,2953,3128,3316,3321,3263,3391,3501,3577,3755,3757,3945,4164
London,E09000031,Waltham Forest,1815,2022,2081,2195,2401,2451,2573,2659,2738,2915,3176,3306,3345,3475,3553,3646,3780,3841,3953,4166
South East,E06000036,Bracknell Forest,1140,1215,1274,1423,1473,1517,1580,1640,1707,1809,1947,1987,1939,1976,2039,2119,2255,2280,2351,2511
South East,E06000043,Brighton and Hove,1843,2016,2173,2284,2421,2555,2591,2800,2981,3144,3336,3467,3499,3608,3707,3737,3859,3840,4000,4122
South East,E06000046,Isle of Wight,689,755,811,857,925,961,988,1040,1101,1187,1283,1296,1275,1341,1354,1284,1309,1325,1330,1326
South East,E06000035,Medway,1965,2099,2253,2447,2553,2653,2707,2793,2879,3020,3270,3345,3371,3412,3498,3540,3541,3643,3781,3927
South East,E06000042,Milton Keynes,1707,1899,2144,2365,2556,2684,2791,2941,3156,3429,3648,3766,3702,3866,3964,3986,4084,4190,4328,4685
South East,E06000044,Portsmouth,1199,1302,1414,1537,1550,1635,1676,1709,1741,1803,1887,1931,2001,2087,2082,2043,2120,2202,2311,2417
South East,E06000038,Reading,1480,1607,1675,1895,1986,2040,2137,2237,2375,2534,2744,2809,2734,2798,2887,2991,3183,3206,3297,3540
South East,E06000039,Slough,1188,1292,1352,1534,1612,1667,1735,1805,1914,2065,2262,2357,2353,2433,2548,2636,2784,2803,2884,3094
South East,E06000045,Southampton,1533,1664,1701,1810,1948,1983,1996,2127,2166,2373,2551,2567,2554,2598,2630,2643,2739,2815,2964,2986
South East,E06000037,West Berkshire,1480,1578,1645,1837,1902,1945,2024,2112,2209,2353,2543,2605,2543,2578,2628,2700,2859,2862,2931,3133
South East,E06000040,Windsor and Maidenhead,1380,1444,1491,1673,1717,1767,1844,1931,2028,2164,2335,2388,2332,2375,2446,2516,2658,2677,2748,2953
South East,E06000041,Wokingham,1540,1656,1718,1934,2008,2052,2124,2204,2282,2409,2582,2626,2557,2581,2638,2732,2889,2907,2998,3217
South East,E07000004,Aylesbury Vale,1549,1718,1910,2059,2329,2372,2375,2459,2547,2842,3002,2991,3013,3163,3226,3236,3381,3604,3810,3966
South East,E07000005,Chiltern,863,933,1013,1069,1178,1199,1204,1253,1297,1446,1523,1509,1514,1575,1576,1561,1609,1697,1763,1805
South East,E07000006,South Bucks,572,628,682,734,814,827,831,873,916,1021,1087,1086,1102,1156,1172,1164,1204,1270,1326,1358
South East,E07000007,Wycombe,1582,1725,1881,2011,2242,2298,2308,2397,2493,2771,2923,2912,2938,3081,3137,3114,3195,3350,3470,3526
South East,E07000061,Eastbourne,552,598,643,683,714,737,776,838,885,984,1091,1121,1125,1214,1190,1215,1328,1315,1331,1371
South East,E07000062,Hastings,548,588,650,692,727,745,780,829,864,949,1048,1078,1092,1176,1151,1175,1282,1265,1281,1320
South East,E07000063,Lewes,565,608,672,716,746,764,790,837,861,948,1046,1073,1087,1175,1149,1179,1294,1284,1294,1331
South East,E07000064,Rother,503,548,590,620,634,648,675,716,742,818,904,929,934,1006,975,995,1084,1081,1096,1129
South East,E07000065,Wealden,906,994,1061,1116,1152,1173,1219,1290,1328,1465,1608,1633,1638,1770,1734,1783,1960,1961,1994,2053
South East,E07000084,Basingstoke and Deane,1645,1734,1829,1942,2054,2161,2223,2348,2400,2512,2662,2727,2760,2852,2915,3029,3185,3240,3270,3363
South East,E07000085,East Hampshire,888,943,1017,1087,1187,1258,1289,1369,1402,1482,1591,1628,1640,1700,1733,1795,1871,1896,1975,2067
South East,E07000086,Eastleigh,806,880,979,1063,1156,1238,1278,1369,1422,1519,1640,1672,1686,1752,1798,1867,1949,1981,1971,2071
South East,E07000087,Fareham,755,825,891,961,1048,1119,1150,1222,1245,1316,1418,1447,1456,1503,1533,1598,1671,1704,1704,1801
South East,E07000088,Gosport,547,597,640,692,752,804,838,900,932,998,1079,1109,1113,1142,1164,1212,1258,1287,1290,1367
South East,E07000089,Hart,935,983,1016,1069,1126,1185,1217,1289,1320,1388,1469,1493,1490,1517,1528,1574,1655,1686,1702,1750
South East,E07000090,Havant,804,878,949,1016,1097,1177,1212,1288,1326,1401,1498,1529,1538,1585,1620,1682,1748,1780,1788,1886
South East,E07000091,New Forest,1282,1374,1472,1572,1689,1805,1865,1985,2042,2158,2302,2340,2352,2418,2458,2534,2632,2670,2776,2916
South East,E07000092,Rushmoor,956,1041,1104,1146,1237,1287,1316,1380,1409,1483,1576,1616,1620,1671,1706,1762,1842,1868,1868,1938
South East,E07000093,Test Valley,885,965,1030,1106,1201,1279,1324,1413,1453,1537,1648,1682,1681,1724,1761,1823,1910,1948,2045,2174
South East,E07000094,Winchester,868,951,1020,1090,1173,1251,1295,1379,1417,1498,1608,1655,1675,1735,1772,1849,1934,1980,2088,2221
South East,E07000105,Ashford,818,876,959,1026,1099,1156,1196,1282,1343,1436,1535,1553,1567,1622,1656,1711,1799,1818,1863,1907
South East,E07000106,Canterbury,568,640,752,841,921,1006,1066,1178,1247,1360,1488,1490,1503,1583,1634,1710,1797,1854,1913,1965
South East,E07000107,Dartford,592,642,706,758,804,850,880,954,1008,1085,1169,1187,1206,1255,1285,1328,1378,1423,1489,1548
South East,E07000108,Dover,435,491,572,637,696,753,789,866,915,990,1080,1078,1088,1131,1154,1176,1222,1248,1257,1271
South East,E07000109,Gravesham,644,694,766,825,878,919,946,1015,1057,1126,1210,1217,1231,1276,1297,1331,1375,1416,1469,1507
South East,E07000110,Maidstone,1200,1275,1372,1454,1531,1602,1651,1756,1814,1928,2059,2085,2111,2191,2230,2283,2401,2431,2517,2556
South East,E07000111,Sevenoaks,1341,1394,1466,1514,1566,1602,1634,1715,1759,1835,1915,1919,1917,1964,1983,2020,2159,2188,2285,2232
South East,E07000112,Shepway,396,446,521,581,630,685,721,795,850,927,1014,1018,1035,1081,1109,1135,1170,1192,1208,1222
South East,E07000113,Swale,818,884,980,1062,1135,1202,1245,1331,1375,1467,1584,1605,1618,1683,1716,1762,1818,1866,1940,2014
South East,E07000114,Thanet,501,567,659,730,800,872,910,997,1053,1140,1239,1244,1261,1314,1345,1388,1449,1491,1517,1527
South East,E07000115,Tonbridge and Malling,1310,1372,1447,1504,1572,1627,1668,1750,1789,1884,1988,2012,2032,2106,2132,2183,2355,2396,2532,2496
South East,E07000116,Tunbridge Wells,1247,1315,1385,1449,1514,1558,1590,1666,1700,1785,1891,1937,1959,2021,2049,2084,2232,2252,2347,2299
South East,E07000177,Cherwell,1091,1203,1284,1432,1530,1613,1659,1759,1834,2063,2125,2116,2171,2166,2186,2276,2386,2452,2564,2692
South East,E07000178,Oxford,1217,1349,1458,1611,1715,1830,1928,2067,2214,2440,2482,2448,2517,2550,2615,2733,2871,2987,3100,3255
South East,E07000179,South Oxfordshire,1062,1175,1245,1361,1455,1531,1553,1633,1700,1899,1954,1936,1986,1974,1996,2079,2178,2247,2343,2461
South East,E07000180,Vale of White Horse,948,1039,1104,1213,1308,1371,1400,1474,1543,1733,1781,1755,1800,1795,1820,1898,1988,2046,2159,2295
South East,E07000181,West Oxfordshire,799,866,922,1004,1071,1123,1156,1226,1285,1455,1522,1511,1555,1554,1569,1657,1737,1771,1842,1921
South East,E07000207,Elmbridge,1253,1368,1497,1612,1686,1785,1865,1988,2149,2362,2452,2435,2396,2485,2536,2638,2755,2832,2877,2947
South East,E07000208,Epsom and Ewell,589,656,727,791,830,884,922,994,1083,1202,1266,1273,1261,1325,1372,1440,1487,1504,1573,1623
South East,E07000209,Guildford,1385,1510,1661,1783,1887,1970,2027,2154,2296,2529,2628,2626,2609,2738,2844,2988,3135,3239,3363,3481
South East,E07000210,Mole Valley,688,754,839,909,956,1010,1058,1131,1219,1344,1406,1404,1387,1444,1485,1555,1597,1594,1653,1702
South East,E07000211,Reigate and Banstead,1085,1212,1349,1476,1569,1655,1724,1852,2002,2222,2339,2341,2338,2448,2534,2660,2728,2754,2876,2978
South East,E07000212,Runnymede,819,905,985,1069,1124,1173,1211,1277,1359,1480,1555,1552,1541,1612,1649,1748,1849,1901,1959,2044
South East,E07000213,Spelthorne,962,1041,1131,1211,1260,1315,1357,1441,1543,1700,1773,1782,1776,1855,1915,2006,2097,2140,2172,2221
South East,E07000214,Surrey Heath,884,959,1047,1109,1151,1197,1237,1320,1417,1556,1621,1610,1601,1666,1710,1778,1852,1897,1934,1968
South East,E07000215,Tandridge,672,751,834,914,966,1012,1051,1121,1211,1338,1401,1394,1378,1435,1479,1551,1600,1610,1679,1731
South East,E07000216,Waverley,1200,1313,1410,1515,1585,1656,1712,1814,1920,2093,2165,2161,2145,2219,2277,2365,2463,2511,2556,2620
South East,E07000217,Woking,950,1036,1125,1207,1274,1324,1374,1466,1587,1765,1855,1867,1860,1945,2015,2088,2171,2209,2233,2279
South East,E07000223,Adur,330,373,423,453,490,510,529,561,593,638,681,681,665,700,707,724,770,784,824,844
South East,E07000224,Arun,735,835,965,1027,1102,1150,1200,1286,1374,1474,1574,1571,1533,1615,1634,1671,1770,1799,1893,1956
South East,E07000225,Chichester,575,662,757,807,868,898,930,987,1050,1126,1202,1211,1184,1250,1270,1297,1377,1387,1472,1527
South East,E07000226,Crawley,1102,1188,1277,1327,1384,1390,1417,1482,1546,1637,1725,1754,1739,1823,1855,1901,2011,2001,2050,2094
South East,E07000227,Horsham,1322,1395,1510,1561,1625,1660,1704,1777,1840,1928,2011,2022,1990,2067,2074,2102,2220,2214,2277,2353
South East,E07000228,Mid Sussex,1414,1519,1603,1647,1712,1748,1795,1866,1929,2024,2124,2150,2127,2218,2247,2285,2428,2423,2483,2546
South East,E07000229,Worthing,527,598,692,739,794,826,865,925,994,1071,1152,1163,1138,1207,1236,1263,1334,1358,1436,1486
South West,E06000022,Bath and North East Somerset,1255,1400,1536,1658,1746,1786,1921,1997,2074,2219,2301,2338,2313,2402,2450,2528,2661,2708,2842,2996
South West,E06000028,Bournemouth,1069,1153,1246,1323,1415,1476,1550,1682,1878,1991,2139,2168,2136,2284,2296,2381,2532,2521,2707,2778
South West,E06000023,"Bristol, City of",2914,3120,3275,3498,3741,3739,3898,4138,4293,4660,4958,4986,5036,5333,5477,5488,5713,6017,6265,6434
South West,E06000052,Cornwall,2539,2787,2904,3079,3369,3479,3604,3866,4095,4432,4664,4661,4792,4907,4921,5004,5047,5072,5166,5400
South West,E06000053,Isles of Scilly,10,11,13,14,15,16,16,18,18,21,22,22,21,21,21,22,21,22,22,23
South West,E06000024,North Somerset,1363,1532,1668,1781,1872,1905,2056,2141,2228,2414,2505,2537,2517,2603,2620,2685,2793,2828,2923,3047
South West,E06000026,Plymouth,1605,1716,1788,1907,1982,2036,2164,2233,2349,2505,2630,2720,2762,2903,2917,2872,2897,2956,3012,2973
South West,E06000029,Poole,930,992,1058,1108,1171,1211,1269,1369,1508,1600,1690,1708,1673,1732,1708,1737,1830,1816,1934,1967
South West,E06000025,South Gloucestershire,1858,2068,2272,2452,2577,2632,2831,2957,3070,3306,3409,3450,3442,3576,3640,3771,3948,3993,4137,4328
South West,E06000030,Swindon,1649,1859,2029,2085,2218,2312,2443,2594,2704,2896,2998,3121,3327,3201,3222,3266,3390,3457,3529,3670
South West,E06000027,Torbay,607,637,689,761,795,821,879,953,1018,1068,1130,1144,1156,1192,1201,1230,1257,1283,1298,1390
South West,E06000054,Wiltshire,3250,3448,3717,3974,4355,4652,4958,5178,5405,5751,6005,6090,6219,6328,6370,6455,6642,6808,6994,7159
South West,E07000040,East Devon,625,673,707,760,836,876,918,981,1027,1125,1191,1204,1248,1253,1241,1283,1321,1325,1367,1417
South West,E07000041,Exeter,648,712,746,801,890,925,973,1029,1097,1197,1268,1280,1337,1357,1363,1429,1504,1528,1605,1677
South West,E07000042,Mid Devon,370,406,426,461,512,539,568,610,638,702,748,761,797,798,797,818,842,841,859,882
South West,E07000043,North Devon,478,515,538,575,632,663,700,748,783,858,902,912,951,953,948,966,990,983,1004,1033
South West,E07000044,South Hams,441,479,505,543,591,618,643,680,708,774,814,820,849,844,829,844,867,862,880,898
South West,E07000045,Teignbridge,631,694,722,776,855,898,943,1003,1045,1139,1196,1208,1260,1256,1241,1274,1318,1324,1363,1405
South West,E07000046,Torridge,301,333,352,382,428,448,473,506,528,579,609,616,639,640,634,656,675,673,691,714
South West,E07000047,West Devon,263,288,299,324,359,383,392,417,434,475,504,515,538,540,535,548,563,561,568,583
South West,E07000048,Christchurch,245,271,283,305,335,353,380,399,400,449,468,475,480,497,506,515,534,547,550,567
South West,E07000049,East Dorset,496,545,565,606,664,702,755,791,788,882,916,918,917,937,948,966,991,1000,1004,1022
South West,E07000050,North Dorset,374,415,434,473,521,558,611,645,655,744,784,784,780,795,816,834,862,867,873,889
South West,E07000051,Purbeck,278,305,315,337,369,388,412,431,434,486,506,507,505,516,520,530,544,551,556,565
South West,E07000052,West Dorset,543,600,619,668,739,785,855,896,900,1011,1053,1060,1063,1094,1105,1127,1161,1166,1163,1186
South West,E07000053,Weymouth and Portland,411,451,459,497,553,588,633,658,659,735,764,766,768,783,792,807,824,823,818,830
South West,E07000078,Cheltenham,840,882,938,1011,1097,1122,1146,1233,1365,1458,1514,1546,1577,1621,1662,1700,1738,1837,1839,1853
South West,E07000079,Cotswold,595,627,663,710,758,775,802,860,941,998,1030,1043,1046,1057,1079,1101,1138,1209,1221,1232
South West,E07000080,Forest of Dean,597,636,674,719,777,792,819,876,955,1011,1040,1055,1055,1068,1087,1113,1146,1216,1230,1245
South West,E07000081,Gloucester,817,860,930,1002,1078,1110,1152,1251,1383,1489,1563,1610,1639,1685,1731,1789,1853,1975,2001,2026
South West,E07000082,Stroud,810,854,903,963,1038,1059,1091,1171,1282,1361,1404,1428,1446,1476,1506,1535,1585,1691,1717,1730
South West,E07000083,Tewkesbury,600,594,636,689,738,758,781,835,912,970,1002,1022,1037,1066,1092,1119,1165,1251,1268,1295
South West,E07000187,Mendip,649,704,774,827,888,891,971,1039,1075,1141,1176,1203,1217,1285,1310,1317,1335,1381,1397,1431
South West,E07000188,Sedgemoor,654,719,777,828,885,891,972,1044,1084,1162,1208,1237,1252,1327,1363,1374,1408,1462,1480,1518
South West,E07000189,South Somerset,937,1024,1113,1179,1252,1260,1377,1473,1532,1639,1695,1734,1758,1848,1889,1894,1926,1982,1996,2037
South West,E07000190,Taunton Deane,628,684,744,791,865,880,963,1027,1069,1139,1175,1202,1225,1299,1328,1335,1363,1400,1420,1461
South West,E07000191,West Somerset,193,213,238,254,271,270,294,310,316,334,344,351,353,371,371,368,369,375,374,377
Wales,W06000001,Isle of Anglesey,389,416,434,443,467,486,525,561,573,591,652,671,660,655,661,678,715,714,744,751
Wales,W06000002,Gwynedd,555,593,628,675,720,772,816,881,946,1015,1038,983,1026,1063,1083,1107,1131,1143,1175,1202
Wales,W06000003,Conwy,565,609,639,685,790,820,866,925,958,988,1045,1072,1056,1098,1116,1138,1154,1166,1182,1198
Wales,W06000004,Denbighshire,487,524,555,601,695,719,757,802,829,848,895,919,903,935,943,957,971,980,989,1003
Wales,W06000005,Flintshire,1030,1118,1183,1262,1335,1359,1466,1554,1588,1619,1657,1678,1690,1750,1789,1817,1887,1922,1980,2083
Wales,W06000006,Wrexham,880,950,1014,1082,1151,1175,1268,1342,1375,1412,1451,1475,1494,1558,1598,1624,1682,1706,1749,1835
Wales,W06000023,Powys,593,578,664,693,752,764,842,919,969,1046,1107,1101,1110,1167,1132,1151,1161,1126,1119,1124
Wales,W06000008,Ceredigion,345,371,424,439,467,485,522,543,572,624,674,690,677,713,741,763,770,770,767,790
Wales,W06000009,Pembrokeshire,509,543,602,618,655,684,736,773,827,912,1002,1047,1039,1081,1126,1148,1165,1189,1201,1259
Wales,W06000010,Carmarthenshire,784,839,936,959,1023,1066,1154,1206,1287,1418,1550,1609,1594,1662,1730,1761,1788,1819,1847,1932
Wales,W06000011,Swansea,1347,1446,1530,1577,1762,1801,1939,2010,2000,2060,2156,2249,2229,2296,2316,2364,2443,2505,2542,2626
Wales,W06000012,Neath Port Talbot,904,968,997,1042,1101,1112,1195,1257,1277,1336,1411,1432,1398,1392,1409,1478,1533,1541,1586,1660
Wales,W06000013,Bridgend,863,935,963,1007,1070,1084,1164,1223,1244,1308,1392,1418,1389,1387,1409,1481,1547,1556,1607,1686
Wales,W06000014,Vale of Glamorgan,778,843,876,903,954,992,1072,1163,1198,1264,1344,1357,1366,1418,1422,1377,1378,1395,1428,1494
Wales,W06000015,Cardiff,2109,2274,2416,2490,2631,2753,2989,3274,3412,3607,3872,3958,4035,4234,4295,4208,4250,4321,4475,4714
Wales,W06000016,Rhondda Cynon Taf,1345,1402,1472,1532,1677,1729,1841,1947,2002,2086,2213,2248,2212,2288,2293,2314,2457,2515,2586,2707
Wales,W06000024,Merthyr Tydfil,318,334,349,365,404,415,440,461,477,501,538,553,551,576,583,584,620,631,650,682
Wales,W06000018,Caerphilly,1033,1118,1227,1279,1340,1367,1453,1525,1554,1585,1696,1695,1664,1735,1759,1824,1910,1936,2004,2061
Wales,W06000019,Blaenau Gwent,434,462,504,521,541,545,576,603,614,628,671,669,656,682,692,715,750,755,782,805
Wales,W06000020,Torfaen,555,597,648,673,704,711,754,785,799,812,866,860,844,875,886,919,962,972,1009,1037
Wales,W06000021,Monmouthshire,584,609,672,722,753,767,807,862,906,960,1016,1027,1000,1027,1065,1090,1120,1117,1148,1209
Wales,W06000022,Newport,911,988,1083,1162,1222,1260,1314,1390,1458,1556,1657,1693,1653,1710,1785,1832,1888,1887,1952,2076
Scotland,S12000033,Aberdeen City,1947,2058,2028,2146,2351,2456,2536,2733,2958,3139,3410,3551,3669,3863,4026,4318,4656,4828,4834,4731
Scotland,S12000034,Aberdeenshire,1931,2055,2042,2173,2390,2538,2665,2930,3178,3394,3663,3804,3886,4056,4174,4452,4769,4935,4922,4828
Scotland,S12000041,Angus,796,848,895,940,994,1020,1028,1072,1093,1148,1254,1334,1294,1277,1258,1275,1315,1346,1389,1406
Scotland,S12000035,Argyll and Bute,479,513,553,594,641,682,708,733,767,827,891,938,897,881,878,871,904,884,916,954
Scotland,S12000036,City of Edinburgh,3826,4138,4453,4745,5129,5383,5600,5885,6309,6750,7179,7022,7149,7196,7485,7846,8075,8124,8280,8874
Scotland,S12000005,Clackmannanshire,344,372,389,410,439,457,477,516,530,539,600,630,619,628,632,628,649,661,689,707
Scotland,S12000006,Dumfries and Galloway,833,880,905,952,1010,1081,1165,1237,1277,1359,1469,1480,1501,1547,1534,1568,1576,1595,1608,1723
Scotland,S12000042,Dundee City,1111,1175,1229,1289,1369,1391,1416,1454,1480,1541,1676,1785,1747,1736,1732,1773,1842,1881,1950,1984
Scotland,S12000008,East Ayrshire,785,825,870,921,990,1044,1074,1145,1212,1267,1346,1336,1356,1414,1421,1421,1484,1529,1508,1581
Scotland,S12000045,East Dunbartonshire,770,835,956,1016,1042,1079,1120,1152,1187,1262,1287,1316,1289,1325,1342,1351,1357,1379,1416,1504
Scotland,S12000010,East Lothian,634,669,709,749,819,881,960,1096,1132,1201,1289,1361,1367,1442,1479,1499,1590,1642,1675,1723
Scotland,S12000011,East Renfrewshire,705,748,796,864,948,957,988,969,995,1048,1136,1180,1165,1185,1187,1175,1241,1267,1301,1358
Scotland,S12000014,Falkirk,1001,1092,1168,1238,1292,1329,1425,1531,1618,1771,1893,1955,1882,1946,2015,2105,2145,2116,2170,2281
Scotland,S12000015,Fife,2417,2633,2774,2941,3164,3295,3454,3707,3794,3823,4181,4347,4275,4355,4408,4410,4584,4681,4881,5059
Scotland,S12000046,Glasgow City,3746,4027,4282,4599,4912,5153,5328,5440,5674,6031,6565,6625,6759,6859,6821,7066,7249,7501,7671,8028
Scotland,S12000017,Highland,1281,1394,1472,1568,1683,1759,1804,1840,1937,2233,2442,2571,2589,2665,2660,2768,2880,2905,2952,3059
Scotland,S12000018,Inverclyde,692,731,773,829,907,908,938,914,942,992,1075,1118,1098,1109,1104,1083,1132,1138,1159,1194
Scotland,S12000019,Midlothian,598,632,667,703,764,811,871,988,1010,1057,1112,1164,1157,1210,1249,1263,1335,1398,1431,1479
Scotland,S12000020,Moray,559,597,628,666,716,738,766,774,793,957,1062,1130,1130,1161,1117,1146,1208,1254,1314,1362
Scotland,S12000013,Na h-Eileanan Siar,182,200,199,188,204,209,225,227,253,249,279,286,287,292,277,289,313,309,314,303
Scotland,S12000021,North Ayrshire,881,929,976,1030,1101,1161,1195,1269,1341,1400,1487,1475,1482,1538,1543,1538,1600,1639,1618,1691
Scotland,S12000044,North Lanarkshire,2303,2483,2578,2738,2928,3016,3182,3348,3533,3631,3977,4119,4090,4134,4168,4274,4418,4563,4717,4930
Scotland,S12000023,Orkney Islands,84,108,121,118,127,144,162,174,170,194,246,257,261,259,281,288,288,263,275,306
Scotland,S12000024,Perth and Kinross,957,1004,1057,1096,1184,1251,1339,1497,1570,1676,1816,1836,1864,1881,1917,1907,1974,2069,2087,2161
Scotland,S12000038,Renfrewshire,1450,1531,1620,1740,1898,1900,1965,1926,1979,2090,2272,2375,2351,2389,2402,2367,2481,2516,2587,2710
Scotland,S12000026,Scottish Borders ,685,740,796,823,858,922,1045,1103,1125,1191,1251,1285,1290,1282,1289,1298,1365,1385,1415,1452
Scotland,S12000027,Shetland Islands,154,162,171,180,194,191,203,228,237,263,262,267,300,345,325,336,361,382,385,391
Scotland,S12000028,South Ayrshire,755,805,867,921,967,988,1065,1145,1188,1235,1294,1335,1285,1291,1333,1389,1421,1441,1459,1528
Scotland,S12000029,South Lanarkshire,2324,2576,2711,2832,2938,3069,3164,3343,3474,3578,3916,3988,4000,4104,4192,4333,4427,4361,4392,4465
Scotland,S12000030,Stirling,630,661,699,734,791,838,900,992,1044,1110,1192,1181,1188,1205,1236,1234,1287,1344,1378,1439
Scotland,S12000039,West Dunbartonshire,656,715,822,875,905,951,991,1023,1061,1138,1169,1197,1173,1207,1221,1217,1217,1228,1259,1335
Scotland,S12000040,West Lothian,1107,1232,1377,1504,1619,1703,1806,1892,1968,2135,2383,2381,2259,2394,2387,2408,2541,2581,2592,2582
Northern Ireland,N09000001,Antrim and Newtownabbey,859,903,966,1025,1093,1156,1219,1287,1337,1399,1487,1534,1539,1582,1622,1677,1705,1724,1771,1851
Northern Ireland,N09000011,Ards and North Down,968,1020,1091,1159,1245,1316,1383,1456,1513,1594,1689,1731,1737,1774,1817,1852,1876,1874,1912,1955
Northern Ireland,N09000002,"Armagh City, Banbridge and Craigavon",949,1017,1090,1153,1249,1312,1408,1501,1585,1733,1861,1902,1917,2036,2087,2102,2171,2329,2440,2543
Northern Ireland,N09000003,Belfast,2385,2510,2641,2778,2904,2946,2936,3014,3069,3238,3325,3559,3558,3655,3667,3758,3850,3773,3800,3978
Northern Ireland,N09000004,Causeway Coast and Glens,589,616,668,692,746,806,857,926,1007,1068,1149,1106,1133,1199,1235,1262,1278,1317,1383,1420
Northern Ireland,N09000005,Derry City and Strabane,652,682,742,768,819,877,925,994,1076,1135,1218,1173,1194,1243,1282,1302,1336,1319,1363,1413
Northern Ireland,N09000006,Fermanagh and Omagh,461,497,545,582,631,653,715,765,804,874,918,902,919,964,995,1017,1027,1028,1103,1163
Northern Ireland,N09000007,Lisburn and Castlereagh,889,923,984,1050,1125,1187,1241,1309,1356,1398,1473,1525,1537,1587,1652,1696,1728,1826,1949,2055
Northern Ireland,N09000008,Mid and East Antrim,807,852,908,959,1025,1082,1146,1211,1261,1342,1430,1467,1467,1500,1545,1579,1608,1678,1739,1818
Northern Ireland,N09000009,Mid Ulster,516,556,610,652,710,736,808,868,922,1018,1087,1078,1120,1177,1231,1234,1282,1351,1411,1457
Northern Ireland,N09000010,"Newry, Mourne and Down",773,825,897,946,1026,1073,1160,1241,1309,1428,1525,1537,1551,1612,1677,1704,1762,1740,1769,1834
,,,,,,,,,,,,,,,,,,,,,,
1 Totals may not sum due to rounding.,,,,,,,,,,,,,,,,,,,,,,