"D.5 Current taxes on income, wealth etc by Local Authority1 ",,,,,,,,,,,,,,,,,,,,,,
,,,,,,,,,,,,,,,,,,,,,,£ million
Region,LAU1 code,LA name,1997,1998,1999,2000,2001,2002,2003,2004,2005,2006,2007,2008,2009,2010,2011,2012,2013,2014,2015,2016
North East,E06000047,County Durham,642,740,777,831,864,876,913,967,1032,1070,1110,1165,1127,1132,1147,1124,1149,1144,1200,1218
North East,E06000005,Darlington,122,136,144,148,157,162,172,181,200,208,226,228,221,217,211,207,213,218,228,230
North East,E06000001,Hartlepool,124,138,145,151,159,161,169,183,193,207,217,235,221,212,220,211,209,211,222,224
North East,E06000002,Middlesbrough,176,189,200,211,217,212,222,230,246,260,271,285,267,263,262,263,272,280,293,295
North East,E06000057,Northumberland,451,498,550,573,576,593,626,662,779,792,820,874,831,831,845,821,817,825,871,874
North East,E06000003,Redcar and Cleveland,171,183,194,204,210,205,216,225,239,251,260,273,255,250,247,246,253,261,273,272
North East,E06000004,Stockton-on-Tees,250,282,300,316,334,341,358,388,408,438,459,495,468,448,466,446,442,449,473,477
North East,E08000037,Gateshead,249,283,288,301,320,322,338,359,369,387,421,433,411,415,423,410,420,431,448,458
North East,E08000021,Newcastle upon Tyne,362,408,414,432,461,465,488,520,541,567,617,631,600,611,624,614,639,659,688,709
North East,E08000022,North Tyneside,239,274,280,297,321,323,340,361,372,390,423,436,413,417,423,411,422,432,445,454
North East,E08000023,South Tyneside,192,219,224,235,252,252,263,277,284,295,318,325,307,308,311,303,310,317,326,333
North East,E08000024,Sunderland,327,368,389,406,424,424,442,466,497,526,554,566,527,539,538,524,528,534,560,574
North West,E06000008,Blackburn with Darwen,149,160,159,166,172,173,184,192,203,214,220,224,210,216,214,202,199,202,205,210
North West,E06000009,Blackpool,155,173,181,185,189,183,185,197,206,212,233,242,225,223,248,213,194,203,211,223
North West,E06000049,Cheshire East,658,711,759,809,854,910,983,1102,1171,1207,1246,1284,1203,1201,1201,1177,1237,1271,1374,1441
North West,E06000050,Cheshire West and Chester,580,626,667,712,750,799,864,967,1029,1060,1094,1126,1055,1053,990,989,1005,1016,1031,1017
North West,E06000006,Halton,137,155,166,175,187,187,195,210,225,243,266,283,262,262,260,254,250,251,267,277
North West,E06000007,Warrington,304,344,375,385,412,414,432,468,499,550,614,637,564,581,620,615,605,619,651,690
North West,E07000026,Allerdale,122,147,147,163,181,169,170,175,179,191,209,221,215,218,220,220,225,229,247,257
North West,E07000027,Barrow-in-Furness,93,111,114,125,139,129,128,132,134,142,154,162,158,160,161,159,162,164,176,183
North West,E07000028,Carlisle,137,170,170,176,188,196,220,247,262,267,278,281,278,280,273,259,270,265,270,280
North West,E07000029,Copeland,93,110,111,122,136,126,127,132,135,144,157,166,162,164,165,165,168,170,182,188
North West,E07000030,Eden,66,83,83,86,93,96,107,119,125,126,130,132,132,133,128,122,126,124,127,131
North West,E07000031,South Lakeland,133,167,167,175,187,191,213,235,247,248,256,259,257,258,249,234,244,240,245,254
North West,E08000001,Bolton,394,448,478,515,538,540,562,582,606,623,671,694,657,658,669,656,668,675,683,689
North West,E08000002,Bury,225,257,280,306,317,319,334,347,362,372,404,413,387,389,394,384,383,384,399,405
North West,E08000003,Manchester,270,332,408,447,486,496,538,586,657,712,784,841,805,807,858,824,837,855,893,934
North West,E08000004,Oldham ,270,307,333,364,380,381,398,414,432,444,481,494,464,465,474,463,464,466,488,500
North West,E08000005,Rochdale,251,286,313,345,361,363,382,397,415,426,462,475,445,445,454,442,441,442,461,470
North West,E08000006,Salford,479,541,572,586,606,598,609,631,668,696,733,782,754,755,781,756,801,801,883,948
North West,E08000007,Stockport,425,491,536,557,580,573,586,605,641,667,703,740,707,704,726,694,683,682,705,727
North West,E08000008,Tameside,321,369,402,419,439,436,448,465,495,519,549,582,557,559,578,552,541,537,554,573
North West,E08000009,Trafford,461,528,557,567,587,580,591,609,641,665,701,740,711,707,727,698,740,736,798,847
North West,E08000010,Wigan,470,531,568,611,633,633,658,681,710,728,783,809,763,762,773,753,766,775,785,789
North West,E07000117,Burnley,98,113,119,127,137,143,148,158,166,171,185,197,184,178,178,171,168,170,175,179
North West,E07000118,Chorley,134,153,163,174,187,197,206,220,231,240,259,278,263,257,259,253,254,262,278,292
North West,E07000119,Fylde,110,126,131,137,146,152,157,166,173,178,191,202,194,188,189,182,184,185,197,199
North West,E07000120,Hyndburn,87,101,107,114,124,130,135,144,152,157,171,182,171,165,164,158,154,156,161,164
North West,E07000121,Lancaster,177,202,215,226,243,255,266,285,300,309,332,353,336,328,330,321,311,301,305,321
North West,E07000122,Pendle,94,109,116,125,136,142,148,158,166,172,188,200,188,182,182,175,172,173,179,183
North West,E07000123,Preston,213,242,253,264,282,294,307,328,347,362,388,413,391,383,387,376,376,376,400,404
North West,E07000124,Ribble Valley,84,96,101,106,113,118,123,130,135,139,149,158,150,146,145,141,143,144,153,155
North West,E07000125,Rossendale,72,83,88,94,102,107,112,119,126,131,143,153,145,141,141,136,134,136,141,144
North West,E07000126,South Ribble,165,189,198,207,222,230,238,250,260,269,288,308,295,287,287,276,276,277,294,296
North West,E07000127,West Lancashire,144,165,173,182,196,205,214,227,238,247,266,283,268,260,260,251,250,258,273,285
North West,E07000128,Wyre,129,148,155,166,179,189,197,211,220,227,245,261,247,239,237,229,222,215,219,229
North West,E08000011,Knowsley ,167,191,203,214,231,229,238,254,272,291,317,335,309,306,301,296,292,294,314,326
North West,E08000012,Liverpool,500,574,594,624,643,651,687,711,756,799,866,874,842,877,877,856,873,894,950,994
North West,E08000014,Sefton,414,457,478,504,521,526,534,546,588,595,632,665,640,630,635,614,618,617,632,639
North West,E08000013,St. Helens,199,226,242,255,272,270,281,299,319,341,372,393,363,360,354,349,344,347,370,385
North West,E08000015,Wirral,456,528,553,597,640,659,701,695,724,725,806,842,789,807,804,771,800,803,833,840
Yorkshire and The Humber,E06000011,East Riding of Yorkshire,436,509,525,555,602,644,692,744,802,844,904,957,913,893,913,863,870,864,891,932
Yorkshire and The Humber,E06000010,"Kingston upon Hull, City of",272,309,331,358,369,364,383,394,412,413,436,455,422,419,425,406,397,405,422,437
Yorkshire and The Humber,E06000012,North East Lincolnshire,204,234,248,263,280,281,297,314,324,346,361,371,341,334,347,339,340,337,346,354
Yorkshire and The Humber,E06000013,North Lincolnshire,200,230,244,260,276,278,296,316,328,353,372,385,356,349,362,356,357,355,366,377
Yorkshire and The Humber,E06000014,York,270,321,357,382,430,431,433,486,474,487,551,541,508,519,512,547,587,618,652,676
Yorkshire and The Humber,E07000163,Craven,76,89,96,103,111,116,122,131,144,159,166,174,174,167,172,171,167,159,163,174
Yorkshire and The Humber,E07000164,Hambleton,125,147,156,168,180,188,199,210,229,255,266,281,284,273,283,281,275,259,267,283
Yorkshire and The Humber,E07000165,Harrogate,218,258,276,299,325,338,356,378,415,458,478,503,509,491,509,508,496,469,484,509
Yorkshire and The Humber,E07000166,Richmondshire,67,81,86,96,104,109,116,124,139,155,164,175,177,171,178,179,175,161,165,180
Yorkshire and The Humber,E07000167,Ryedale,72,85,91,97,105,109,116,124,136,149,155,162,164,156,161,160,158,151,157,167
Yorkshire and The Humber,E07000168,Scarborough,154,179,191,204,218,230,244,260,284,312,324,341,343,330,338,335,326,307,316,332
Yorkshire and The Humber,E07000169,Selby,113,133,143,155,168,176,186,198,218,242,255,273,277,268,276,276,272,259,268,285
Yorkshire and The Humber,E08000016,Barnsley,262,304,326,345,358,366,391,402,425,456,481,502,474,468,473,461,471,480,494,517
Yorkshire and The Humber,E08000017,Doncaster,342,396,425,451,468,479,512,525,556,596,630,658,622,613,616,596,605,611,627,654
Yorkshire and The Humber,E08000018,Rotherham ,300,347,371,392,408,416,444,455,481,513,538,559,527,518,520,504,510,517,531,553
Yorkshire and The Humber,E08000019,Sheffield,719,841,876,934,997,1004,1046,1152,1186,1178,1205,1256,1216,1186,1177,1117,1118,1175,1213,1269
Yorkshire and The Humber,E08000032,Bradford ,575,666,695,727,762,793,833,856,886,912,989,1032,969,950,942,923,942,952,1024,1064
Yorkshire and The Humber,E08000033,Calderdale,263,314,323,340,358,365,390,408,424,439,470,478,450,442,456,460,469,481,490,509
Yorkshire and The Humber,E08000034,Kirklees ,533,637,657,693,730,747,799,836,870,901,966,983,927,914,947,956,977,1004,1025,1067
Yorkshire and The Humber,E08000035,Leeds ,1110,1288,1365,1435,1501,1498,1527,1607,1695,1793,2005,2033,1848,1862,2044,1866,1826,1873,1969,2100
Yorkshire and The Humber,E08000036,Wakefield,374,443,465,487,517,526,563,597,618,635,678,705,666,654,667,660,667,669,678,694
East Midlands,E06000015,Derby ,298,338,351,343,384,404,437,470,463,559,553,536,615,564,505,493,518,529,551,591
East Midlands,E06000016,Leicester,336,371,382,409,426,425,438,458,475,512,551,560,535,542,538,527,530,535,557,593
East Midlands,E06000018,Nottingham,304,355,378,392,398,397,426,433,462,486,521,565,561,574,594,579,595,577,611,632
East Midlands,E06000017,Rutland ,52,58,64,69,75,79,87,94,101,105,112,114,107,109,110,103,106,106,108,111
East Midlands,E07000032,Amber Valley,169,222,241,230,239,258,291,301,312,327,351,359,324,332,403,374,412,386,407,434
East Midlands,E07000033,Bolsover,84,100,105,113,124,130,137,140,147,160,165,166,156,157,161,155,158,160,168,171
East Midlands,E07000034,Chesterfield,119,141,147,157,171,178,187,192,202,219,226,227,214,214,219,211,215,217,226,228
East Midlands,E07000035,Derbyshire Dales,101,133,143,136,139,149,167,171,176,182,197,201,181,186,224,208,227,212,223,236
East Midlands,E07000036,Erewash,158,210,225,215,226,243,273,281,290,301,324,331,300,308,373,348,382,360,381,406
East Midlands,E07000037,High Peak,130,171,184,177,184,197,221,228,236,247,267,272,245,251,303,282,309,289,305,324
East Midlands,E07000038,North East Derbyshire,117,138,145,155,169,174,181,185,193,208,214,213,200,200,204,196,199,199,207,210
East Midlands,E07000039,South Derbyshire,118,158,169,162,170,187,215,224,235,248,270,278,253,261,319,298,331,314,334,359
East Midlands,E07000129,Blaby,137,157,170,182,196,207,225,245,258,267,286,289,273,277,283,271,273,273,278,286
East Midlands,E07000130,Charnwood,241,273,298,317,340,358,388,428,454,471,507,516,493,506,520,504,510,514,531,548
East Midlands,E07000131,Harborough,114,130,141,152,166,177,192,211,224,233,252,255,243,248,255,245,248,247,254,261
East Midlands,E07000132,Hinckley and Bosworth,155,177,192,203,218,229,249,274,291,301,322,325,307,310,317,303,305,304,311,320
East Midlands,E07000133,Melton,72,81,90,96,103,109,118,129,136,141,151,153,144,148,152,145,145,144,146,148
East Midlands,E07000134,North West Leicestershire,130,148,161,172,185,197,215,238,253,263,283,287,272,276,282,270,273,274,282,292
East Midlands,E07000135,Oadby and Wigston,85,95,104,111,118,125,136,150,157,163,173,174,161,162,169,161,162,159,162,164
East Midlands,E07000136,Boston,70,81,86,94,99,103,113,119,129,137,150,157,151,154,157,152,154,156,158,161
East Midlands,E07000137,East Lindsey,156,179,194,214,226,235,255,266,288,299,320,329,308,306,311,299,298,299,303,305
East Midlands,E07000138,Lincoln,110,126,137,150,160,166,183,193,212,223,240,248,235,239,248,245,245,247,253,256
East Midlands,E07000139,North Kesteven,112,129,143,158,169,178,196,204,221,233,253,264,251,252,260,253,253,257,263,267
East Midlands,E07000140,South Holland,93,107,116,126,134,139,153,160,175,186,202,211,202,203,210,203,203,206,211,215
East Midlands,E07000141,South Kesteven,161,186,199,215,228,235,255,264,285,300,322,332,315,316,326,317,318,322,327,332
East Midlands,E07000142,West Lindsey,100,115,124,134,143,149,164,172,187,197,213,221,208,209,214,209,209,211,216,218
East Midlands,E07000150,Corby,75,84,89,95,103,106,111,120,132,144,162,174,162,161,175,176,178,182,202,215
East Midlands,E07000151,Daventry,113,130,139,151,168,173,184,199,216,233,258,272,249,243,265,249,254,257,271,289
East Midlands,E07000152,East Northamptonshire,102,117,126,136,150,155,166,180,196,213,237,250,229,223,236,233,233,236,260,275
East Midlands,E07000153,Kettering,114,129,138,147,160,165,175,190,208,225,252,268,247,242,257,255,256,260,284,300
East Midlands,E07000154,Northampton,328,372,396,422,456,465,490,528,577,629,703,751,691,680,750,713,730,745,788,835
East Midlands,E07000155,South Northamptonshire,128,144,156,168,184,192,203,221,242,260,288,302,273,266,287,273,281,286,301,317
East Midlands,E07000156,Wellingborough,99,111,120,129,141,145,151,162,177,190,208,219,200,195,206,203,200,202,222,234
East Midlands,E07000170,Ashfield,135,159,174,185,198,208,221,238,254,261,285,295,285,280,280,264,266,273,280,287
East Midlands,E07000171,Bassetlaw,130,154,169,179,190,199,213,228,241,248,270,280,270,264,262,247,246,251,256,261
East Midlands,E07000172,Broxtowe,182,213,230,237,241,262,282,304,326,344,374,412,380,368,387,384,371,404,427,449
East Midlands,E07000173,Gedling,185,219,237,243,248,268,288,309,331,348,380,418,386,376,396,391,380,416,439,463
East Midlands,E07000174,Mansfield,122,143,156,164,172,180,193,207,221,229,251,262,254,248,247,233,233,238,243,250
East Midlands,E07000175,Newark and Sherwood,128,151,165,174,185,193,208,225,238,247,270,280,271,265,264,250,251,257,263,270
East Midlands,E07000176,Rushcliffe,170,204,221,229,236,257,277,298,320,339,370,408,376,369,385,380,371,405,431,453
West Midlands,E06000019,"Herefordshire, County of",199,228,234,258,284,287,302,343,374,402,424,442,416,429,438,430,480,481,473,485
West Midlands,E06000051,Shropshire,365,426,445,463,490,515,568,614,645,699,760,844,829,812,824,773,760,779,838,882
West Midlands,E06000021,Stoke-on-Trent,271,310,337,346,344,340,357,369,407,417,452,468,440,435,449,448,463,464,479,503
West Midlands,E06000020,Telford and Wrekin,205,233,250,255,269,285,311,333,343,364,390,394,368,382,388,380,393,394,405,420
West Midlands,E07000192,Cannock Chase,134,157,169,181,196,201,214,218,232,245,263,275,263,259,256,252,258,263,276,288
West Midlands,E07000193,East Staffordshire,145,171,183,197,215,219,236,242,257,274,296,313,300,297,295,290,298,304,320,336
West Midlands,E07000194,Lichfield,140,163,173,184,197,200,212,217,229,244,262,274,262,257,253,248,254,258,273,286
West Midlands,E07000195,Newcastle-under-Lyme,177,205,222,238,257,261,276,282,298,315,337,349,332,325,322,316,327,334,354,376
West Midlands,E07000196,South Staffordshire,156,180,193,207,224,226,238,241,253,267,285,297,282,278,273,268,280,284,298,312
West Midlands,E07000197,Stafford,182,210,223,237,254,260,276,281,299,318,343,360,343,338,335,330,338,342,360,380
West Midlands,E07000198,Staffordshire Moorlands,137,159,170,183,198,201,211,215,227,240,256,266,253,248,243,238,243,247,260,272
West Midlands,E07000199,Tamworth,110,129,138,149,162,164,173,176,186,197,211,220,210,205,202,198,202,204,214,224
West Midlands,E07000218,North Warwickshire,109,123,132,146,155,160,170,180,187,194,205,213,199,198,204,204,216,223,232,246
West Midlands,E07000219,Nuneaton and Bedworth,206,232,250,275,296,306,328,350,362,381,407,426,400,400,416,416,444,456,473,503
West Midlands,E07000220,Rugby,148,168,181,199,216,226,240,258,271,288,311,329,312,316,331,331,356,370,389,414
West Midlands,E07000221,Stratford-on-Avon,191,218,231,255,272,281,298,317,331,350,376,393,367,367,380,376,402,413,432,459
West Midlands,E07000222,Warwick,214,243,262,292,318,335,364,395,414,437,468,489,459,456,468,469,500,515,534,568
West Midlands,E08000025,Birmingham,1297,1483,1592,1680,1782,1733,1720,1775,1845,1910,2026,2088,1921,1937,2067,2026,1993,2099,2111,2159
West Midlands,E08000026,Coventry,425,517,536,568,597,602,604,620,624,635,675,693,653,648,653,643,654,670,702,736
West Midlands,E08000027,Dudley ,425,478,500,533,558,549,560,590,608,618,652,686,655,656,667,651,654,661,697,733
West Midlands,E08000028,Sandwell ,317,356,373,396,415,407,418,440,456,466,493,517,492,493,506,490,496,504,518,531
West Midlands,E08000029,Solihull,396,456,474,505,593,617,634,650,719,710,740,751,718,716,805,766,800,839,902,958
West Midlands,E08000030,Walsall,323,376,394,408,408,399,413,423,434,451,480,500,474,473,476,456,456,462,480,491
West Midlands,E08000031,Wolverhampton,331,378,391,404,395,388,397,399,414,434,464,475,449,450,471,451,446,445,467,483
West Midlands,E07000234,Bromsgrove,132,156,164,171,184,197,212,233,259,272,274,278,262,256,264,253,255,259,275,293
West Midlands,E07000235,Malvern Hills,105,126,131,137,146,154,165,181,200,209,209,211,198,195,201,192,194,197,208,220
West Midlands,E07000236,Redditch,120,144,153,161,173,183,197,217,242,256,257,262,247,242,250,238,238,239,254,267
West Midlands,E07000237,Worcester,139,169,179,188,202,213,229,252,282,296,298,304,288,284,295,285,288,292,311,331
West Midlands,E07000238,Wychavon,164,196,209,221,237,250,267,293,325,339,340,343,322,316,325,312,315,320,344,364
West Midlands,E07000239,Wyre Forest,148,176,185,194,206,217,231,253,281,292,292,293,273,266,273,260,260,264,281,296
East of England,E06000055,Bedford,235,267,288,315,337,354,371,392,412,434,465,490,463,462,465,459,481,500,535,557
East of England,E06000056,Central Bedfordshire,484,552,594,651,695,731,766,807,847,891,958,1009,953,951,984,945,1019,1015,1072,1131
East of England,E06000032,Luton,265,293,312,334,343,340,349,363,381,400,429,433,406,407,418,408,416,416,438,461
East of England,E06000031,Peterborough,245,302,337,394,382,359,370,375,405,430,467,494,457,451,442,417,432,449,488,513
East of England,E06000033,Southend-on-Sea,288,333,352,382,401,383,395,411,426,447,477,483,465,465,481,457,495,525,553,584
East of England,E06000034,Thurrock,222,254,272,285,308,314,326,354,389,413,436,460,433,420,421,408,422,442,469,494
East of England,E07000008,Cambridge,190,227,261,289,305,315,339,373,449,473,475,485,486,481,494,498,521,550,579,607
East of England,E07000009,East Cambridgeshire,110,136,153,172,181,190,208,221,256,277,289,297,301,291,295,302,316,337,352,372
East of England,E07000010,Fenland,125,149,170,188,199,209,224,248,286,311,325,333,336,325,327,334,349,370,390,414
East of England,E07000011,Huntingdonshire,256,302,341,380,398,416,440,486,555,594,609,622,622,599,606,618,645,685,717,759
East of England,E07000012,South Cambridgeshire,209,248,281,309,329,344,367,402,464,499,516,529,534,519,527,537,558,593,624,664
East of England,E07000066,Basildon,261,327,362,384,422,426,439,469,490,513,544,572,575,558,575,560,583,586,615,655
East of England,E07000067,Braintree,179,232,261,282,312,321,334,362,380,400,426,448,453,438,451,437,442,440,452,476
East of England,E07000068,Brentwood,190,223,232,239,252,251,255,268,278,288,302,320,322,316,325,317,332,347,373,393
East of England,E07000069,Castle Point,139,174,190,200,218,219,225,238,247,256,269,281,281,270,275,266,274,272,284,301
East of England,E07000070,Chelmsford,439,520,549,566,607,610,624,656,680,699,728,765,762,745,761,740,770,795,854,902
East of England,E07000071,Colchester,225,284,318,338,373,378,392,424,450,474,506,534,542,528,547,536,545,549,577,616
East of England,E07000072,Epping Forest,244,296,320,334,359,362,368,388,404,420,441,463,463,447,458,447,465,484,533,570
East of England,E07000073,Harlow,154,192,207,218,237,236,240,254,265,275,290,306,308,300,309,301,313,326,359,384
East of England,E07000074,Maldon,152,186,198,208,225,224,226,236,243,250,261,275,272,263,267,258,268,277,295,311
East of England,E07000075,Rochford,121,153,168,179,195,198,204,218,228,239,254,268,268,259,265,257,264,265,277,295
East of England,E07000076,Tendring,169,218,243,262,288,294,305,327,339,353,374,389,389,372,378,365,370,369,381,405
East of England,E07000077,Uttlesford,141,172,184,193,208,209,215,228,239,250,266,282,286,282,292,287,301,314,348,374
East of England,E07000095,Broxbourne,187,224,239,271,295,302,308,330,352,374,404,414,434,407,416,419,452,458,485,514
East of England,E07000096,Dacorum,304,364,383,429,465,474,486,520,550,584,624,640,674,633,651,657,711,723,769,819
East of England,E07000242,East Hertfordshire,292,350,365,409,445,455,465,497,525,558,600,616,647,605,621,625,677,690,735,783
East of England,E07000098,Hertsmere,202,244,257,290,314,320,328,349,369,394,424,438,461,434,444,445,479,486,513,542
East of England,E07000099,North Hertfordshire,254,304,320,360,391,402,414,447,474,505,543,558,585,548,563,565,610,622,657,699
East of England,E07000240,St Albans,291,344,363,406,439,450,461,493,520,554,594,612,644,606,623,625,674,688,728,771
East of England,E07000243,Stevenage,171,204,217,246,270,277,284,304,322,341,366,377,397,373,386,389,419,425,451,479
East of England,E07000102,Three Rivers,180,212,229,256,275,282,291,311,329,349,375,386,406,379,387,391,422,429,458,488
East of England,E07000103,Watford,182,220,231,259,281,286,294,317,340,358,386,402,428,408,424,430,470,480,510,538
East of England,E07000241,Welwyn Hatfield,210,250,267,300,325,335,348,380,415,448,488,500,526,497,512,515,562,577,623,681
East of England,E07000143,Breckland,143,170,186,200,212,212,221,231,248,256,281,301,288,293,301,308,311,298,310,319
East of England,E07000144,Broadland,165,195,207,220,229,227,233,241,255,260,281,298,285,288,294,297,306,301,326,342
East of England,E07000145,Great Yarmouth,126,146,156,165,173,172,177,185,196,200,217,233,223,226,232,234,240,237,256,267
East of England,E07000146,King’s Lynn and West Norfolk,126,151,166,183,194,197,208,221,240,249,277,298,286,293,302,309,303,300,294,303
East of England,E07000147,North Norfolk,89,107,118,129,136,138,144,152,164,168,185,197,187,191,197,201,197,194,190,196
East of England,E07000148,Norwich,182,210,223,237,250,249,257,268,288,295,319,344,330,339,350,359,373,371,406,430
East of England,E07000149,South Norfolk,135,159,172,185,195,197,205,214,229,234,257,276,267,275,285,293,297,286,299,310
East of England,E07000200,Babergh,111,128,138,151,164,170,183,193,205,202,223,239,230,238,231,221,223,228,246,260
East of England,E07000201,Forest Heath,92,100,107,118,115,119,130,136,147,141,156,167,162,170,169,162,162,172,187,195
East of England,E07000202,Ipswich,156,181,194,213,232,241,263,283,310,305,342,374,367,388,382,370,372,382,415,441
East of England,E07000203,Mid Suffolk,114,131,143,158,172,178,192,204,220,217,244,263,255,266,259,250,252,260,281,298
East of England,E07000204,St Edmundsbury,133,158,167,184,199,206,223,237,254,251,281,304,295,310,304,291,293,300,323,341
East of England,E07000205,Suffolk Coastal,156,176,187,204,219,226,245,260,279,276,310,333,321,332,322,308,310,318,343,364
East of England,E07000206,Waveney,143,164,177,194,212,219,237,251,269,263,291,312,299,308,297,285,287,292,315,333
London,E09000007,Camden,84,205,386,650,693,636,691,887,1189,1459,1737,1659,1658,1871,1831,1854,2026,1850,2104,2268
London,E09000001,City of London,3,7,14,24,26,24,25,32,42,53,66,62,61,67,64,54,50,44,53,60
London,E09000012,Hackney ,63,98,160,262,280,271,308,378,468,572,666,641,639,698,728,706,636,630,683,727
London,E09000013,Hammersmith and Fulham ,1354,1643,1799,1989,2050,1967,1965,2133,2384,2643,2940,2956,2920,3102,3079,3001,3363,3528,3310,3417
London,E09000014,Haringey,639,726,783,874,897,869,898,977,1072,1175,1270,1282,1252,1309,1332,1284,1419,1502,1533,1558
London,E09000019,Islington,529,608,644,725,742,714,743,807,892,975,1059,1055,1033,1089,1135,1111,1240,1336,1383,1414
London,E09000020,Kensington and Chelsea,1247,1507,1633,1849,1924,1832,1854,2004,2264,2426,2619,2617,2521,2639,2556,2459,2772,2918,2736,2792
London,E09000022,Lambeth ,439,516,588,709,731,703,752,846,959,1080,1186,1167,1140,1216,1260,1221,1272,1301,1476,1502
London,E09000023,Lewisham ,316,382,450,565,578,555,593,676,775,879,972,947,921,985,1016,981,1054,1131,1182,1203
London,E09000025,Newham ,75,114,187,306,329,322,365,441,535,652,767,744,753,847,901,870,779,771,840,902
London,E09000028,Southwark,312,378,450,576,594,570,611,703,817,941,1051,1021,997,1074,1113,1076,1159,1238,1294,1310
London,E09000030,Tower Hamlets,550,636,688,781,810,788,819,893,991,1097,1196,1210,1198,1266,1313,1284,1421,1570,1743,1815
London,E09000032,Wandsworth,197,241,434,769,826,754,821,1081,1507,1901,2334,2242,2251,2550,2473,2433,2598,2971,3151,3293
London,E09000033,Westminster,542,702,876,1137,1207,1150,1203,1436,1767,2031,2316,2228,2182,2386,2327,2313,2559,2670,3005,3196
London,E09000002,Barking and Dagenham,235,300,307,327,368,369,388,401,422,440,489,518,501,508,526,524,536,553,588,635
London,E09000003,Barnet,473,590,663,743,806,827,881,928,1029,1072,1152,1185,1132,1181,1254,1306,1363,1416,1544,1646
London,E09000004,Bexley,567,668,671,685,730,715,735,752,782,801,862,899,856,848,860,841,881,920,989,1017
London,E09000005,Brent ,191,262,330,403,450,467,505,540,627,673,751,775,739,785,852,893,935,988,1072,1118
London,E09000006,Bromley,678,810,863,958,1023,1025,1092,1161,1243,1343,1459,1464,1345,1396,1483,1455,1531,1644,1768,1825
London,E09000008,Croydon,347,450,520,629,688,698,791,866,950,1067,1204,1189,1078,1142,1253,1235,1207,1191,1233,1293
London,E09000009,Ealing,749,894,960,1028,1097,1102,1145,1186,1287,1328,1408,1456,1386,1428,1499,1526,1612,1692,1788,1865
London,E09000010,Enfield,369,466,480,510,575,580,617,645,682,717,805,844,804,804,828,819,825,852,922,950
London,E09000011,Greenwich,561,667,671,695,757,759,791,821,862,893,966,1015,974,978,1012,1004,1056,1107,1202,1241
London,E09000015,Harrow,240,306,356,406,450,471,507,542,613,642,697,711,676,709,753,781,820,842,886,914
London,E09000016,Havering,346,427,433,452,496,493,520,539,569,594,658,688,651,644,656,645,651,668,703,750
London,E09000017,Hillingdon,282,361,418,475,522,545,587,622,694,729,791,810,771,808,869,917,978,1017,1083,1124
London,E09000018,Hounslow,942,1089,1123,1169,1231,1226,1242,1282,1371,1415,1493,1565,1518,1561,1636,1660,1818,1874,2065,2199
London,E09000021,Kingston upon Thames,382,459,490,540,575,576,612,655,700,753,811,818,751,777,825,815,853,863,956,1027
London,E09000024,Merton,492,581,620,690,737,732,771,814,871,940,1022,1031,954,985,1043,1020,1058,1059,1157,1229
London,E09000026,Redbridge,414,500,510,534,587,588,621,645,685,719,798,839,800,796,822,814,827,832,849,884
London,E09000027,Richmond upon Thames,764,871,907,938,980,978,1006,1037,1097,1113,1141,1172,1114,1124,1153,1156,1268,1308,1435,1527
London,E09000029,Sutton,464,549,579,633,668,665,707,748,796,853,923,932,864,893,948,932,973,981,1074,1150
London,E09000031,Waltham Forest,393,481,483,505,557,557,580,602,637,671,748,794,764,768,793,782,791,787,799,832
South East,E06000036,Bracknell Forest,260,300,317,360,370,371,384,401,436,456,501,523,482,476,508,515,555,562,592,630
South East,E06000043,Brighton and Hove,373,438,481,509,535,562,570,636,680,710,760,808,790,808,855,833,830,792,832,849
South East,E06000046,Isle of Wight,138,161,171,184,195,203,208,220,248,268,287,293,281,291,306,276,263,267,273,277
South East,E06000035,Medway,392,444,487,532,549,565,577,590,622,653,725,760,730,731,747,709,700,714,747,789
South East,E06000042,Milton Keynes,355,423,489,544,590,596,611,652,730,788,854,880,824,837,886,853,858,884,915,978
South East,E06000044,Portsmouth,229,271,292,312,309,320,334,344,351,365,390,406,392,391,390,358,361,376,412,429
South East,E06000038,Reading,338,398,416,479,498,497,518,545,604,636,702,736,677,670,715,723,779,786,826,885
South East,E06000039,Slough,272,320,337,389,406,407,422,442,489,521,582,620,585,585,634,639,684,690,726,777
South East,E06000045,Southampton,296,341,347,371,402,397,399,422,433,489,542,538,501,494,498,470,478,488,512,521
South East,E06000037,West Berkshire,339,391,410,466,479,477,494,519,567,596,657,689,636,625,659,661,708,711,744,793
South East,E06000040,Windsor and Maidenhead,316,358,372,425,434,434,452,475,522,549,605,633,585,577,615,617,659,665,698,747
South East,E06000041,Wokingham,352,409,427,490,505,502,518,540,585,610,667,695,640,626,662,669,716,722,761,814
South East,E07000004,Aylesbury Vale,369,444,503,543,642,639,623,645,700,787,840,849,821,875,912,860,903,999,1078,1127
South East,E07000005,Chiltern,207,242,268,284,327,325,319,332,360,404,430,433,417,440,451,420,435,476,504,519
South East,E07000006,South Bucks,137,163,181,195,226,224,220,231,254,285,307,311,303,322,334,312,324,355,378,389
South East,E07000007,Wycombe,377,446,496,531,619,619,606,629,686,769,819,827,802,853,888,829,855,930,984,1005
South East,E07000061,Eastbourne,127,147,155,169,174,175,186,204,224,251,285,303,292,326,326,326,360,348,347,354
South East,E07000062,Hastings,124,143,155,169,175,174,184,199,215,238,270,287,279,311,311,311,343,330,329,337
South East,E07000063,Lewes,129,150,161,176,181,181,189,204,218,242,274,291,283,316,316,318,352,341,338,345
South East,E07000064,Rother,117,137,144,155,157,157,165,178,192,213,242,257,248,276,273,274,301,293,292,299
South East,E07000065,Wealden,206,243,253,273,279,277,291,314,337,374,422,443,427,478,478,482,535,522,522,534
South East,E07000084,Basingstoke and Deane,356,407,434,467,494,511,526,561,586,609,661,702,673,678,711,720,767,784,797,815
South East,E07000085,East Hampshire,203,232,253,274,298,311,320,343,358,375,411,436,414,418,438,442,458,465,502,533
South East,E07000086,Eastleigh,152,180,206,231,252,268,280,304,322,342,381,402,381,385,407,414,426,429,430,449
South East,E07000087,Fareham,143,169,188,210,229,244,253,273,284,298,332,351,332,333,350,357,368,371,374,392
South East,E07000088,Gosport,103,122,135,151,164,175,184,200,212,225,251,268,252,252,265,270,276,279,282,296
South East,E07000089,Hart,202,230,240,257,271,280,288,308,323,337,366,385,365,362,375,377,401,410,417,427
South East,E07000090,Havant,153,181,202,223,242,257,269,290,304,319,353,373,352,353,372,377,386,389,394,412
South East,E07000091,New Forest,297,343,371,402,430,452,470,504,528,552,602,634,602,603,629,634,654,664,715,761
South East,E07000092,Rushmoor,207,245,261,275,297,304,311,329,343,358,390,414,393,394,413,416,441,449,452,466
South East,E07000093,Test Valley,202,237,255,279,301,316,328,353,370,387,424,449,424,423,444,449,467,477,519,559
South East,E07000094,Winchester,198,234,253,275,294,309,321,345,361,378,414,442,422,425,446,454,472,483,528,569
South East,E07000105,Ashford,156,183,205,224,239,250,263,287,310,335,363,372,360,367,383,385,407,409,430,443
South East,E07000106,Canterbury,80,102,130,156,169,188,207,238,259,291,325,325,312,324,344,351,364,375,390,400
South East,E07000107,Dartford,89,109,126,141,149,158,168,188,205,225,249,254,247,253,267,269,281,291,307,318
South East,E07000108,Dover,62,79,100,119,129,142,155,176,192,213,238,238,228,234,246,245,252,257,261,264
South East,E07000109,Gravesham,98,118,137,154,164,172,181,201,216,235,259,262,253,259,271,271,282,292,305,312
South East,E07000110,Maidstone,228,265,291,315,331,345,360,391,416,448,485,497,483,493,514,512,541,545,578,592
South East,E07000111,Sevenoaks,394,442,459,471,484,484,490,514,539,561,586,601,577,579,595,587,621,629,681,673
South East,E07000112,Shepway,57,72,91,109,117,130,142,163,179,200,224,225,218,224,237,237,242,246,251,255
South East,E07000113,Swale,124,150,175,198,211,225,239,263,281,307,340,346,334,343,359,360,374,386,405,419
South East,E07000114,Thanet,73,93,117,138,150,167,181,206,224,248,276,277,267,275,289,291,301,309,317,320
South East,E07000115,Tonbridge and Malling,384,435,452,467,485,490,499,524,547,574,607,629,611,619,637,632,674,686,751,748
South East,E07000116,Tunbridge Wells,366,417,433,450,467,470,476,499,520,544,577,605,588,593,612,603,638,644,696,689
South East,E07000177,Cherwell,235,281,313,349,365,381,391,427,463,531,550,553,572,543,554,562,584,600,644,681
South East,E07000178,Oxford,259,312,351,388,404,426,447,493,549,617,632,630,652,628,649,662,689,716,764,808
South East,E07000179,South Oxfordshire,229,275,304,333,348,363,368,398,431,491,508,509,527,499,509,517,537,553,592,626
South East,E07000180,Vale of White Horse,205,243,270,297,313,325,332,359,391,447,463,461,477,453,463,471,489,504,545,583
South East,E07000181,West Oxfordshire,173,203,226,246,257,267,274,300,326,376,396,397,412,392,400,411,428,436,466,489
South East,E07000207,Elmbridge,319,373,402,452,477,498,519,555,621,686,721,723,682,709,752,762,792,827,861,881
South East,E07000208,Epsom and Ewell,129,155,171,199,212,225,236,256,290,329,353,356,337,358,387,397,412,415,448,472
South East,E07000209,Guildford,351,410,444,497,530,546,560,597,659,730,767,774,737,775,835,855,893,937,995,1029
South East,E07000210,Mole Valley,151,179,198,230,245,258,272,293,330,370,395,396,375,394,422,432,446,443,475,499
South East,E07000211,Reigate and Banstead,238,286,317,372,400,420,441,477,537,608,651,655,625,661,714,733,756,760,820,866
South East,E07000212,Runnymede,208,246,263,298,316,326,335,354,390,428,454,458,435,457,485,500,527,550,580,604
South East,E07000213,Spelthorne,244,284,303,339,356,366,377,402,445,493,520,528,504,527,565,576,600,622,647,661
South East,E07000214,Surrey Heath,224,260,280,309,324,333,343,368,408,451,475,477,454,474,505,512,531,552,576,587
South East,E07000215,Tandridge,148,177,197,231,247,258,270,290,326,367,392,392,370,390,419,429,445,446,480,505
South East,E07000216,Waverley,306,359,379,425,449,462,477,508,556,610,639,644,613,637,678,686,711,736,768,786
South East,E07000217,Woking,242,282,302,337,359,368,381,407,456,510,543,551,526,552,593,599,620,642,665,678
South East,E07000223,Adur,67,81,119,111,110,112,118,127,138,149,161,164,151,157,162,156,162,166,176,184
South East,E07000224,Arun,152,183,272,253,250,255,271,295,324,348,377,383,355,367,381,367,379,387,412,433
South East,E07000225,Chichester,117,143,212,197,195,197,208,225,246,265,287,294,272,283,294,283,292,296,318,335
South East,E07000226,Crawley,263,305,368,354,354,347,352,370,397,418,444,462,438,449,467,454,491,485,503,516
South East,E07000227,Horsham,317,359,437,418,418,416,427,448,476,497,523,540,509,517,530,511,551,546,568,589
South East,E07000228,Mid Sussex,338,390,463,441,440,437,448,469,498,521,552,573,543,554,573,553,601,596,618,636
South East,E07000229,Worthing,108,130,194,181,179,181,193,210,232,249,272,279,258,269,282,271,279,285,306,321
South West,E06000022,Bath and North East Somerset,262,312,352,378,397,407,431,450,478,514,533,549,515,522,537,537,566,576,608,635
South West,E06000028,Bournemouth,221,258,284,299,320,323,338,361,446,458,491,516,467,479,481,471,508,522,586,612
South West,E06000023,"Bristol, City of",592,675,710,749,801,801,811,872,937,998,1076,1103,1063,1110,1142,1076,1114,1173,1225,1260
South West,E06000052,Cornwall,525,608,626,671,709,724,771,840,909,974,1046,1072,1057,1038,1040,1008,992,991,1016,1069
South West,E06000053,Isles of Scilly,2,2,3,3,3,3,3,4,4,4,5,5,5,4,4,4,4,4,4,5
South West,E06000024,North Somerset,286,343,383,408,428,438,465,487,520,564,587,603,569,574,584,581,606,614,638,660
South West,E06000026,Plymouth,291,329,347,371,385,390,429,443,472,495,524,565,546,551,558,526,515,517,521,518
South West,E06000029,Poole,192,222,241,251,266,266,278,297,362,372,393,412,371,370,365,351,375,384,427,442
South West,E06000025,South Gloucestershire,386,459,518,558,584,599,634,666,708,765,790,811,768,778,800,803,842,852,888,921
South West,E06000030,Swindon,329,385,448,454,474,495,530,579,615,667,695,748,800,714,724,692,721,717,718,738
South West,E06000027,Torbay,116,132,147,159,162,166,181,203,219,225,243,252,242,244,241,234,236,231,233,240
South West,E06000054,Wiltshire,679,789,862,926,1032,1092,1166,1230,1306,1387,1477,1524,1474,1464,1502,1448,1480,1513,1589,1635
South West,E07000040,East Devon,130,152,160,171,188,195,209,223,240,264,286,296,302,284,277,274,280,279,284,296
South West,E07000041,Exeter,129,154,162,173,191,196,210,221,242,266,288,298,305,288,284,285,296,298,307,322
South West,E07000042,Mid Devon,75,89,94,101,112,117,126,135,145,160,175,182,188,176,172,170,173,172,173,179
South West,E07000043,North Devon,97,114,119,127,139,145,156,166,178,197,212,219,225,211,206,202,204,202,203,210
South West,E07000044,South Hams,90,106,112,120,130,135,143,151,162,178,191,197,201,187,181,177,180,179,180,185
South West,E07000045,Teignbridge,129,154,161,172,189,197,211,224,239,262,282,291,299,279,270,267,273,273,277,287
South West,E07000046,Torridge,62,74,78,84,94,98,106,113,121,133,143,149,152,142,139,138,140,139,141,146
South West,E07000047,West Devon,53,63,66,71,79,83,87,93,99,109,118,124,127,120,117,115,117,116,116,120
South West,E07000048,Christchurch,54,63,68,75,83,87,93,98,99,111,117,120,118,119,121,118,120,124,125,128
South West,E07000049,East Dorset,107,124,134,146,161,170,183,192,192,216,226,230,224,222,225,219,222,225,227,230
South West,E07000050,North Dorset,79,94,102,113,125,133,145,153,156,179,190,192,186,184,190,184,188,190,192,195
South West,E07000051,Purbeck,59,69,74,80,89,93,99,103,104,117,123,125,121,120,122,118,119,122,123,125
South West,E07000052,West Dorset,117,137,147,161,179,189,206,216,218,246,259,264,258,257,261,254,257,260,262,265
South West,E07000053,Weymouth and Portland,87,101,107,118,132,139,150,155,156,175,184,187,182,180,183,177,178,179,179,181
South West,E07000078,Cheltenham,173,200,213,232,252,255,261,285,330,349,361,381,368,377,395,385,393,436,438,440
South West,E07000079,Cotswold,123,143,152,165,176,178,185,202,231,243,249,261,249,251,261,255,263,292,296,298
South West,E07000080,Forest of Dean,123,144,154,166,179,181,188,204,233,245,251,263,250,252,263,256,264,293,298,300
South West,E07000081,Gloucester,168,195,212,231,248,253,263,290,336,357,373,397,383,392,412,406,420,469,477,481
South West,E07000082,Stroud,167,194,207,223,240,242,251,274,314,330,338,356,342,348,363,353,364,407,415,416
South West,E07000083,Tewkesbury,123,135,145,159,170,174,180,195,223,235,242,255,246,252,263,258,268,301,307,312
South West,E07000187,Mendip,128,150,169,182,192,197,213,229,242,255,265,276,269,277,288,275,275,282,288,297
South West,E07000188,Sedgemoor,130,154,170,183,192,198,214,231,246,261,273,284,277,287,300,288,291,300,306,316
South West,E07000189,South Somerset,186,220,244,260,273,280,304,327,348,368,384,400,390,401,418,398,400,408,414,426
South West,E07000190,Taunton Deane,125,147,163,174,188,194,211,227,242,255,265,276,270,280,292,279,280,286,293,303
South West,E07000191,West Somerset,39,47,53,57,60,61,66,70,73,77,80,83,80,82,84,79,78,79,80,81
Wales,W06000001,Isle of Anglesey,76,84,86,89,92,94,103,113,121,122,137,147,136,135,132,127,133,136,146,146
Wales,W06000002,Gwynedd,108,124,131,138,147,156,166,178,212,216,220,214,205,209,213,205,211,218,219,222
Wales,W06000003,Conwy,106,123,129,138,168,177,178,192,205,211,229,237,217,216,220,215,216,218,221,226
Wales,W06000004,Denbighshire,91,105,112,121,146,154,155,165,176,180,195,202,184,182,184,179,180,181,183,187
Wales,W06000005,Flintshire,197,228,243,258,271,274,287,310,337,343,346,356,343,349,358,349,357,365,381,400
Wales,W06000006,Wrexham,169,194,208,222,234,237,248,267,291,299,303,312,303,310,319,311,318,323,336,352
Wales,W06000023,Powys,115,131,141,145,153,159,173,194,207,231,244,252,245,250,242,230,232,225,230,229
Wales,W06000008,Ceredigion,70,79,88,92,96,99,103,108,117,128,140,150,140,143,148,148,144,143,146,148
Wales,W06000009,Pembrokeshire,104,117,127,131,137,141,148,158,172,190,212,231,218,220,229,227,223,226,233,240
Wales,W06000010,Carmarthenshire,160,181,198,203,212,219,230,245,267,294,326,352,333,336,350,346,339,343,355,366
Wales,W06000011,Swansea,242,279,304,316,348,359,381,400,410,416,447,454,428,441,442,430,438,449,460,471
Wales,W06000012,Neath Port Talbot,171,199,206,217,225,228,245,261,268,274,293,303,283,272,274,269,270,272,284,297
Wales,W06000013,Bridgend,163,192,199,209,218,222,238,253,261,268,289,299,280,271,274,269,272,274,287,302
Wales,W06000014,Vale of Glamorgan,154,178,188,194,204,213,224,246,263,276,297,305,295,306,316,282,272,278,290,303
Wales,W06000015,Cardiff,415,479,514,531,558,584,615,683,738,776,843,873,855,895,936,841,819,839,885,930
Wales,W06000016,Rhondda Cynon Taf,242,274,288,300,322,335,354,372,391,403,433,453,426,423,425,415,423,432,452,471
Wales,W06000024,Merthyr Tydfil,57,65,68,72,78,80,85,88,93,97,105,111,106,106,108,105,106,108,113,119
Wales,W06000018,Caerphilly,185,216,239,249,257,258,273,294,307,309,339,345,322,324,321,311,318,326,342,350
Wales,W06000019,Blaenau Gwent,78,89,99,102,104,103,109,117,122,123,134,136,127,127,126,122,125,127,133,136
Wales,W06000020,Torfaen,100,115,127,131,135,134,142,152,159,159,174,176,164,164,162,157,161,164,173,177
Wales,W06000021,Monmouthshire,113,131,145,157,164,167,175,190,205,220,239,241,224,224,237,235,235,235,247,262
Wales,W06000022,Newport,177,212,234,254,267,274,284,306,328,355,388,395,367,370,394,391,392,393,414,443
Scotland,S12000033,Aberdeen City,390,446,442,481,529,543,550,589,661,709,789,861,843,860,925,988,1086,1147,1171,1140
Scotland,S12000034,Aberdeenshire,390,449,449,491,542,566,583,637,717,774,856,933,904,915,972,1032,1127,1188,1209,1180
Scotland,S12000041,Angus,156,178,187,194,206,200,200,213,220,236,261,282,257,248,243,234,241,243,244,247
Scotland,S12000035,Argyll and Bute,106,119,127,133,142,145,150,159,169,182,194,204,189,183,184,170,170,174,182,187
Scotland,S12000036,City of Edinburgh,816,943,1013,1088,1179,1214,1254,1330,1482,1609,1739,1687,1633,1579,1709,1752,1786,1821,1877,2005
Scotland,S12000005,Clackmannanshire,66,77,81,86,92,95,98,108,113,115,129,139,129,127,127,120,122,123,132,136
Scotland,S12000006,Dumfries and Galloway,161,182,189,202,208,222,238,257,266,278,308,324,306,308,308,300,298,292,295,307
Scotland,S12000042,Dundee City,217,245,256,265,283,271,274,286,295,314,345,373,342,332,329,319,331,333,335,341
Scotland,S12000008,East Ayrshire,150,170,183,192,204,213,216,230,250,265,286,288,270,277,274,265,272,268,268,279
Scotland,S12000045,East Dunbartonshire,188,219,235,239,239,239,246,259,268,286,291,300,281,282,286,279,276,291,302,304
Scotland,S12000010,East Lothian,123,138,149,158,172,189,202,238,254,278,295,319,301,314,331,315,334,360,366,374
Scotland,S12000011,East Renfrewshire,143,163,173,194,221,219,224,214,222,234,257,273,256,257,260,238,249,256,271,282
Scotland,S12000014,Falkirk,184,218,236,249,254,262,279,306,330,362,401,416,385,376,408,417,406,386,403,433
Scotland,S12000015,Fife,468,548,581,619,666,683,712,776,807,819,900,961,895,886,891,847,862,871,939,975
Scotland,S12000046,Glasgow City,723,846,899,964,1025,1055,1079,1103,1174,1225,1345,1398,1344,1328,1312,1290,1318,1422,1471,1524
Scotland,S12000017,Highland,251,295,317,337,360,364,372,388,427,477,521,538,524,528,532,534,551,555,575,597
Scotland,S12000018,Inverclyde,141,160,168,186,210,207,212,201,209,220,242,257,240,239,240,218,226,228,240,246
Scotland,S12000019,Midlothian,115,130,139,147,159,173,182,213,225,243,253,271,254,263,279,265,280,306,312,321
Scotland,S12000020,Moray,110,129,136,145,156,159,163,171,183,205,225,228,228,235,228,222,233,241,250,262
Scotland,S12000013,Na h-Eileanan Siar,33,40,40,38,40,41,43,44,49,49,54,56,54,54,52,50,55,58,60,58
Scotland,S12000021,North Ayrshire,169,192,205,215,228,237,242,256,278,294,317,319,296,303,300,288,294,290,290,301
Scotland,S12000044,North Lanarkshire,425,485,505,545,578,583,613,645,698,722,805,850,783,769,783,760,758,784,825,860
Scotland,S12000023,Orkney Islands,16,20,22,23,25,28,31,36,34,39,46,48,48,48,50,50,50,48,47,49
Scotland,S12000024,Perth and Kinross,212,236,250,264,283,299,313,358,394,420,451,465,448,421,440,420,429,456,465,474
Scotland,S12000038,Renfrewshire,294,333,351,390,439,433,443,422,439,462,510,544,513,513,521,475,494,503,533,557
Scotland,S12000026,Scottish Borders ,134,157,166,172,183,197,221,235,251,263,272,289,276,267,276,266,276,275,292,304
Scotland,S12000027,Shetland Islands,28,32,33,35,36,36,39,42,46,53,58,59,60,64,63,62,65,66,68,68
Scotland,S12000028,South Ayrshire,152,176,195,211,212,212,231,245,263,275,294,307,276,278,283,279,290,299,298,308
Scotland,S12000029,South Lanarkshire,467,583,602,626,630,604,637,687,736,745,820,859,815,812,848,869,893,840,851,864
Scotland,S12000030,Stirling,138,154,164,175,188,199,208,236,260,276,294,297,283,268,281,269,277,293,303,312
Scotland,S12000039,West Dunbartonshire,160,188,202,205,208,210,217,229,238,256,262,270,253,254,258,249,245,256,266,267
Scotland,S12000040,West Lothian,204,248,287,321,345,357,369,389,427,476,527,548,492,522,499,465,481,487,490,483
Northern Ireland,N09000001,Antrim and Newtownabbey,161,180,192,204,216,224,245,262,278,288,305,324,309,309,324,314,313,304,312,324
Northern Ireland,N09000011,Ards and North Down,188,209,221,236,250,258,283,302,318,331,353,374,356,356,373,362,360,364,377,391
Northern Ireland,N09000002,"Armagh City, Banbridge and Craigavon",177,200,213,226,240,246,276,298,318,348,371,389,377,385,411,396,391,419,460,480
Northern Ireland,N09000003,Belfast,448,518,541,567,585,573,588,619,648,675,690,761,739,721,743,734,714,667,656,676
Northern Ireland,N09000004,Causeway Coast and Glens,109,118,124,131,138,144,166,185,202,210,224,229,222,223,231,229,229,231,245,255
Northern Ireland,N09000005,Derry City and Strabane,117,128,134,141,147,153,174,191,209,217,231,235,227,228,233,230,229,219,220,226
Northern Ireland,N09000006,Fermanagh and Omagh,82,95,104,110,117,119,137,150,160,173,181,184,180,182,196,188,180,176,192,202
Northern Ireland,N09000007,Lisburn and Castlereagh,166,184,196,209,223,232,252,271,286,290,308,330,314,312,328,322,322,353,389,406
Northern Ireland,N09000008,Mid and East Antrim,153,170,180,191,202,207,228,244,258,273,289,305,291,293,308,297,295,294,301,311
Northern Ireland,N09000009,Mid Ulster,92,105,116,123,131,133,154,170,182,200,213,219,215,219,237,227,219,221,232,242
Northern Ireland,N09000010,"Newry, Mourne and Down",143,162,175,184,196,200,227,247,263,286,304,317,308,314,335,323,316,311,314,322
,,,,,,,,,,,,,,,,,,,,,,
1 Totals may not sum due to rounding.,,,,,,,,,,,,,,,,,,,,,,