B.3g Mixed Income by Local Authority1 ,,,,,,,,,,,,,,,,,,,,,,
,,,,,,,,,,,,,,,,,,,,,,£ million
Region,LAU1 code,LA name,1997,1998,1999,2000,2001,2002,2003,2004,2005,2006,2007,2008,2009,2010,2011,2012,2013,2014,2015,2016
North East,E06000047,County Durham,321,284,290,312,334,363,379,401,430,467,437,454,421,405,418,439,468,507,517,546
North East,E06000005,Darlington,76,64,49,61,69,75,79,83,90,95,93,102,96,91,95,101,106,111,114,121
North East,E06000001,Hartlepool,47,45,50,52,55,60,63,65,70,73,74,79,72,69,72,77,82,86,86,91
North East,E06000002,Middlesbrough,79,72,75,74,77,82,83,87,94,99,93,100,97,93,98,105,111,119,124,133
North East,E06000057,Northumberland,259,255,267,280,298,319,333,361,380,395,382,413,390,369,379,390,408,433,438,463
North East,E06000003,Redcar and Cleveland,77,70,73,71,74,79,81,84,90,95,89,95,92,88,91,97,102,109,113,121
North East,E06000004,Stockton-on-Tees,96,92,104,108,116,129,135,139,150,157,156,167,152,147,154,163,175,184,185,194
North East,E08000037,Gateshead,106,103,99,116,128,138,144,148,157,164,162,175,165,159,163,171,180,191,197,208
North East,E08000021,Newcastle upon Tyne,154,149,144,168,185,201,210,217,232,243,240,258,245,238,245,260,278,298,307,328
North East,E08000022,North Tyneside,101,99,96,114,128,139,145,149,158,165,163,176,166,159,163,171,180,191,195,206
North East,E08000023,South Tyneside,81,79,77,90,100,108,112,114,120,125,122,131,123,118,120,126,132,140,143,151
North East,E08000024,Sunderland,120,110,128,148,160,175,180,186,199,205,203,212,197,189,194,204,218,236,244,259
North West,E06000008,Blackburn with Darwen,89,88,95,95,99,106,107,112,122,126,121,129,116,112,118,122,128,137,141,148
North West,E06000009,Blackpool,151,138,126,137,138,139,133,134,139,141,133,137,125,119,122,130,138,147,152,162
North West,E06000049,Cheshire East,451,484,485,439,439,465,474,473,496,510,495,557,542,515,535,558,574,613,629,669
North West,E06000050,Cheshire West and Chester,334,358,360,327,328,344,352,380,404,376,364,418,407,385,396,431,448,467,481,508
North West,E06000006,Halton,69,72,74,78,82,88,93,100,107,110,105,113,104,103,104,110,118,128,131,139
North West,E06000007,Warrington,146,152,156,165,176,188,196,207,216,214,199,214,210,205,215,231,239,255,267,283
North West,E07000026,Allerdale,63,62,48,54,59,60,60,65,70,72,70,75,74,71,73,78,83,87,88,93
North West,E07000027,Barrow-in-Furness,48,47,37,42,45,46,45,49,52,54,52,56,55,52,54,57,60,62,64,67
North West,E07000028,Carlisle,134,134,123,116,120,126,130,143,157,163,157,173,164,156,163,173,179,187,192,204
North West,E07000029,Copeland,48,47,36,41,45,45,45,49,53,55,53,57,56,54,55,59,63,65,66,68
North West,E07000030,Eden,64,65,60,57,59,61,63,69,74,76,73,81,77,73,75,80,83,87,89,94
North West,E07000031,South Lakeland,129,131,121,115,118,122,124,135,146,149,142,157,149,141,145,152,158,165,170,181
North West,E08000001,Bolton,191,201,218,220,230,244,252,262,281,292,278,291,270,261,274,290,308,329,340,361
North West,E08000002,Bury,136,143,156,156,162,172,177,182,194,201,191,198,183,176,183,194,210,227,234,247
North West,E08000003,Manchester,308,322,347,343,359,386,401,424,456,464,435,464,448,440,472,512,530,567,597,640
North West,E08000004,Oldham ,163,170,185,185,194,205,210,217,231,239,227,236,219,210,220,234,254,276,286,305
North West,E08000005,Rochdale,151,159,173,176,184,196,202,208,222,230,218,228,210,202,212,224,242,263,271,288
North West,E08000006,Salford,194,200,216,213,223,238,248,262,279,283,265,285,277,271,287,314,325,347,368,398
North West,E08000007,Stockport,236,243,262,258,267,283,296,310,329,331,311,332,322,317,333,361,374,392,408,435
North West,E08000008,Tameside,178,183,197,195,203,216,227,239,255,259,244,262,255,253,267,289,298,311,323,345
North West,E08000009,Trafford,187,196,210,207,215,230,240,252,267,270,252,269,260,252,265,287,297,316,330,353
North West,E08000010,Wigan,229,239,260,262,272,287,296,308,330,342,325,340,315,303,317,334,354,378,391,415
North West,E07000117,Burnley,70,70,72,72,74,76,78,82,88,87,81,87,82,78,81,87,89,97,101,107
North West,E07000118,Chorley,102,102,107,108,113,118,122,129,137,135,126,136,133,130,138,151,156,163,169,180
North West,E07000119,Fylde,63,63,65,65,68,70,72,76,79,82,78,82,79,75,78,81,85,92,95,101
North West,E07000120,Hyndburn,62,62,65,65,67,69,71,75,80,80,75,80,76,72,75,80,82,89,93,99
North West,E07000121,Lancaster,126,125,131,131,136,141,146,154,162,166,157,166,158,152,158,168,177,188,193,205
North West,E07000122,Pendle,67,67,70,71,74,76,78,82,88,87,82,88,84,79,83,89,92,99,103,110
North West,E07000123,Preston,123,123,127,127,133,139,144,154,163,171,162,172,163,157,164,174,180,193,201,213
North West,E07000124,Ribble Valley,49,48,51,51,53,55,57,60,63,65,61,65,61,58,60,64,67,72,75,80
North West,E07000125,Rossendale,52,52,53,53,55,57,59,62,67,67,63,68,65,62,65,70,72,78,81,87
North West,E07000126,South Ribble,96,96,100,100,105,109,111,117,121,126,119,127,122,116,120,125,130,139,145,153
North West,E07000127,West Lancashire,109,109,113,113,118,123,125,132,139,138,129,138,134,131,137,149,152,160,165,175
North West,E07000128,Wyre,90,91,93,94,99,103,106,112,116,120,113,120,114,108,111,116,123,130,134,142
North West,E08000011,Knowsley ,83,87,90,95,101,107,112,120,129,131,124,133,123,120,121,128,137,149,155,164
North West,E08000012,Liverpool,259,253,285,304,329,347,365,376,399,414,390,413,395,383,404,432,451,479,498,527
North West,E08000014,Sefton,267,269,254,256,270,283,297,307,327,336,316,314,310,299,309,328,344,365,376,400
North West,E08000013,St. Helens,100,104,108,113,119,127,133,141,151,153,146,156,144,140,142,150,161,175,181,192
North West,E08000015,Wirral,187,193,237,264,278,296,308,320,319,334,312,342,331,315,331,347,363,377,388,413
Yorkshire and The Humber,E06000011,East Riding of Yorkshire,379,367,353,350,364,380,380,406,443,459,446,467,425,407,426,470,477,504,517,548
Yorkshire and The Humber,E06000010,"Kingston upon Hull, City of",116,112,127,138,149,164,153,152,167,176,174,178,159,157,167,179,194,213,224,239
Yorkshire and The Humber,E06000012,North East Lincolnshire,127,121,124,118,122,123,123,129,136,142,138,145,134,129,135,144,153,164,166,173
Yorkshire and The Humber,E06000013,North Lincolnshire,125,119,122,117,121,122,123,129,138,145,142,151,140,135,141,151,161,172,175,185
Yorkshire and The Humber,E06000014,York,172,185,202,194,202,213,210,217,231,248,245,265,251,241,254,273,287,306,318,338
Yorkshire and The Humber,E07000163,Craven,69,75,66,65,70,73,75,81,88,93,89,95,90,86,90,93,96,103,105,112
Yorkshire and The Humber,E07000164,Hambleton,115,125,109,107,113,120,122,131,141,149,144,155,148,141,148,153,160,168,172,182
Yorkshire and The Humber,E07000165,Harrogate,200,218,192,190,205,216,219,237,256,269,258,278,266,254,267,278,290,306,314,329
Yorkshire and The Humber,E07000166,Richmondshire,61,69,60,61,66,70,72,78,86,92,90,98,94,90,94,99,103,107,108,118
Yorkshire and The Humber,E07000167,Ryedale,66,72,63,61,66,69,71,77,83,87,83,89,85,80,83,87,91,98,101,107
Yorkshire and The Humber,E07000168,Scarborough,139,150,131,128,136,146,149,161,174,182,174,186,178,169,176,182,189,199,203,213
Yorkshire and The Humber,E07000169,Selby,105,113,99,99,106,113,115,125,135,143,139,152,146,140,146,153,160,171,175,186
Yorkshire and The Humber,E08000016,Barnsley,146,151,162,168,180,194,202,211,229,240,238,243,216,215,231,251,273,296,309,328
Yorkshire and The Humber,E08000017,Doncaster,191,197,210,219,234,254,265,276,299,314,311,318,283,281,301,325,350,376,391,415
Yorkshire and The Humber,E08000018,Rotherham ,168,173,184,191,205,221,230,239,258,270,265,269,240,237,254,274,294,318,331,350
Yorkshire and The Humber,E08000019,Sheffield,374,381,459,472,495,532,546,561,594,630,616,652,602,567,586,630,670,720,742,784
Yorkshire and The Humber,E08000032,Bradford ,375,373,373,373,394,423,431,448,478,501,485,517,488,468,494,533,568,609,627,664
Yorkshire and The Humber,E08000033,Calderdale,159,159,177,178,186,197,203,207,222,232,225,235,215,204,218,236,246,263,273,290
Yorkshire and The Humber,E08000034,Kirklees ,323,323,362,363,381,403,416,426,456,477,462,484,443,421,454,491,513,550,572,608
Yorkshire and The Humber,E08000035,Leeds ,623,612,631,670,716,759,774,794,856,897,855,914,840,816,860,908,952,1020,1058,1126
Yorkshire and The Humber,E08000036,Wakefield,234,233,262,263,276,295,303,332,362,376,365,381,346,330,333,348,372,398,412,440
East Midlands,E06000015,Derby ,141,137,169,163,167,174,175,180,189,197,192,205,193,183,192,212,225,245,255,269
East Midlands,E06000016,Leicester,142,137,150,169,187,200,200,204,214,228,223,236,222,218,233,248,268,283,297,318
East Midlands,E06000018,Nottingham,154,158,176,176,186,200,200,201,215,228,219,232,218,215,231,253,266,284,296,316
East Midlands,E06000017,Rutland ,38,37,39,39,42,44,45,46,49,51,50,53,49,47,48,49,53,57,58,61
East Midlands,E07000032,Amber Valley,112,109,115,117,125,139,140,147,153,159,154,163,152,145,151,159,169,176,183,194
East Midlands,E07000033,Bolsover,43,44,51,57,63,67,69,72,78,81,79,83,76,73,77,83,87,92,96,102
East Midlands,E07000034,Chesterfield,61,62,71,80,87,92,94,99,107,111,109,113,105,99,105,112,118,125,129,136
East Midlands,E07000035,Derbyshire Dales,67,65,68,69,73,80,80,83,86,88,85,91,84,80,83,87,92,96,99,104
East Midlands,E07000036,Erewash,104,103,107,110,118,131,131,137,142,147,142,151,141,135,140,148,157,165,172,182
East Midlands,E07000037,High Peak,86,84,88,90,96,107,107,112,116,121,117,124,116,110,114,120,127,133,138,145
East Midlands,E07000038,North East Derbyshire,60,61,70,79,86,90,91,95,102,105,103,106,97,92,96,103,108,113,117,124
East Midlands,E07000039,South Derbyshire,78,78,81,83,90,102,104,110,116,122,119,127,119,114,120,128,136,144,151,161
East Midlands,E07000129,Blaby,102,101,102,103,111,114,116,120,126,130,127,135,125,120,124,131,138,147,150,160
East Midlands,E07000130,Charnwood,180,177,179,179,192,198,201,211,222,232,227,243,228,221,231,246,261,281,291,310
East Midlands,E07000131,Harborough,84,84,84,86,93,97,99,103,109,114,112,119,111,107,112,118,125,133,137,145
East Midlands,E07000132,Hinckley and Bosworth,115,114,115,115,123,126,128,134,142,147,143,152,141,134,140,146,154,164,168,178
East Midlands,E07000133,Melton,53,52,53,54,58,60,61,63,66,69,67,71,66,64,67,70,73,78,79,82
East Midlands,E07000134,North West Leicestershire,96,96,96,97,104,109,111,116,123,128,126,134,125,119,124,131,138,148,153,163
East Midlands,E07000135,Oadby and Wigston,63,61,62,62,66,69,70,73,76,79,77,81,74,70,74,78,82,86,88,91
East Midlands,E07000136,Boston,59,59,58,57,61,65,65,70,73,78,77,83,78,76,79,83,88,93,95,101
East Midlands,E07000137,East Lindsey,128,129,130,130,137,147,147,155,163,168,163,170,156,148,153,159,166,174,177,185
East Midlands,E07000138,Lincoln,92,92,93,92,99,106,107,116,124,130,126,133,124,121,128,137,144,152,156,165
East Midlands,E07000139,North Kesteven,93,94,96,97,104,112,114,120,126,132,130,138,129,124,130,137,143,152,157,166
East Midlands,E07000140,South Holland,77,78,77,77,81,87,88,93,99,105,103,110,103,100,105,109,115,122,126,133
East Midlands,E07000141,South Kesteven,134,136,134,132,140,149,148,156,163,171,166,175,163,156,164,172,181,192,196,207
East Midlands,E07000142,West Lindsey,83,84,83,82,88,94,95,101,107,112,110,116,107,103,107,113,119,125,128,135
East Midlands,E07000150,Corby,50,55,57,56,59,62,64,70,76,81,80,85,79,79,79,84,91,99,105,113
East Midlands,E07000151,Daventry,76,85,89,89,96,103,106,103,106,111,108,112,103,101,111,118,125,137,144,155
East Midlands,E07000152,East Northamptonshire,68,76,81,80,85,92,95,106,113,119,116,121,111,108,106,110,117,127,134,143
East Midlands,E07000153,Kettering,76,84,89,86,90,97,101,112,120,126,124,130,120,117,116,121,129,140,146,156
East Midlands,E07000154,Northampton,220,244,255,250,261,276,282,275,285,302,296,312,289,286,318,342,364,399,421,451
East Midlands,E07000155,South Northamptonshire,86,94,100,100,105,114,116,114,119,124,120,125,113,111,121,129,139,152,159,170
East Midlands,E07000156,Wellingborough,67,73,77,76,80,85,87,95,102,106,102,106,97,95,93,96,101,109,114,122
East Midlands,E07000170,Ashfield,76,84,85,94,103,111,114,119,128,134,129,136,125,121,127,134,143,152,158,168
East Midlands,E07000171,Bassetlaw,73,81,82,91,100,107,110,114,121,127,122,128,118,114,119,125,132,139,144,152
East Midlands,E07000172,Broxtowe,108,111,112,119,127,132,134,139,147,154,145,153,146,139,144,153,161,169,172,182
East Midlands,E07000173,Gedling,110,114,115,122,131,135,137,141,149,156,147,154,148,141,147,155,164,174,177,187
East Midlands,E07000174,Mansfield,68,75,76,83,90,96,99,104,111,117,114,121,111,108,113,118,125,132,137,146
East Midlands,E07000175,Newark and Sherwood,71,79,80,88,96,103,106,112,120,126,122,128,118,114,119,126,134,142,147,156
East Midlands,E07000176,Rushcliffe,102,106,107,115,124,130,132,136,144,152,143,150,144,138,142,150,160,169,173,183
West Midlands,E06000019,"Herefordshire, County of",204,228,243,240,250,269,275,300,329,337,319,349,325,310,322,328,338,358,377,401
West Midlands,E06000051,Shropshire,338,362,344,345,364,388,401,436,481,488,437,494,475,443,457,472,493,530,549,587
West Midlands,E06000021,Stoke-on-Trent,101,110,138,150,158,173,179,185,196,204,197,201,183,180,188,204,224,238,249,268
West Midlands,E06000020,Telford and Wrekin,104,111,119,116,122,129,129,131,138,148,140,152,144,138,144,155,165,184,199,214
West Midlands,E07000192,Cannock Chase,82,90,97,98,105,112,113,117,124,128,121,128,118,112,116,123,130,141,146,155
West Midlands,E07000193,East Staffordshire,88,97,104,107,114,121,124,129,137,142,136,145,134,127,133,141,149,163,169,180
West Midlands,E07000194,Lichfield,86,93,99,100,105,111,111,116,122,127,120,127,116,110,113,119,126,137,143,151
West Midlands,E07000195,Newcastle-under-Lyme,107,117,127,129,136,145,145,151,160,164,156,162,148,140,145,154,165,180,188,202
West Midlands,E07000196,South Staffordshire,95,103,111,113,119,126,125,128,135,139,131,137,125,119,123,129,140,151,156,166
West Midlands,E07000197,Stafford,111,119,128,129,135,144,145,150,159,165,157,167,153,145,151,160,169,183,189,203
West Midlands,E07000198,Staffordshire Moorlands,83,90,97,99,105,111,111,114,121,124,117,123,112,106,109,114,121,131,135,144
West Midlands,E07000199,Tamworth,67,74,79,81,87,92,92,95,100,103,98,103,94,89,92,97,102,110,113,120
West Midlands,E07000218,North Warwickshire,70,76,73,73,75,77,77,79,84,81,81,88,83,77,80,86,89,96,100,107
West Midlands,E07000219,Nuneaton and Bedworth,132,143,138,137,142,146,148,153,162,158,161,177,167,157,163,176,184,198,204,218
West Midlands,E07000220,Rugby,95,103,100,100,104,108,108,112,121,120,123,136,130,123,129,140,147,160,168,180
West Midlands,E07000221,Stratford-on-Avon,122,134,128,127,130,134,134,137,147,144,148,161,151,141,147,157,164,177,184,197
West Midlands,E07000222,Warwick,137,149,145,146,153,161,165,173,187,183,187,204,193,180,184,200,208,225,232,248
West Midlands,E08000025,Birmingham,579,598,651,740,824,868,876,879,924,959,928,999,938,909,943,1014,1081,1164,1228,1318
West Midlands,E08000026,Coventry,163,169,165,189,207,215,220,225,235,248,248,260,242,237,249,270,291,317,336,362
West Midlands,E08000027,Dudley ,214,233,252,253,272,289,289,301,323,323,301,317,305,294,312,350,366,393,411,437
West Midlands,E08000028,Sandwell ,149,162,175,177,188,202,203,211,227,228,213,225,214,206,221,248,258,283,303,325
West Midlands,E08000029,Solihull,211,230,251,249,256,267,270,274,282,294,284,302,284,270,277,292,309,332,340,360
West Midlands,E08000030,Walsall,199,209,216,207,216,234,236,243,256,258,238,252,242,233,248,276,288,314,328,350
West Midlands,E08000031,Wolverhampton,155,161,167,160,168,181,182,187,198,200,185,197,188,180,192,215,225,245,256,273
West Midlands,E07000234,Bromsgrove,86,94,96,103,112,120,121,125,133,136,133,144,133,125,131,138,153,171,177,189
West Midlands,E07000235,Malvern Hills,68,75,76,81,88,93,93,96,101,104,100,108,99,94,98,103,115,128,132,140
West Midlands,E07000236,Redditch,79,88,90,98,107,113,114,118,125,130,126,138,127,121,126,132,145,160,165,174
West Midlands,E07000237,Worcester,91,102,105,114,124,131,132,137,145,150,146,160,149,141,149,158,176,197,204,218
West Midlands,E07000238,Wychavon,107,118,122,133,145,152,152,157,166,169,164,177,163,154,161,169,188,211,220,234
West Midlands,E07000239,Wyre Forest,97,107,109,117,126,132,132,136,144,146,141,152,139,130,135,141,155,173,180,190
East of England,E06000055,Bedford,141,140,166,172,180,193,197,214,223,220,207,222,212,206,218,245,256,272,290,309
East of England,E06000056,Central Bedfordshire,290,287,342,355,374,399,408,443,463,455,427,457,432,422,443,488,509,544,573,612
East of England,E06000032,Luton,156,145,184,189,195,201,207,209,218,227,227,246,225,232,248,267,297,330,350,378
East of England,E06000031,Peterborough,161,161,160,150,155,165,167,172,183,196,190,197,181,179,188,200,217,237,248,263
East of England,E06000033,Southend-on-Sea,189,188,212,213,222,231,231,235,247,261,259,278,257,250,263,273,288,313,325,344
East of England,E06000034,Thurrock,122,123,144,164,180,190,193,197,212,223,220,240,225,227,244,261,284,319,339,364
East of England,E07000008,Cambridge,163,173,176,170,178,187,190,199,220,226,214,230,214,209,221,233,248,259,267,281
East of England,E07000009,East Cambridgeshire,93,102,102,99,104,111,114,115,122,129,127,138,130,123,128,137,147,154,158,168
East of England,E07000010,Fenland,105,111,112,108,113,121,122,128,136,144,143,154,144,137,142,151,161,169,175,186
East of England,E07000011,Huntingdonshire,217,227,228,220,229,244,242,255,267,278,270,290,269,255,265,282,300,315,323,344
East of England,E07000012,South Cambridgeshire,177,186,187,179,189,201,202,210,222,233,228,246,230,220,230,245,259,272,280,300
East of England,E07000066,Basildon,207,212,233,246,262,274,278,293,316,331,323,353,327,307,319,341,353,377,399,429
East of England,E07000067,Braintree,155,161,177,188,200,212,215,227,242,247,237,258,241,229,241,262,269,285,294,310
East of England,E07000068,Brentwood,94,95,103,108,113,117,118,119,127,134,130,144,136,128,134,143,153,166,173,185
East of England,E07000069,Castle Point,111,113,122,128,135,140,142,148,158,164,159,172,159,147,151,160,164,172,181,194
East of England,E07000070,Chelmsford,218,223,245,258,274,287,292,295,313,327,317,347,323,303,314,335,356,380,396,425
East of England,E07000071,Colchester,195,198,217,227,240,250,253,267,289,295,284,309,290,278,294,323,334,358,378,406
East of England,E07000072,Epping Forest,189,194,213,224,236,247,249,259,277,281,268,290,270,261,274,300,311,332,350,374
East of England,E07000073,Harlow,120,126,138,146,156,161,163,170,182,185,177,192,181,176,186,204,210,225,237,253
East of England,E07000074,Maldon,76,79,88,95,101,105,105,105,111,116,113,124,114,106,109,116,123,132,136,145
East of England,E07000075,Rochford,96,99,108,114,121,127,129,136,146,153,150,164,152,142,146,155,159,169,178,191
East of England,E07000076,Tendring,142,148,161,170,180,189,191,199,210,212,202,217,201,189,196,212,218,232,240,256
East of England,E07000077,Uttlesford,110,113,123,129,137,143,145,153,164,167,162,176,166,164,175,192,201,215,228,244
East of England,E07000095,Broxbourne,129,137,138,144,152,156,155,158,171,181,178,192,184,175,180,192,204,221,228,241
East of England,E07000096,Dacorum,209,223,221,229,240,244,245,249,267,283,276,298,286,273,282,302,322,349,362,385
East of England,E07000242,East Hertfordshire,202,215,211,218,230,235,235,239,255,271,265,287,275,261,269,287,307,333,345,368
East of England,E07000098,Hertsmere,138,149,148,154,162,164,165,167,179,191,187,204,195,187,192,204,216,234,240,254
East of England,E07000099,North Hertfordshire,175,186,184,191,202,207,209,214,229,244,239,259,248,236,244,259,275,299,308,328
East of England,E07000240,St Albans,201,211,210,216,226,232,232,236,252,268,262,284,273,261,270,286,304,331,341,361
East of England,E07000243,Stevenage,118,125,125,131,139,142,143,146,157,166,162,176,169,161,168,179,191,206,213,226
East of England,E07000102,Three Rivers,124,129,132,136,141,145,146,148,159,169,165,179,172,163,167,179,191,207,215,229
East of England,E07000103,Watford,126,135,134,139,146,148,149,153,166,175,172,189,183,177,185,199,214,233,241,254
East of England,E07000241,Welwyn Hatfield,144,152,154,159,167,172,176,182,202,218,216,234,224,215,224,238,256,280,295,322
East of England,E07000143,Breckland,145,141,134,150,167,175,178,190,204,208,197,212,202,192,198,215,222,233,240,254
East of England,E07000144,Broadland,116,113,107,119,131,138,139,148,157,159,150,160,153,146,151,163,168,176,182,191
East of England,E07000145,Great Yarmouth,88,85,80,89,99,104,105,113,121,122,116,125,120,115,119,129,132,139,143,150
East of England,E07000146,King’s Lynn and West Norfolk,163,157,148,165,184,194,197,212,228,233,221,241,234,225,233,251,261,270,278,294
East of England,E07000147,North Norfolk,114,110,104,115,128,134,135,144,153,154,145,156,149,143,148,160,165,170,175,185
East of England,E07000148,Norwich,128,123,116,130,145,153,156,168,181,185,175,190,183,178,186,204,212,225,234,249
East of England,E07000149,South Norfolk,138,133,125,139,154,163,165,176,188,191,180,194,188,181,187,205,212,224,232,247
East of England,E07000200,Babergh,94,89,90,100,111,121,120,123,128,134,129,138,127,121,124,129,136,146,150,159
East of England,E07000201,Forest Heath,78,70,71,79,78,85,86,88,93,95,92,97,91,87,93,97,101,113,116,121
East of England,E07000202,Ipswich,131,125,127,140,157,173,173,182,196,206,201,219,207,201,210,223,235,251,260,276
East of England,E07000203,Mid Suffolk,96,91,94,104,116,127,126,130,138,145,142,152,141,135,140,147,155,167,173,183
East of England,E07000204,St Edmundsbury,113,110,110,122,135,148,147,152,160,169,164,177,164,159,165,173,182,194,200,210
East of England,E07000205,Suffolk Coastal,131,122,121,134,146,160,159,164,173,182,178,191,176,167,172,179,189,202,208,221
East of England,E07000206,Waveney,119,113,114,127,141,155,153,159,167,174,168,179,164,155,158,166,175,185,191,202
London,E09000007,Camden,1137,1169,1149,1138,1192,1228,1230,1293,1357,1302,1344,1627,1513,1423,1501,1665,1773,1833,1854,1970
London,E09000001,City of London,36,38,42,43,46,46,45,47,48,47,52,61,56,51,53,49,43,43,46,52
London,E09000012,Hackney ,251,270,282,300,327,351,367,387,430,464,467,527,513,515,548,621,669,717,789,871
London,E09000013,Hammersmith and Fulham ,518,528,531,525,544,557,538,559,592,613,660,800,772,759,796,913,1003,1078,1155,1208
London,E09000014,Haringey,350,374,398,420,456,490,497,519,570,611,628,711,701,715,756,858,923,967,1031,1108
London,E09000019,Islington,290,314,328,349,378,404,412,430,476,509,526,587,581,598,647,746,811,865,936,1012
London,E09000020,Kensington and Chelsea,477,484,482,488,510,519,507,525,562,562,587,707,666,645,660,747,825,890,953,985
London,E09000022,Lambeth ,319,343,363,391,419,445,448,467,517,555,579,652,642,668,717,816,881,958,1016,1109
London,E09000023,Lewisham ,270,287,298,314,342,364,374,389,428,457,463,523,513,546,567,646,691,752,812,891
London,E09000025,Newham ,289,309,325,347,382,416,433,450,490,527,536,608,602,624,676,764,817,873,967,1077
London,E09000028,Southwark,267,284,299,320,352,375,387,405,452,491,503,566,558,599,625,713,765,828,894,975
London,E09000030,Tower Hamlets,177,193,202,219,240,258,262,279,313,341,358,401,403,410,435,502,548,591,640,710
London,E09000032,Wandsworth,651,663,668,665,699,727,711,735,787,792,828,975,936,902,939,1057,1148,1218,1284,1428
London,E09000033,Westminster,765,774,784,776,815,841,822,848,913,921,962,1146,1103,1068,1127,1278,1418,1511,1556,1679
London,E09000002,Barking and Dagenham,194,198,211,233,254,274,280,289,316,339,341,383,373,390,419,479,513,559,612,678
London,E09000003,Barnet,646,655,665,689,735,787,804,830,909,970,972,1073,1057,1067,1116,1267,1349,1451,1571,1692
London,E09000004,Bexley,253,251,266,284,302,319,320,329,362,389,388,431,421,429,449,497,544,573,606,667
London,E09000005,Brent ,491,506,513,535,576,614,628,650,716,754,761,849,828,812,859,973,1041,1103,1210,1310
London,E09000006,Bromley,489,508,526,549,573,599,601,627,692,721,699,769,756,761,790,882,944,996,1054,1145
London,E09000008,Croydon,462,471,483,512,536,562,564,587,649,675,657,734,703,697,723,814,863,926,1010,1110
London,E09000009,Ealing,506,519,530,547,586,624,634,658,720,762,764,856,829,831,879,996,1059,1137,1222,1327
London,E09000010,Enfield,346,342,360,387,415,445,450,463,509,550,554,618,611,622,654,748,793,851,935,1038
London,E09000011,Greenwich,251,251,267,289,314,341,347,362,402,438,439,492,484,499,534,600,659,696,744,822
London,E09000015,Harrow,332,337,343,356,382,410,420,436,483,509,511,568,543,549,571,638,680,728,795,874
London,E09000016,Havering,288,283,298,322,341,365,373,387,424,456,457,507,483,492,519,586,620,671,727,797
London,E09000017,Hillingdon,389,396,403,416,442,474,485,500,546,577,580,647,620,626,660,750,813,882,975,1078
London,E09000018,Hounslow,402,415,422,438,467,493,495,514,567,614,630,707,698,688,743,832,899,948,1006,1075
London,E09000021,Kingston upon Thames,247,258,271,285,299,314,313,330,365,379,370,409,395,397,413,466,500,538,580,634
London,E09000024,Merton,318,327,343,365,383,399,394,410,455,472,466,516,503,504,523,583,621,661,702,759
London,E09000026,Redbridge,343,340,364,395,427,461,469,487,536,578,576,636,615,639,681,785,834,903,1012,1113
London,E09000027,Richmond upon Thames,326,332,341,352,371,393,401,415,453,482,480,528,510,493,521,576,624,658,696,744
London,E09000029,Sutton,299,308,319,333,345,360,359,375,413,426,418,463,452,454,472,530,567,609,648,707
London,E09000031,Waltham Forest,327,328,347,375,408,439,441,457,501,543,543,606,591,621,662,759,803,860,959,1054
South East,E06000036,Bracknell Forest,153,162,164,164,169,176,175,176,185,194,189,205,190,183,192,204,218,234,246,263
South East,E06000043,Brighton and Hove,295,305,333,397,438,457,455,456,486,515,512,563,524,519,545,580,617,665,700,746
South East,E06000046,Isle of Wight,133,134,130,146,158,171,170,175,189,205,197,210,194,189,198,207,221,233,239,251
South East,E06000035,Medway,251,245,259,300,332,348,351,357,376,395,381,408,383,383,406,431,462,507,532,570
South East,E06000042,Milton Keynes,279,269,233,225,238,256,260,265,281,298,294,308,288,288,301,323,343,373,393,420
South East,E06000044,Portsmouth,140,135,149,181,202,217,216,215,222,234,235,255,230,228,242,263,293,319,331,351
South East,E06000038,Reading,199,214,216,219,227,236,236,240,257,272,266,290,268,259,271,288,307,329,345,371
South East,E06000039,Slough,160,172,174,177,185,193,192,193,207,222,219,243,231,225,239,254,269,287,302,324
South East,E06000045,Southampton,210,200,204,202,214,235,243,245,259,272,273,299,273,267,279,299,324,352,369,392
South East,E06000037,West Berkshire,199,210,212,212,218,225,224,226,239,253,246,268,250,238,247,260,276,293,307,328
South East,E06000040,Windsor and Maidenhead,186,193,192,193,197,205,204,207,220,233,226,246,229,220,230,242,256,274,288,309
South East,E06000041,Wokingham,207,221,221,223,230,238,235,236,247,259,250,271,251,239,248,263,279,298,314,337
South East,E07000004,Aylesbury Vale,308,301,300,314,333,347,347,356,373,392,381,423,401,375,390,410,438,468,485,522
South East,E07000005,Chiltern,172,164,159,163,169,175,176,181,190,200,193,214,202,187,191,198,208,221,224,237
South East,E07000006,South Bucks,114,110,107,112,117,121,122,126,134,141,138,154,147,137,142,147,156,165,169,179
South East,E07000007,Wycombe,315,303,295,306,321,336,338,347,365,382,371,412,391,365,380,394,413,435,442,464
South East,E07000061,Eastbourne,127,137,142,140,146,156,159,166,179,188,185,202,188,180,189,199,211,225,231,245
South East,E07000062,Hastings,126,134,143,142,149,157,160,164,175,181,178,195,183,175,183,192,204,216,222,236
South East,E07000063,Lewes,130,139,148,147,153,161,162,166,174,181,178,194,182,175,183,193,205,219,225,237
South East,E07000064,Rother,116,125,130,128,130,137,138,141,150,156,154,168,156,149,155,163,172,185,190,201
South East,E07000065,Wealden,208,227,234,230,236,247,249,255,269,279,273,295,274,263,275,291,311,335,346,366
South East,E07000084,Basingstoke and Deane,186,188,191,205,217,234,231,239,255,261,249,273,260,249,261,286,298,313,324,343
South East,E07000085,East Hampshire,160,161,165,175,188,203,199,204,218,225,214,234,222,214,224,241,251,261,267,279
South East,E07000086,Eastleigh,129,130,134,143,153,167,166,171,184,191,182,198,188,182,191,207,216,229,234,247
South East,E07000087,Fareham,121,122,122,130,139,151,149,153,161,165,157,171,162,156,163,177,185,197,203,215
South East,E07000088,Gosport,87,88,88,93,100,109,109,113,121,125,119,131,124,118,123,134,139,149,153,163
South East,E07000089,Hart,106,106,106,113,119,129,127,131,140,144,138,150,140,133,137,149,155,163,169,179
South East,E07000090,Havant,129,130,130,137,146,159,157,161,172,176,166,181,171,164,172,187,194,206,213,225
South East,E07000091,New Forest,231,234,238,253,267,291,288,296,317,327,309,336,318,305,317,340,353,368,375,394
South East,E07000092,Rushmoor,108,113,115,121,130,140,137,140,150,154,148,162,152,146,153,166,173,181,185,198
South East,E07000093,Test Valley,160,165,166,178,190,206,204,211,226,233,221,242,228,217,227,245,256,268,276,294
South East,E07000094,Winchester,157,162,165,176,186,202,200,206,220,227,216,238,227,219,229,248,259,273,282,300
South East,E07000105,Ashford,135,137,139,154,168,175,179,189,205,213,202,219,208,201,209,230,239,253,259,276
South East,E07000106,Canterbury,140,141,143,156,169,177,183,193,209,217,207,225,215,212,224,246,258,278,291,313
South East,E07000107,Dartford,107,109,109,119,128,134,137,140,151,161,158,172,160,155,165,175,187,203,212,228
South East,E07000108,Dover,107,108,108,118,127,133,136,142,153,158,150,163,156,152,158,169,175,187,191,202
South East,E07000109,Gravesham,116,118,119,129,139,145,147,149,158,167,163,176,163,158,166,175,187,202,209,222
South East,E07000110,Maidstone,198,199,200,218,234,243,247,259,277,286,271,294,280,271,282,307,319,338,350,370
South East,E07000111,Sevenoaks,162,163,165,178,190,197,199,209,226,233,218,235,223,216,227,245,252,268,275,290
South East,E07000112,Shepway,98,98,99,108,115,121,124,131,142,148,141,154,148,145,152,163,168,179,184,194
South East,E07000113,Swale,148,150,152,166,180,189,194,196,206,217,213,232,215,209,220,231,247,266,276,296
South East,E07000114,Thanet,124,125,125,135,147,154,156,164,176,182,172,188,180,176,184,200,208,223,231,243
South East,E07000115,Tonbridge and Malling,158,161,163,177,191,200,203,213,230,239,227,246,237,232,244,265,275,293,305,325
South East,E07000116,Tunbridge Wells,150,154,156,170,184,191,194,203,218,227,216,237,228,223,234,253,261,276,282,299
South East,E07000177,Cherwell,185,179,187,201,215,227,229,234,246,262,254,286,267,251,258,273,288,303,315,336
South East,E07000178,Oxford,206,200,213,227,241,258,266,275,297,310,297,331,309,295,309,328,346,370,381,406
South East,E07000179,South Oxfordshire,180,174,182,191,205,216,214,217,228,241,234,261,244,229,236,249,263,278,288,307
South East,E07000180,Vale of White Horse,161,154,161,171,184,193,193,196,207,220,213,237,221,208,215,228,240,253,265,286
South East,E07000181,West Oxfordshire,135,129,135,141,151,158,160,163,173,185,182,204,191,180,185,199,210,219,226,239
South East,E07000207,Elmbridge,199,212,211,224,233,243,247,257,278,291,276,304,287,268,276,289,302,320,332,353
South East,E07000208,Epsom and Ewell,124,132,130,138,143,149,150,148,157,165,157,176,167,159,165,174,190,203,208,220
South East,E07000209,Guildford,220,234,234,248,260,268,268,278,297,312,296,328,313,295,309,327,344,366,388,417
South East,E07000210,Mole Valley,145,152,150,158,164,170,173,168,176,185,175,194,184,174,179,188,204,215,219,231
South East,E07000211,Reigate and Banstead,229,244,241,257,269,279,281,276,290,305,291,323,310,294,305,321,349,371,381,404
South East,E07000212,Runnymede,130,140,139,149,155,160,160,165,176,183,175,194,185,174,179,191,203,215,226,245
South East,E07000213,Spelthorne,153,161,159,168,174,179,180,186,199,210,199,222,213,200,208,220,230,242,251,266
South East,E07000214,Surrey Heath,141,149,147,154,159,163,164,171,183,192,182,201,192,180,186,195,203,215,223,236
South East,E07000215,Tandridge,142,151,149,159,166,170,171,167,175,184,174,193,183,172,178,187,205,217,222,235
South East,E07000216,Waverley,191,203,198,211,219,225,227,235,248,258,244,270,257,239,248,259,270,284,295,314
South East,E07000217,Woking,151,160,158,168,176,180,182,189,205,218,209,233,223,210,219,229,238,250,258,273
South East,E07000223,Adur,75,80,83,92,99,103,103,105,110,116,111,120,112,109,113,119,129,140,144,152
South East,E07000224,Arun,168,178,189,208,222,232,234,241,255,268,257,278,258,251,262,276,297,321,331,351
South East,E07000225,Chichester,131,141,148,163,175,182,182,185,195,205,197,214,199,194,203,214,231,248,258,274
South East,E07000226,Crawley,122,132,140,155,166,170,170,174,186,197,191,210,197,191,203,215,229,244,253,267
South East,E07000227,Horsham,147,155,166,183,195,203,204,209,221,232,222,242,225,217,227,238,253,270,281,300
South East,E07000228,Mid Sussex,157,168,176,193,206,214,215,219,232,244,235,257,240,233,246,258,276,296,306,325
South East,E07000229,Worthing,120,128,136,149,160,167,169,173,184,195,188,205,192,188,198,208,224,243,251,267
South West,E06000022,Bath and North East Somerset,205,208,223,222,231,244,247,253,269,282,278,297,270,256,270,289,312,337,356,383
South West,E06000028,Bournemouth,194,209,239,239,246,259,259,262,275,289,281,298,275,264,279,292,320,348,372,399
South West,E06000023,"Bristol, City of",352,359,402,428,459,484,494,499,534,576,569,612,567,560,592,651,709,760,800,868
South West,E06000052,Cornwall,578,578,564,600,652,713,738,780,833,881,866,936,883,848,891,949,999,1074,1109,1175
South West,E06000053,Isles of Scilly,2,2,2,3,3,3,3,4,4,4,4,4,4,4,4,4,4,5,5,5
South West,E06000024,North Somerset,223,228,242,239,247,261,264,271,289,307,303,323,294,278,289,307,327,352,366,390
South West,E06000026,Plymouth,184,183,178,188,205,220,227,234,252,266,259,268,246,240,255,275,298,321,331,349
South West,E06000029,Poole,168,180,203,200,203,212,212,213,221,232,222,235,215,200,208,213,231,251,266,283
South West,E06000025,South Gloucestershire,304,308,329,329,340,360,363,374,399,421,412,439,402,382,402,431,462,496,518,554
South West,E06000030,Swindon,132,135,153,182,202,215,217,216,230,244,234,242,226,226,241,260,282,302,323,351
South West,E06000027,Torbay,142,144,160,162,172,184,183,185,195,201,193,200,185,175,185,191,203,226,235,248
South West,E06000054,Wiltshire,520,543,566,601,644,676,680,712,741,767,746,798,753,718,758,795,828,884,913,974
South West,E07000040,East Devon,156,156,160,159,162,173,179,194,211,220,218,259,256,212,210,224,237,256,264,279
South West,E07000041,Exeter,162,165,169,168,173,183,190,203,226,234,233,276,274,229,230,249,270,295,310,331
South West,E07000042,Mid Devon,93,94,96,97,100,106,111,121,131,137,137,164,164,135,135,143,151,162,166,174
South West,E07000043,North Devon,120,119,122,121,123,131,137,148,161,168,166,196,195,161,160,169,177,190,194,204
South West,E07000044,South Hams,110,111,114,114,115,122,126,135,146,152,149,176,174,143,140,147,155,166,170,177
South West,E07000045,Teignbridge,158,161,163,163,166,177,184,198,215,223,219,260,259,212,209,222,236,256,263,277
South West,E07000046,Torridge,75,77,80,80,83,88,92,100,109,113,112,133,131,108,107,115,121,130,133,141
South West,E07000047,West Devon,66,67,68,68,70,76,77,82,89,93,92,111,110,91,90,96,101,108,110,115
South West,E07000048,Christchurch,53,57,61,61,62,64,65,68,72,75,72,79,75,71,75,80,86,92,95,102
South West,E07000049,East Dorset,107,115,123,122,123,127,129,134,142,148,141,152,143,134,141,149,159,169,174,184
South West,E07000050,North Dorset,80,87,94,95,97,101,104,110,118,125,121,130,121,114,121,129,138,147,151,160
South West,E07000051,Purbeck,60,64,68,68,69,70,70,73,78,81,78,84,79,74,77,82,87,93,96,102
South West,E07000052,West Dorset,117,127,135,134,137,142,146,152,162,169,162,176,165,156,164,174,186,197,201,214
South West,E07000053,Weymouth and Portland,88,95,100,100,103,107,108,112,119,123,117,127,119,112,118,125,132,139,142,149
South West,E07000078,Cheltenham,128,140,152,152,160,167,167,174,187,196,189,192,188,182,190,202,214,228,237,252
South West,E07000079,Cotswold,91,100,107,107,110,115,117,121,129,134,128,130,124,119,123,131,140,150,158,168
South West,E07000080,Forest of Dean,91,101,109,108,113,118,119,124,131,136,130,131,125,120,124,132,141,151,159,170
South West,E07000081,Gloucester,125,137,150,151,157,165,168,177,190,200,195,200,195,190,198,212,228,245,258,276
South West,E07000082,Stroud,124,136,146,145,151,158,159,165,176,182,175,178,172,166,172,182,195,210,222,236
South West,E07000083,Tewkesbury,92,95,103,104,108,113,114,118,125,130,125,127,123,120,125,133,143,155,164,176
South West,E07000187,Mendip,126,132,124,130,141,149,152,164,174,180,175,189,177,169,178,186,196,209,221,236
South West,E07000188,Sedgemoor,127,135,124,131,141,149,152,164,175,184,180,194,182,175,185,194,207,221,234,250
South West,E07000189,South Somerset,183,192,178,186,199,210,216,232,248,259,252,272,255,244,256,267,283,300,316,336
South West,E07000190,Taunton Deane,122,128,119,125,137,147,151,162,173,180,175,189,178,171,180,188,201,212,224,241
South West,E07000191,West Somerset,38,40,38,40,43,45,46,49,51,53,51,55,51,49,50,52,54,57,59,62
Wales,W06000001,Isle of Anglesey,45,51,42,51,61,67,69,78,83,85,86,89,84,82,86,90,92,100,97,101
Wales,W06000002,Gwynedd,127,124,131,125,126,151,144,156,168,168,161,175,169,159,164,170,172,183,183,192
Wales,W06000003,Conwy,135,125,114,104,106,115,119,129,137,140,134,141,136,131,136,141,143,151,154,163
Wales,W06000004,Denbighshire,117,107,99,91,94,101,104,112,118,120,115,121,116,111,115,118,120,127,129,136
Wales,W06000005,Flintshire,115,107,117,120,124,132,134,142,150,152,144,152,138,131,138,143,149,162,166,176
Wales,W06000006,Wrexham,98,91,100,103,107,114,116,122,130,132,126,133,122,117,123,128,133,144,147,155
Wales,W06000023,Powys,178,184,173,176,181,175,173,205,222,229,225,243,233,227,236,239,243,251,255,269
Wales,W06000008,Ceredigion,84,79,68,69,73,79,83,92,99,102,97,102,96,91,95,98,102,107,107,110
Wales,W06000009,Pembrokeshire,123,116,97,98,103,112,117,131,143,148,144,155,148,139,144,148,154,165,167,176
Wales,W06000010,Carmarthenshire,190,179,151,152,161,174,183,204,222,231,223,239,227,213,221,227,236,253,256,270
Wales,W06000011,Swansea,167,160,169,175,181,189,190,197,209,217,205,216,203,194,203,212,219,239,245,259
Wales,W06000012,Neath Port Talbot,97,91,88,95,99,103,105,108,113,119,119,121,112,105,109,115,119,129,133,141
Wales,W06000013,Bridgend,92,88,85,91,96,100,102,105,110,117,117,120,111,104,109,115,120,130,135,143
Wales,W06000014,Vale of Glamorgan,88,97,103,115,121,128,129,130,135,141,135,146,134,128,133,139,143,150,151,159
Wales,W06000015,Cardiff,239,262,284,316,334,356,361,365,384,403,390,425,397,383,401,424,442,464,473,502
Wales,W06000016,Rhondda Cynon Taf,116,104,110,157,179,192,200,205,216,228,224,225,196,197,211,225,241,257,265,282
Wales,W06000024,Merthyr Tydfil,27,25,26,37,43,46,48,49,51,55,54,55,49,50,54,57,61,64,67,71
Wales,W06000018,Caerphilly,114,102,106,111,116,125,126,130,136,144,136,147,132,128,135,144,153,161,167,177
Wales,W06000019,Blaenau Gwent,48,42,43,45,47,50,50,51,54,57,54,58,52,50,53,57,60,63,65,69
Wales,W06000020,Torfaen,61,54,56,59,61,65,66,67,70,74,69,75,67,64,68,73,77,81,84,89
Wales,W06000021,Monmouthshire,72,62,62,74,79,87,90,95,98,101,96,103,95,89,93,96,100,108,113,118
Wales,W06000022,Newport,112,101,100,119,128,142,147,153,158,163,157,170,157,149,156,162,168,183,191,203
Scotland,S12000033,Aberdeen City,200,199,190,198,210,205,202,219,240,259,263,285,276,265,281,304,327,341,336,344
Scotland,S12000034,Aberdeenshire,199,199,191,200,213,212,212,235,258,280,283,305,293,278,291,313,335,349,342,351
Scotland,S12000041,Angus,67,66,67,66,71,75,77,84,90,96,97,101,98,91,95,102,109,112,111,119
Scotland,S12000035,Argyll and Bute,82,80,77,87,100,105,108,120,127,134,133,141,145,131,134,141,145,149,151,161
Scotland,S12000036,City of Edinburgh,448,473,521,582,628,571,648,694,668,756,714,835,752,699,728,800,826,836,884,947
Scotland,S12000005,Clackmannanshire,25,28,29,33,36,37,38,40,42,46,48,52,49,45,46,49,51,54,55,58
Scotland,S12000006,Dumfries and Galloway,131,128,113,124,137,143,147,177,190,198,192,208,197,187,194,202,208,221,224,238
Scotland,S12000042,Dundee City,94,92,91,91,98,102,107,114,121,130,130,136,132,124,131,142,153,156,156,167
Scotland,S12000008,East Ayrshire,73,77,59,75,89,95,97,105,113,121,118,121,105,101,106,113,120,128,130,138
Scotland,S12000045,East Dunbartonshire,79,81,88,92,95,96,100,106,114,119,117,125,115,109,115,127,129,135,135,141
Scotland,S12000010,East Lothian,68,77,89,84,90,95,99,108,118,126,127,134,125,122,128,136,144,149,154,163
Scotland,S12000011,East Renfrewshire,55,57,58,63,70,72,75,79,85,88,85,90,85,78,80,88,93,98,99,106
Scotland,S12000014,Falkirk,79,81,114,107,138,124,124,133,143,151,147,158,145,132,137,149,155,160,165,177
Scotland,S12000015,Fife,179,198,208,235,257,266,273,289,302,330,336,357,336,309,321,343,361,380,389,417
Scotland,S12000046,Glasgow City,305,307,355,380,413,424,430,448,481,514,517,552,501,495,526,575,604,633,656,707
Scotland,S12000017,Highland,185,177,159,177,198,209,217,251,276,297,296,324,315,306,324,343,354,365,365,387
Scotland,S12000018,Inverclyde,54,56,56,60,67,68,71,75,80,83,81,85,80,73,75,81,85,88,88,93
Scotland,S12000019,Midlothian,64,73,84,79,84,87,90,97,105,111,109,115,106,102,108,114,121,127,131,140
Scotland,S12000020,Moray,67,65,68,67,72,73,77,89,98,104,103,114,107,110,117,123,131,134,135,144
Scotland,S12000013,Na h-Eileanan Siar,24,22,21,24,32,30,31,35,36,35,34,35,34,33,35,37,39,41,42,45
Scotland,S12000021,North Ayrshire,86,90,69,88,104,110,113,122,131,139,136,140,122,116,122,129,136,144,147,155
Scotland,S12000044,North Lanarkshire,141,141,165,194,217,228,240,257,279,296,292,299,265,256,270,293,314,332,339,363
Scotland,S12000023,Orkney Islands,25,22,25,21,24,22,20,25,29,31,31,35,36,35,36,38,38,38,36,38
Scotland,S12000024,Perth and Kinross,138,140,113,133,151,154,157,174,188,193,195,213,205,192,198,207,214,225,223,235
Scotland,S12000038,Renfrewshire,113,117,118,127,139,143,149,158,169,175,170,181,172,157,163,176,185,195,197,211
Scotland,S12000026,Scottish Borders ,123,125,93,109,124,126,131,150,165,180,176,185,172,164,171,176,179,189,190,203
Scotland,S12000027,Shetland Islands,28,24,24,40,38,38,38,43,48,44,41,46,48,48,50,49,50,52,46,48
Scotland,S12000028,South Ayrshire,94,94,97,96,99,102,107,119,131,140,136,143,133,117,120,126,134,138,139,147
Scotland,S12000029,South Lanarkshire,227,227,217,234,259,270,280,304,330,350,340,357,318,299,313,340,356,372,384,410
Scotland,S12000030,Stirling,91,93,75,89,101,103,105,115,125,128,128,137,131,123,128,134,139,146,147,157
Scotland,S12000039,West Dunbartonshire,67,70,76,79,83,84,88,94,102,107,106,113,105,100,104,114,115,120,120,125
Scotland,S12000040,West Lothian,69,74,84,102,114,119,126,136,145,154,151,151,157,149,154,164,171,184,192,204
Northern Ireland,N09000001,Antrim and Newtownabbey,133,125,139,144,145,158,169,184,205,217,208,214,194,171,177,184,195,206,210,222
Northern Ireland,N09000011,Ards and North Down,163,154,169,174,177,193,204,222,248,265,250,257,231,205,210,220,233,246,251,266
Northern Ireland,N09000002,"Armagh City, Banbridge and Craigavon",213,200,219,222,231,251,271,314,361,384,358,360,314,281,290,293,314,339,350,373
Northern Ireland,N09000003,Belfast,346,333,320,311,318,358,365,371,403,433,394,432,408,367,377,399,424,451,460,485
Northern Ireland,N09000004,Causeway Coast and Glens,117,111,125,129,139,162,176,197,222,239,217,218,197,184,195,199,209,219,224,239
Northern Ireland,N09000005,Derry City and Strabane,125,119,136,137,144,168,185,207,231,246,221,225,203,188,195,199,206,216,219,235
Northern Ireland,N09000006,Fermanagh and Omagh,123,114,125,131,138,153,171,207,247,257,233,236,200,180,187,190,197,212,216,227
Northern Ireland,N09000007,Lisburn and Castlereagh,111,104,114,121,123,137,146,157,176,189,185,192,178,160,163,176,189,197,203,216
Northern Ireland,N09000008,Mid and East Antrim,149,139,153,158,156,169,181,201,224,238,222,225,200,176,179,188,199,209,216,229
Northern Ireland,N09000009,Mid Ulster,139,129,141,150,157,174,194,236,284,297,276,280,239,217,226,230,242,264,268,283
Northern Ireland,N09000010,"Newry, Mourne and Down",187,174,191,198,205,224,244,287,338,356,328,333,289,257,267,272,285,310,315,332
,,,,,,,,,,,,,,,,,,,,,,
1 Totals may not sum due to rounding.,,,,,,,,,,,,,,,,,,,,,,