D.61/D.62 Imputed social contributions/Social benefits received by Local Authority1 ,,,,,,,,,,,,,,,,,,,,,,
,,,,,,,,,,,,,,,,,,,,,,£ million
Region,LAU1 code,LA name,1997,1998,1999,2000,2001,2002,2003,2004,2005,2006,2007,2008,2009,2010,2011,2012,2013,2014,2015,2016
North East,E06000047,County Durham,1354,1390,1448,1512,1581,1600,1692,1772,1827,1951,2082,2219,2414,2565,2594,2709,2721,2763,2871,2919
North East,E06000005,Darlington,262,268,278,302,347,354,372,387,390,412,438,460,503,518,522,534,549,556,586,599
North East,E06000001,Hartlepool,230,233,242,251,260,281,299,312,323,343,358,372,399,430,444,464,469,477,491,496
North East,E06000002,Middlesbrough,405,411,428,453,472,472,504,532,550,583,609,640,692,717,745,788,785,798,820,831
North East,E06000057,Northumberland,854,874,923,955,1037,1071,1190,1196,1195,1276,1395,1498,1664,1744,1817,1919,1992,1953,2021,2071
North East,E06000003,Redcar and Cleveland,395,401,418,444,465,466,502,532,548,580,604,633,685,705,728,766,762,775,796,803
North East,E06000004,Stockton-on-Tees,455,466,487,510,530,578,617,642,666,707,739,770,829,893,925,967,979,1001,1035,1047
North East,E08000037,Gateshead,532,539,554,567,598,615,646,678,702,738,777,815,882,928,953,1009,1009,994,1039,1056
North East,E08000021,Newcastle upon Tyne,755,762,777,791,833,857,897,941,981,1030,1083,1129,1222,1292,1328,1420,1442,1428,1497,1531
North East,E08000022,North Tyneside,517,530,545,564,600,619,649,681,707,744,783,823,889,935,957,1015,1020,1005,1044,1061
North East,E08000023,South Tyneside,421,429,441,453,478,489,508,530,544,567,593,618,664,693,705,747,749,736,765,778
North East,E08000024,Sunderland,773,781,785,845,870,880,942,984,1012,1065,1123,1181,1282,1319,1345,1427,1440,1396,1438,1455
North West,E06000008,Blackburn with Darwen,370,380,400,392,399,413,457,484,515,546,554,584,640,666,675,698,698,696,706,704
North West,E06000009,Blackpool,411,414,424,477,501,508,532,555,572,595,633,682,752,784,789,820,826,816,832,830
North West,E06000049,Cheshire East,911,940,986,1044,1091,1197,1309,1343,1412,1536,1627,1733,1896,2000,2059,2199,2293,2267,2377,2442
North West,E06000050,Cheshire West and Chester,807,830,867,920,960,1057,1157,1189,1246,1352,1431,1536,1681,1774,1833,1922,1956,1998,2046,2073
North West,E06000006,Halton,321,321,327,357,377,389,412,436,446,473,509,550,608,627,645,671,679,671,680,679
North West,E06000007,Warrington,437,448,466,531,557,576,613,641,657,704,763,814,899,927,942,1006,984,1005,1048,1063
North West,E07000026,Allerdale,245,251,263,287,293,309,346,368,381,406,437,452,470,494,510,551,539,528,551,562
North West,E07000027,Barrow-in-Furness,187,190,203,221,225,235,260,275,283,300,319,328,340,356,365,392,381,371,386,391
North West,E07000028,Carlisle,264,271,291,285,326,341,379,394,422,459,477,509,559,594,599,632,663,661,689,704
North West,E07000029,Copeland,182,186,195,213,217,227,254,271,280,300,322,333,344,362,374,402,392,382,397,401
North West,E07000030,Eden,126,131,141,140,162,168,188,194,206,223,232,249,275,293,292,309,323,322,335,342
North West,E07000031,South Lakeland,261,270,291,288,332,343,380,391,416,449,466,496,545,579,578,606,636,633,661,675
North West,E08000001,Bolton,621,635,659,687,737,784,846,883,908,969,1030,1102,1214,1272,1301,1389,1405,1383,1435,1453
North West,E08000002,Bury,438,446,464,483,515,539,575,598,615,654,694,747,826,862,880,938,948,952,969,968
North West,E08000003,Manchester,1138,1146,1156,1219,1266,1330,1377,1430,1461,1513,1568,1687,1848,1933,1979,2054,2084,2054,2122,2127
North West,E08000004,Oldham ,534,540,560,583,624,650,693,724,745,792,839,905,1001,1044,1069,1137,1154,1160,1187,1194
North West,E08000005,Rochdale,498,505,525,550,589,615,658,685,704,748,792,855,944,983,1006,1068,1078,1083,1105,1111
North West,E08000006,Salford,580,584,597,649,672,701,732,762,792,844,886,938,1021,1073,1097,1155,1162,1170,1218,1233
North West,E08000007,Stockport,708,726,744,810,838,881,928,964,1005,1077,1137,1203,1314,1382,1421,1492,1501,1527,1577,1595
North West,E08000008,Tameside,534,543,556,606,628,663,700,729,763,822,869,925,1012,1070,1102,1158,1162,1177,1212,1228
North West,E08000009,Trafford,553,565,578,627,651,684,718,748,778,827,870,914,995,1043,1062,1113,1121,1125,1157,1164
North West,E08000010,Wigan,722,735,764,797,850,903,975,1018,1049,1119,1188,1271,1397,1462,1493,1586,1603,1582,1640,1658
North West,E07000117,Burnley,208,211,215,230,242,253,270,280,289,304,318,350,389,404,412,431,446,438,438,437
North West,E07000118,Chorley,252,256,265,294,311,328,348,361,375,405,430,466,518,540,566,608,619,626,670,693
North West,E07000119,Fylde,197,202,207,229,241,250,264,272,282,301,318,340,377,391,400,423,429,436,457,468
North West,E07000120,Hyndburn,184,187,193,207,220,232,249,259,268,283,296,326,362,376,381,397,411,402,402,401
North West,E07000121,Lancaster,350,356,368,399,419,438,465,482,503,537,563,604,672,698,718,763,784,800,811,815
North West,E07000122,Pendle,199,202,210,226,241,253,271,282,291,308,323,357,400,415,424,444,462,450,451,452
North West,E07000123,Preston,359,365,375,411,429,445,472,490,513,555,585,625,690,718,736,780,784,791,829,844
North West,E07000124,Ribble Valley,141,144,151,168,178,186,197,204,212,228,241,258,285,296,301,320,324,329,345,352
North West,E07000125,Rossendale,149,150,156,167,177,187,201,209,217,230,243,269,302,316,322,339,353,347,348,348
North West,E07000126,South Ribble,277,284,294,325,342,355,374,385,398,429,453,487,543,563,574,605,610,617,646,659
North West,E07000127,West Lancashire,278,283,289,318,335,352,373,385,398,430,456,489,542,561,582,618,623,627,667,685
North West,E07000128,Wyre,269,276,283,312,331,349,371,384,398,426,448,482,533,549,561,591,607,620,631,633
North West,E08000011,Knowsley ,406,409,416,454,480,493,518,542,552,580,619,662,723,735,748,778,787,777,791,789
North West,E08000012,Liverpool,1361,1380,1406,1438,1513,1569,1632,1727,1758,1825,1898,1991,2143,2181,2199,2312,2343,2323,2373,2374
North West,E08000014,Sefton,879,898,918,977,960,1010,1086,1119,1185,1259,1310,1381,1499,1554,1586,1673,1735,1656,1754,1795
North West,E08000013,St. Helens,470,471,484,530,562,578,609,638,650,683,730,784,861,880,899,939,949,940,954,952
North West,E08000015,Wirral,1101,1114,1144,1155,1147,1206,1303,1321,1358,1437,1507,1604,1753,1818,1817,1942,1993,1993,2014,2020
Yorkshire and The Humber,E06000011,East Riding of Yorkshire,859,885,920,999,971,1033,1104,1166,1243,1351,1419,1537,1709,1778,1827,1875,1873,1906,2006,2057
Yorkshire and The Humber,E06000010,"Kingston upon Hull, City of",598,605,619,670,711,741,787,820,846,875,902,980,1102,1119,1119,1163,1140,1132,1180,1190
Yorkshire and The Humber,E06000012,North East Lincolnshire,395,401,418,427,448,471,523,556,574,616,652,669,703,737,784,817,804,794,815,824
Yorkshire and The Humber,E06000013,North Lincolnshire,379,387,402,413,434,460,515,555,578,625,670,694,733,772,822,861,848,840,865,881
Yorkshire and The Humber,E06000014,York,463,473,496,516,531,552,609,612,648,702,748,795,862,911,921,1003,1029,1034,1033,1042
Yorkshire and The Humber,E07000163,Craven,137,141,149,154,167,181,190,199,213,231,244,259,280,292,301,322,330,331,350,361
Yorkshire and The Humber,E07000164,Hambleton,216,223,234,243,262,285,300,314,334,364,386,412,448,470,487,521,534,534,564,580
Yorkshire and The Humber,E07000165,Harrogate,381,394,417,434,471,510,534,559,596,646,682,725,791,832,862,925,947,949,1002,1024
Yorkshire and The Humber,E07000166,Richmondshire,115,122,127,134,146,161,170,181,195,213,227,242,265,279,290,312,320,314,329,345
Yorkshire and The Humber,E07000167,Ryedale,129,133,141,146,158,171,180,189,202,217,229,242,264,274,282,303,310,314,334,345
Yorkshire and The Humber,E07000168,Scarborough,280,286,300,308,330,361,379,398,422,455,479,507,551,576,591,631,642,643,677,693
Yorkshire and The Humber,E07000169,Selby,193,199,210,220,238,260,272,285,304,332,354,381,416,439,454,489,503,509,540,557
Yorkshire and The Humber,E08000016,Barnsley,550,559,579,619,656,690,734,768,792,841,875,931,1026,1094,1123,1180,1201,1239,1283,1299
Yorkshire and The Humber,E08000017,Doncaster,723,732,759,816,863,910,967,1009,1040,1101,1146,1220,1344,1433,1465,1529,1547,1585,1634,1651
Yorkshire and The Humber,E08000018,Rotherham ,626,634,656,703,747,787,837,873,899,950,984,1044,1148,1222,1248,1304,1318,1355,1396,1408
Yorkshire and The Humber,E08000019,Sheffield,1262,1281,1308,1353,1437,1492,1579,1666,1712,1801,1906,2021,2219,2357,2413,2542,2561,2602,2667,2695
Yorkshire and The Humber,E08000032,Bradford ,1120,1140,1193,1310,1306,1380,1464,1571,1608,1705,1813,1950,2177,2250,2276,2393,2442,2472,2564,2593
Yorkshire and The Humber,E08000033,Calderdale,445,454,475,509,514,546,597,635,657,700,734,783,857,912,920,971,1008,1014,1058,1075
Yorkshire and The Humber,E08000034,Kirklees ,895,914,958,1025,1040,1108,1215,1294,1342,1432,1502,1604,1759,1880,1905,2013,2093,2106,2203,2238
Yorkshire and The Humber,E08000035,Leeds ,1689,1721,1764,1886,1931,2052,2228,2314,2394,2525,2645,2827,3104,3244,3284,3516,3593,3610,3731,3773
Yorkshire and The Humber,E08000036,Wakefield,741,760,794,849,863,920,1006,1075,1118,1195,1253,1319,1435,1537,1563,1654,1688,1659,1767,1808
East Midlands,E06000015,Derby ,614,629,658,616,650,727,758,779,791,853,892,951,1035,1069,1111,1183,1157,1187,1233,1250
East Midlands,E06000016,Leicester,607,608,611,646,685,747,818,882,919,961,999,1053,1150,1223,1241,1305,1313,1326,1350,1349
East Midlands,E06000018,Nottingham,685,692,704,741,752,810,853,871,904,934,972,1048,1168,1235,1237,1301,1314,1326,1359,1364
East Midlands,E06000017,Rutland ,77,79,84,89,93,98,107,112,122,130,137,149,164,170,176,187,192,195,202,208
East Midlands,E07000032,Amber Valley,251,257,269,312,333,356,387,409,429,454,480,513,560,577,602,638,656,656,683,700
East Midlands,E07000033,Bolsover,180,185,193,201,230,236,247,259,273,294,312,330,357,376,382,400,406,402,423,432
East Midlands,E07000034,Chesterfield,254,261,269,279,316,323,337,354,375,402,426,451,489,514,522,543,551,543,567,578
East Midlands,E07000035,Derbyshire Dales,151,156,162,187,198,211,228,240,250,263,279,298,326,336,350,371,379,377,392,401
East Midlands,E07000036,Erewash,236,244,252,294,314,335,362,380,396,416,439,469,513,528,552,587,601,603,631,645
East Midlands,E07000037,High Peak,193,198,205,239,255,272,293,308,323,340,361,385,420,431,447,474,484,483,503,514
East Midlands,E07000038,North East Derbyshire,248,254,265,274,310,315,328,344,361,386,409,432,468,491,498,520,526,517,541,555
East Midlands,E07000039,South Derbyshire,172,179,186,217,233,254,280,299,316,337,361,390,429,445,467,499,515,520,546,563
East Midlands,E07000129,Blaby,204,212,221,232,243,252,276,289,309,328,343,370,411,425,442,477,483,489,507,520
East Midlands,E07000130,Charnwood,358,368,383,397,414,424,462,488,525,559,586,636,713,744,779,849,863,880,921,945
East Midlands,E07000131,Harborough,172,179,185,195,207,216,238,252,271,290,305,331,370,384,402,435,444,449,469,481
East Midlands,E07000132,Hinckley and Bosworth,233,240,249,259,270,278,304,321,345,366,382,413,459,474,495,534,541,549,571,585
East Midlands,E07000133,Melton,109,112,118,123,129,133,146,153,164,173,182,195,217,227,237,256,258,260,268,272
East Midlands,E07000134,North West Leicestershire,196,203,211,220,231,240,264,280,302,321,338,366,407,422,440,474,481,488,511,524
East Midlands,E07000135,Oadby and Wigston,129,132,138,144,150,154,169,178,189,201,209,223,244,250,263,283,286,286,294,298
East Midlands,E07000136,Boston,140,144,147,149,156,170,188,199,213,232,250,272,304,323,334,354,365,372,385,394
East Midlands,E07000137,East Lindsey,319,328,340,349,366,398,440,463,493,528,560,602,657,687,706,746,758,770,794,807
East Midlands,E07000138,Lincoln,215,220,227,230,240,258,285,301,322,347,368,395,435,461,481,516,528,536,556,566
East Midlands,E07000139,North Kesteven,222,229,241,249,264,292,325,343,366,397,425,462,510,538,561,597,609,622,645,661
East Midlands,E07000140,South Holland,185,193,199,204,215,235,262,277,297,323,346,376,417,440,457,483,494,505,525,538
East Midlands,E07000141,South Kesteven,313,322,331,335,349,378,417,436,464,500,533,575,634,666,693,738,757,774,801,819
East Midlands,E07000142,West Lindsey,198,204,209,212,223,244,272,288,308,333,357,386,425,447,462,492,503,514,534,546
East Midlands,E07000150,Corby,114,116,121,128,137,144,151,160,169,183,201,220,248,263,276,297,310,319,335,341
East Midlands,E07000151,Daventry,138,144,152,164,179,194,207,220,233,251,272,290,323,335,343,366,375,362,375,383
East Midlands,E07000152,East Northamptonshire,152,159,168,182,197,210,225,241,255,276,300,325,361,377,389,412,426,433,451,456
East Midlands,E07000153,Kettering,171,176,185,196,212,224,239,255,269,291,318,346,388,406,420,447,463,472,489,494
East Midlands,E07000154,Northampton,400,412,431,456,484,513,540,570,606,656,717,774,864,906,933,1002,1031,1003,1041,1061
East Midlands,E07000155,South Northamptonshire,157,161,171,184,198,215,228,244,262,280,303,323,356,369,375,404,417,405,419,425
East Midlands,E07000156,Wellingborough,150,153,162,173,186,196,206,218,230,246,265,285,316,328,339,358,367,372,387,391
East Midlands,E07000170,Ashfield,270,278,293,321,348,359,373,402,422,451,474,512,571,587,601,635,639,651,680,693
East Midlands,E07000171,Bassetlaw,261,269,284,311,337,346,361,388,406,433,454,491,545,559,568,599,598,607,631,641
East Midlands,E07000172,Broxtowe,262,267,273,287,327,337,349,357,384,413,431,466,519,532,528,575,610,602,628,645
East Midlands,E07000173,Gedling,269,277,282,297,340,350,362,370,397,426,446,482,535,550,547,593,631,625,652,672
East Midlands,E07000174,Mansfield,248,253,265,288,306,314,328,351,369,395,416,452,502,515,526,554,554,563,588,601
East Midlands,E07000175,Newark and Sherwood,259,267,281,308,332,341,358,387,406,435,459,496,551,567,578,613,615,626,653,667
East Midlands,E07000176,Rushcliffe,247,256,263,279,322,333,347,355,383,413,434,469,523,541,535,580,620,614,643,663
West Midlands,E06000019,"Herefordshire, County of",441,457,475,487,537,566,638,656,677,727,774,837,926,960,1002,1065,1060,1054,1095,1121
West Midlands,E06000051,Shropshire,684,708,745,835,839,896,963,1013,1054,1138,1251,1340,1466,1530,1628,1738,1766,1742,1798,1839
West Midlands,E06000021,Stoke-on-Trent,615,626,647,666,668,702,770,819,843,878,932,983,1071,1108,1124,1150,1177,1163,1204,1220
West Midlands,E06000020,Telford and Wrekin,347,362,378,378,384,405,458,485,502,527,573,621,689,720,756,793,789,797,869,904
West Midlands,E07000192,Cannock Chase,217,224,231,238,262,273,294,308,324,345,368,398,443,465,477,504,514,517,536,546
West Midlands,E07000193,East Staffordshire,241,252,258,267,295,307,333,349,368,394,423,461,515,542,557,589,602,607,633,649
West Midlands,E07000194,Lichfield,223,230,236,242,265,275,296,312,330,354,380,413,459,482,493,521,533,536,558,570
West Midlands,E07000195,Newcastle-under-Lyme,291,299,308,317,346,359,385,402,422,447,476,511,565,592,606,639,656,661,691,711
West Midlands,E07000196,South Staffordshire,251,257,266,274,301,311,333,347,364,387,413,446,494,519,530,558,578,581,603,617
West Midlands,E07000197,Stafford,294,301,307,314,343,356,384,403,426,456,490,532,593,624,640,677,691,693,720,741
West Midlands,E07000198,Staffordshire Moorlands,223,229,236,244,268,279,298,310,326,348,371,401,444,466,475,500,510,513,534,545
West Midlands,E07000199,Tamworth,175,181,187,192,212,219,234,243,256,272,291,315,350,368,376,397,404,404,420,427
West Midlands,E07000218,North Warwickshire,148,152,157,174,182,188,205,213,224,241,254,269,293,306,317,331,330,336,345,351
West Midlands,E07000219,Nuneaton and Bedworth,283,290,301,334,351,365,399,416,437,474,503,537,587,615,640,671,670,679,696,709
West Midlands,E07000220,Rugby,205,211,219,243,257,270,295,310,330,362,389,418,461,488,513,538,541,555,574,585
West Midlands,E07000221,Stratford-on-Avon,264,272,280,311,328,342,374,391,415,454,486,519,566,592,617,644,644,655,673,685
West Midlands,E07000222,Warwick,293,301,313,349,371,391,433,458,486,528,560,596,653,681,703,738,734,746,764,775
West Midlands,E08000025,Birmingham,2422,2448,2488,2613,2773,2936,3161,3344,3437,3566,3740,4009,4438,4642,4694,4941,4952,4982,5139,5199
West Midlands,E08000026,Coventry,686,695,691,751,795,840,915,950,982,1039,1110,1182,1292,1371,1393,1440,1465,1477,1511,1525
West Midlands,E08000027,Dudley ,705,723,749,833,842,861,930,988,1022,1085,1159,1220,1346,1413,1410,1488,1543,1541,1613,1644
West Midlands,E08000028,Sandwell ,672,686,710,771,791,826,888,941,968,1014,1072,1164,1291,1360,1378,1399,1390,1416,1458,1459
West Midlands,E08000029,Solihull,473,486,508,571,638,689,729,742,772,853,891,952,1045,1083,1107,1194,1225,1250,1292,1314
West Midlands,E08000030,Walsall,586,601,621,666,711,760,794,848,887,934,997,1068,1190,1232,1239,1289,1320,1347,1361,1359
West Midlands,E08000031,Wolverhampton,574,587,600,644,683,721,752,795,830,874,933,997,1096,1137,1144,1182,1220,1228,1251,1262
West Midlands,E07000234,Bromsgrove,222,228,239,240,250,268,287,309,328,353,373,402,448,467,478,512,530,534,556,570
West Midlands,E07000235,Malvern Hills,185,190,199,198,205,219,233,250,264,284,299,321,356,372,381,408,423,426,441,451
West Midlands,E07000236,Redditch,199,205,216,217,224,238,254,272,289,312,330,358,399,418,430,459,473,473,492,502
West Midlands,E07000237,Worcester,233,243,255,257,266,281,300,320,340,366,385,417,466,488,504,541,562,563,586,601
West Midlands,E07000238,Wychavon,279,288,306,309,322,342,364,390,413,445,468,502,559,584,598,640,665,671,706,726
West Midlands,E07000239,Wyre Forest,248,255,267,267,276,292,310,332,351,376,395,424,470,489,500,533,551,554,578,590
East of England,E06000055,Bedford,355,367,386,403,404,433,452,473,512,549,566,617,694,737,767,801,831,813,864,890
East of England,E06000056,Central Bedfordshire,526,541,566,591,593,637,664,704,765,825,857,925,1035,1107,1141,1203,1236,1239,1339,1389
East of England,E06000032,Luton,349,354,362,402,440,465,487,518,528,558,579,622,695,750,783,836,845,866,887,891
East of England,E06000031,Peterborough,367,374,393,405,415,444,470,501,540,581,610,662,742,779,792,855,874,891,903,906
East of England,E06000033,Southend-on-Sea,422,428,434,452,487,556,585,606,641,664,697,744,811,866,877,918,943,953,968,976
East of England,E06000034,Thurrock,285,294,313,309,325,376,412,422,435,463,506,536,586,628,653,681,698,711,719,725
East of England,E07000008,Cambridge,259,269,280,284,281,304,318,335,375,402,416,448,494,531,546,578,600,610,629,635
East of England,E07000009,East Cambridgeshire,164,176,182,188,187,206,221,227,247,270,288,312,348,368,375,402,419,429,441,449
East of England,E07000010,Fenland,192,201,210,214,214,235,247,262,285,312,334,361,399,420,425,452,472,481,497,507
East of England,E07000011,Huntingdonshire,370,382,396,407,401,440,456,485,521,565,594,641,706,744,756,807,840,857,882,897
East of England,E07000012,South Cambridgeshire,306,317,328,333,333,366,383,405,440,480,510,553,616,654,666,711,738,754,777,794
East of England,E07000066,Basildon,391,396,417,438,466,506,534,571,600,642,681,729,796,825,855,905,934,936,957,970
East of England,E07000067,Braintree,318,329,349,369,391,425,449,484,514,554,591,635,697,722,754,795,818,832,858,869
East of England,E07000068,Brentwood,177,181,191,200,211,226,239,256,272,294,313,330,359,371,385,407,403,423,441,449
East of England,E07000069,Castle Point,206,208,219,230,244,264,279,296,311,331,350,372,405,418,430,452,464,460,469,474
East of England,E07000070,Chelmsford,397,408,434,457,485,520,553,595,630,678,720,758,822,848,878,930,917,957,998,1019
East of England,E07000071,Colchester,391,397,419,436,461,494,520,559,598,644,687,741,815,850,887,944,976,1003,1054,1078
East of England,E07000072,Epping Forest,295,302,319,336,355,384,403,429,453,485,513,541,586,598,628,665,671,658,699,718
East of England,E07000073,Harlow,187,195,206,218,232,247,259,276,292,312,330,351,382,393,413,437,441,433,462,475
East of England,E07000074,Maldon,141,149,160,171,184,196,207,221,234,252,269,283,306,313,322,340,335,350,363,371
East of England,E07000075,Rochford,183,186,197,208,221,241,254,272,287,308,328,351,382,396,407,430,439,439,448,452
East of England,E07000076,Tendring,337,350,367,387,410,441,463,495,518,552,583,620,673,688,705,742,762,778,808,824
East of England,E07000077,Uttlesford,168,172,181,191,203,220,233,250,267,289,310,331,364,379,402,428,437,430,461,477
East of England,E07000095,Broxbourne,199,206,215,236,260,275,287,299,320,347,362,385,421,441,451,476,491,493,506,514
East of England,E07000096,Dacorum,329,340,348,376,411,432,452,472,500,538,555,591,648,681,699,739,764,769,794,808
East of England,E07000242,East Hertfordshire,304,315,323,350,385,407,426,445,473,511,531,566,620,649,664,702,727,734,759,775
East of England,E07000098,Hertsmere,224,232,237,258,281,295,308,320,340,368,383,410,449,471,483,508,523,527,542,550
East of England,E07000099,North Hertfordshire,277,286,292,318,349,369,389,410,436,472,490,522,571,599,613,646,667,673,692,703
East of England,E07000240,St Albans,309,316,325,353,385,408,429,448,476,516,535,571,628,662,679,716,740,747,768,780
East of England,E07000243,Stevenage,188,193,199,217,238,251,262,273,290,311,321,343,375,394,405,427,441,442,455,463
East of England,E07000102,Three Rivers,196,201,210,227,247,261,274,286,304,327,339,362,397,415,423,447,462,466,482,491
East of England,E07000103,Watford,192,199,203,220,239,251,263,277,296,318,330,356,394,420,436,463,484,491,506,512
East of England,E07000241,Welwyn Hatfield,232,238,246,266,291,307,324,343,372,407,425,451,494,520,533,562,585,593,619,642
East of England,E07000143,Breckland,292,302,321,342,372,385,417,435,459,495,527,561,612,656,674,709,719,736,778,800
East of England,E07000144,Broadland,279,292,306,326,354,369,396,413,429,458,487,522,572,608,626,654,670,672,700,711
East of England,E07000145,Great Yarmouth,219,226,236,251,271,283,305,318,332,354,376,406,446,474,489,510,522,524,545,552
East of England,E07000146,King’s Lynn and West Norfolk,364,377,397,423,459,486,525,546,573,618,659,707,779,836,862,905,910,921,966,990
East of England,E07000147,North Norfolk,265,274,290,308,334,350,376,388,405,432,458,490,535,573,592,620,623,631,659,675
East of England,E07000148,Norwich,302,307,318,337,364,378,405,422,444,475,502,541,597,640,664,700,722,729,763,780
East of England,E07000149,South Norfolk,270,279,294,313,339,355,385,402,422,454,483,517,570,619,641,677,690,709,752,776
East of England,E07000200,Babergh,203,210,219,234,248,265,283,301,316,343,361,390,431,437,446,475,485,494,514,524
East of England,E07000201,Forest Heath,162,161,166,176,167,178,191,201,213,228,239,257,285,293,305,323,327,345,364,368
East of England,E07000202,Ipswich,288,299,311,329,348,372,396,425,455,494,521,569,637,658,679,728,741,754,788,805
East of England,E07000203,Mid Suffolk,207,215,227,243,258,277,293,314,333,365,390,422,470,481,493,527,538,550,573,585
East of England,E07000204,St Edmundsbury,236,251,258,276,292,314,335,359,379,415,441,480,535,549,566,601,611,621,646,659
East of England,E07000205,Suffolk Coastal,292,298,306,326,342,365,388,415,439,479,511,553,610,621,632,672,684,695,724,743
East of England,E07000206,Waveney,273,282,295,315,334,357,379,404,426,459,483,519,572,578,585,624,635,642,667,681
London,E09000007,Camden,555,561,573,628,661,727,729,773,817,847,863,918,1010,1017,1025,1092,1105,1103,1113,1118
London,E09000001,City of London,17,17,20,22,24,26,25,27,28,29,31,32,35,35,35,32,29,29,31,33
London,E09000012,Hackney ,515,515,520,531,550,581,610,674,712,737,763,822,903,926,935,976,996,1009,1036,1038
London,E09000013,Hammersmith and Fulham ,421,423,434,469,492,536,540,577,614,649,676,720,801,817,826,862,852,828,841,852
London,E09000014,Haringey,656,655,684,683,677,716,740,807,846,895,928,971,1060,1094,1101,1153,1135,1138,1174,1185
London,E09000019,Islington,536,538,550,553,549,575,595,645,677,711,739,763,835,866,889,944,938,953,996,1011
London,E09000020,Kensington and Chelsea,386,390,399,441,471,511,520,556,597,614,624,661,720,725,717,742,738,719,732,735
London,E09000022,Lambeth ,666,661,678,681,678,712,740,810,851,883,916,961,1054,1092,1118,1177,1178,1178,1198,1198
London,E09000023,Lewisham ,636,638,652,650,645,679,705,759,791,827,861,911,999,1039,1066,1127,1132,1152,1166,1160
London,E09000025,Newham ,621,622,629,640,662,703,736,803,835,864,905,984,1093,1146,1174,1224,1244,1258,1296,1308
London,E09000028,Southwark,623,625,646,651,651,686,714,774,812,858,899,947,1039,1082,1111,1178,1187,1201,1219,1209
London,E09000030,Tower Hamlets,486,495,522,536,549,590,625,672,698,723,753,805,895,937,965,1018,1041,1033,1042,1042
London,E09000032,Wandsworth,606,609,612,662,695,740,749,798,851,891,925,990,1090,1114,1128,1189,1204,1196,1234,1244
London,E09000033,Westminster,566,569,584,639,681,738,754,812,871,912,933,995,1106,1146,1168,1208,1159,1161,1233,1260
London,E09000002,Barking and Dagenham,383,398,407,433,465,488,504,544,567,603,638,687,765,801,825,887,915,904,949,973
London,E09000003,Barnet,780,796,825,887,908,962,996,1062,1131,1197,1258,1334,1463,1555,1608,1706,1742,1762,1810,1844
London,E09000004,Bexley,559,569,586,617,650,670,689,743,774,822,864,907,980,1009,1016,1079,1075,1081,1097,1105
London,E09000005,Brent ,616,615,627,660,682,729,758,814,861,903,949,1036,1171,1258,1300,1365,1401,1418,1448,1444
London,E09000006,Bromley,927,949,980,1016,1036,1089,1140,1196,1268,1380,1439,1488,1593,1651,1713,1850,1845,1865,1870,1883
London,E09000008,Croydon,877,891,913,945,971,1024,1068,1130,1200,1296,1354,1451,1585,1660,1714,1838,1863,1815,1899,1921
London,E09000009,Ealing,685,689,712,752,772,822,845,901,959,1014,1069,1159,1281,1366,1400,1471,1524,1497,1571,1603
London,E09000010,Enfield,693,706,727,775,836,874,903,979,1035,1107,1168,1264,1400,1466,1498,1595,1618,1632,1680,1708
London,E09000011,Greenwich,547,558,572,605,646,677,702,764,802,862,910,959,1046,1089,1115,1197,1199,1211,1242,1258
London,E09000015,Harrow,497,508,524,563,580,622,643,687,735,777,819,871,960,1016,1033,1089,1120,1127,1167,1186
London,E09000016,Havering,546,553,566,594,631,661,683,741,774,824,868,924,1009,1034,1050,1115,1139,1120,1166,1184
London,E09000017,Hillingdon,584,598,618,662,679,723,747,790,835,884,930,991,1093,1153,1184,1266,1319,1340,1400,1431
London,E09000018,Hounslow,540,555,577,620,633,666,680,721,770,821,873,927,1021,1091,1106,1176,1180,1178,1215,1232
London,E09000021,Kingston upon Thames,362,372,383,395,404,427,447,476,508,545,569,595,644,670,693,748,764,757,773,779
London,E09000024,Merton,466,471,485,505,518,544,566,596,634,683,716,747,811,841,866,925,939,920,927,927
London,E09000026,Redbridge,573,578,591,622,661,691,718,783,825,877,923,988,1084,1121,1147,1214,1236,1222,1242,1249
London,E09000027,Richmond upon Thames,437,444,466,499,511,539,557,589,625,657,682,713,774,815,813,860,863,863,886,896
London,E09000029,Sutton,454,460,470,484,492,517,542,571,606,649,678,709,770,800,826,886,903,890,900,906
London,E09000031,Waltham Forest,536,544,548,574,606,633,650,708,743,792,836,901,995,1035,1058,1120,1137,1114,1129,1137
South East,E06000036,Bracknell Forest,241,246,259,277,282,295,311,328,351,375,395,419,457,490,504,545,555,562,588,600
South East,E06000043,Brighton and Hove,719,726,740,719,731,750,779,831,898,949,951,1011,1116,1170,1159,1211,1266,1238,1275,1290
South East,E06000046,Isle of Wight,363,374,387,406,467,476,493,531,574,614,643,689,755,799,821,879,863,847,892,915
South East,E06000035,Medway,512,524,542,582,636,671,703,763,808,876,891,954,1072,1135,1160,1247,1254,1267,1318,1340
South East,E06000042,Milton Keynes,387,395,409,434,453,493,543,601,625,662,712,802,924,998,1016,1085,1110,1138,1203,1227
South East,E06000044,Portsmouth,500,500,520,502,496,517,556,591,609,644,676,730,807,840,871,902,932,917,955,974
South East,E06000038,Reading,314,326,338,363,372,388,410,434,471,506,534,569,622,670,688,743,755,763,798,815
South East,E06000039,Slough,258,267,279,302,310,326,344,363,394,427,457,494,550,598,623,672,679,687,721,740
South East,E06000045,Southampton,429,430,442,486,531,576,608,651,660,690,723,784,876,898,924,979,999,993,1020,1027
South East,E06000037,West Berkshire,317,325,340,364,372,388,410,436,469,505,535,571,624,668,683,733,743,746,777,794
South East,E06000040,Windsor and Maidenhead,299,301,313,337,344,360,382,406,437,471,499,531,581,625,643,690,696,702,732,750
South East,E06000041,Wokingham,324,335,349,378,387,403,423,448,479,514,543,575,629,672,686,742,753,759,795,817
South East,E07000004,Aylesbury Vale,429,449,484,509,528,564,600,633,677,748,765,801,864,911,943,1018,1050,1063,1128,1172
South East,E07000005,Chiltern,247,255,269,278,284,303,324,344,368,407,416,434,466,489,500,533,542,543,567,579
South East,E07000006,South Bucks,166,173,183,192,197,210,224,240,258,285,293,307,333,351,362,387,395,396,415,425
South East,E07000007,Wycombe,438,453,481,502,516,553,590,624,668,737,753,788,851,897,927,992,1005,1003,1047,1067
South East,E07000061,Eastbourne,268,275,288,311,327,351,374,386,421,453,474,504,547,591,596,621,632,641,667,682
South East,E07000062,Hastings,253,257,273,294,311,332,351,358,385,410,427,455,497,538,542,561,573,578,600,615
South East,E07000063,Lewes,272,278,294,318,336,359,378,386,414,441,460,489,535,582,586,613,628,635,659,673
South East,E07000064,Rother,263,271,280,299,311,333,352,359,386,414,433,462,502,543,545,566,575,584,608,622
South East,E07000065,Wealden,420,435,452,485,510,546,578,591,635,680,710,751,817,887,897,938,962,980,1023,1046
South East,E07000084,Basingstoke and Deane,343,351,369,393,419,440,461,482,516,565,603,649,718,767,788,857,891,890,933,955
South East,E07000085,East Hampshire,314,322,340,362,387,403,417,434,462,510,544,581,637,678,691,748,747,757,794,813
South East,E07000086,Eastleigh,266,274,294,312,331,349,365,384,409,447,476,517,571,608,628,676,710,707,733,748
South East,E07000087,Fareham,252,260,273,288,308,325,340,355,374,406,432,470,517,545,558,602,633,629,655,669
South East,E07000088,Gosport,184,189,196,207,218,230,243,256,272,298,318,349,382,403,412,444,465,463,482,494
South East,E07000089,Hart,191,195,203,215,229,241,254,267,287,317,338,362,398,421,428,463,481,481,505,517
South East,E07000090,Havant,279,288,301,316,333,351,367,385,407,441,467,508,557,587,603,647,677,671,700,715
South East,E07000091,New Forest,488,503,530,563,600,627,651,678,721,795,844,896,978,1036,1053,1139,1134,1149,1199,1229
South East,E07000092,Rushmoor,200,210,221,231,249,258,267,277,295,324,346,371,405,431,441,476,491,489,509,524
South East,E07000093,Test Valley,308,323,340,364,389,406,423,442,472,521,555,591,643,680,695,753,756,769,812,841
South East,E07000094,Winchester,304,319,336,357,380,396,413,431,460,508,542,581,638,680,696,758,757,772,814,843
South East,E07000105,Ashford,250,257,273,290,308,325,341,360,387,420,443,473,520,558,574,612,632,641,660,675
South East,E07000106,Canterbury,374,383,399,422,444,469,491,514,548,591,621,669,738,787,817,870,901,920,972,1001
South East,E07000107,Dartford,196,201,208,218,230,245,259,275,295,317,333,361,402,428,442,468,486,492,508,516
South East,E07000108,Dover,292,299,311,327,343,360,375,391,415,445,467,503,555,588,606,635,654,664,691,706
South East,E07000109,Gravesham,218,223,231,243,256,271,284,299,317,339,356,382,423,449,461,485,500,506,518,521
South East,E07000110,Maidstone,354,362,376,397,416,437,456,478,508,548,578,618,682,734,755,802,826,841,873,889
South East,E07000111,Sevenoaks,300,308,322,340,358,378,393,409,440,479,498,519,563,601,617,653,650,666,689,703
South East,E07000112,Shepway,268,274,286,301,316,334,349,365,392,422,445,480,533,566,587,617,633,640,669,684
South East,E07000113,Swale,276,282,294,310,330,353,373,393,414,443,469,507,561,600,617,652,674,680,699,711
South East,E07000114,Thanet,354,363,378,395,415,439,454,471,499,534,559,604,667,707,729,770,796,811,851,868
South East,E07000115,Tonbridge and Malling,287,296,312,332,353,376,394,411,441,483,508,535,587,630,648,685,685,706,734,752
South East,E07000116,Tunbridge Wells,279,289,302,322,341,361,375,391,418,455,479,509,558,598,617,650,646,660,680,693
South East,E07000177,Cherwell,349,360,384,388,374,392,420,439,457,501,520,560,620,651,674,719,724,722,772,798
South East,E07000178,Oxford,364,377,403,401,384,404,438,460,489,528,542,580,643,681,712,762,768,773,821,845
South East,E07000179,South Oxfordshire,343,356,378,376,363,381,404,420,437,477,495,533,590,617,640,683,687,687,733,757
South East,E07000180,Vale of White Horse,307,315,336,337,328,342,364,379,394,432,448,479,531,557,578,618,622,622,672,700
South East,E07000181,West Oxfordshire,259,265,282,281,271,284,304,319,332,367,384,414,459,482,500,539,544,540,576,591
South East,E07000207,Elmbridge,367,379,401,401,412,451,469,492,530,575,601,625,662,701,721,765,787,791,821,841
South East,E07000208,Epsom and Ewell,218,225,236,235,240,261,269,281,303,330,347,365,390,415,429,457,472,474,492,503
South East,E07000209,Guildford,387,398,422,422,436,471,483,503,538,584,609,637,681,726,755,806,829,836,880,908
South East,E07000210,Mole Valley,260,266,282,280,287,311,322,335,358,387,405,424,452,478,488,519,532,528,545,556
South East,E07000211,Reigate and Banstead,400,414,439,439,453,488,502,522,559,608,639,669,720,765,789,843,864,869,902,926
South East,E07000212,Runnymede,232,242,253,254,262,283,291,301,321,345,363,379,404,430,442,474,490,492,515,534
South East,E07000213,Spelthorne,275,282,297,296,303,329,339,353,377,409,428,448,479,508,526,560,574,574,597,611
South East,E07000214,Surrey Heath,246,252,267,264,270,293,304,320,343,372,390,406,434,459,474,502,513,515,536,548
South East,E07000215,Tandridge,252,261,276,276,283,305,313,325,347,377,394,411,438,463,474,504,519,519,539,551
South East,E07000216,Waverley,353,363,379,377,388,421,436,455,485,523,547,573,612,647,668,706,723,723,752,770
South East,E07000217,Woking,272,279,294,293,302,326,337,351,379,415,437,460,492,526,546,577,591,590,612,627
South East,E07000223,Adur,186,190,199,209,220,229,239,249,264,286,298,314,341,362,372,399,406,401,421,430
South East,E07000224,Arun,434,445,471,494,519,544,572,604,645,696,726,769,833,884,909,975,993,979,1032,1062
South East,E07000225,Chichester,329,342,358,375,392,409,429,450,481,520,544,579,629,670,692,739,752,736,781,804
South East,E07000226,Crawley,266,276,290,306,322,333,347,364,391,423,441,467,508,546,565,607,613,615,637,648
South East,E07000227,Horsham,326,333,353,372,392,412,435,460,494,534,557,587,635,677,694,742,749,753,783,805
South East,E07000228,Mid Sussex,345,356,371,389,408,429,452,477,512,554,582,617,671,719,740,792,804,810,838,857
South East,E07000229,Worthing,305,313,329,344,359,375,394,414,442,477,499,530,575,613,637,681,691,679,718,738
South West,E06000022,Bath and North East Somerset,452,467,494,496,514,535,565,590,625,671,704,761,840,875,902,954,969,976,1038,1071
South West,E06000028,Bournemouth,456,465,483,523,555,564,592,606,623,678,714,759,832,888,922,983,1007,1018,1052,1070
South West,E06000023,"Bristol, City of",963,978,1000,1025,1055,1105,1193,1266,1297,1373,1447,1551,1713,1772,1803,1897,1934,1930,1994,2013
South West,E06000052,Cornwall,1263,1301,1355,1467,1660,1783,1848,1897,1994,2144,2304,2453,2674,2799,2881,3062,3101,3132,3241,3301
South West,E06000053,Isles of Scilly,5,5,6,6,7,8,8,8,9,9,10,11,11,12,12,13,13,13,14,14
South West,E06000024,North Somerset,505,523,552,552,574,598,634,667,711,773,814,881,978,1020,1044,1101,1113,1121,1183,1213
South West,E06000026,Plymouth,605,614,638,673,689,734,804,811,834,890,940,1020,1137,1218,1221,1290,1327,1340,1387,1404
South West,E06000029,Poole,395,401,413,444,469,476,501,514,524,574,600,637,694,727,744,783,797,804,823,832
South West,E06000025,South Gloucestershire,649,671,714,720,748,781,826,869,925,1001,1047,1131,1259,1314,1354,1434,1452,1459,1544,1585
South West,E06000030,Swindon,343,354,362,395,426,466,511,543,575,601,624,678,770,813,850,916,937,957,979,989
South West,E06000027,Torbay,385,395,411,432,446,472,508,524,556,604,631,664,721,765,772,812,819,820,818,822
South West,E06000054,Wiltshire,1059,1090,1159,1264,1289,1350,1450,1526,1634,1769,1903,2064,2276,2383,2483,2633,2742,2782,2929,3013
South West,E07000040,East Devon,377,385,411,409,433,462,494,505,531,573,604,651,715,742,759,815,834,841,881,906
South West,E07000041,Exeter,333,346,365,361,383,404,431,436,462,497,522,560,618,647,667,722,748,758,800,824
South West,E07000042,Mid Devon,204,212,225,226,241,258,277,286,300,325,346,375,416,433,444,475,486,488,507,516
South West,E07000043,North Devon,265,271,287,285,302,323,348,356,373,403,423,455,503,522,536,569,580,579,599,612
South West,E07000044,South Hams,247,254,270,269,282,300,318,323,337,364,382,410,451,467,476,508,520,520,540,548
South West,E07000045,Teignbridge,360,374,396,394,417,445,475,484,505,542,568,611,673,696,708,758,779,785,821,839
South West,E07000046,Torridge,170,177,189,190,204,218,235,242,253,275,289,312,343,356,365,393,402,405,422,433
South West,E07000047,West Devon,145,150,159,159,168,183,193,197,207,223,237,258,286,298,306,327,334,335,347,354
South West,E07000048,Christchurch,139,144,153,158,161,169,183,191,206,222,235,251,272,292,302,317,329,339,350,359
South West,E07000049,East Dorset,261,270,284,294,302,317,344,361,388,415,440,466,501,534,551,579,598,610,631,645
South West,E07000050,North Dorset,188,196,207,217,223,235,258,272,297,322,345,364,391,416,435,458,475,484,503,513
South West,E07000051,Purbeck,141,146,152,157,160,166,179,186,201,216,228,242,260,277,285,299,309,316,329,335
South West,E07000052,West Dorset,287,297,311,323,332,350,384,401,435,467,496,526,568,607,626,657,680,695,718,735
South West,E07000053,Weymouth and Portland,202,208,214,223,229,241,261,271,292,312,329,348,375,399,411,430,443,450,464,474
South West,E07000078,Cheltenham,294,300,317,333,346,351,369,390,420,454,478,516,574,606,607,642,659,669,684,693
South West,E07000079,Cotswold,217,223,235,246,253,257,274,290,311,336,353,379,417,436,437,463,479,488,502,509
South West,E07000080,Forest of Dean,211,219,231,243,252,256,273,288,308,333,348,375,413,432,432,458,472,481,496,505
South West,E07000081,Gloucester,291,299,319,336,346,353,377,400,431,469,498,541,601,636,640,683,708,722,746,759
South West,E07000082,Stroud,291,299,314,328,340,346,368,389,417,450,472,509,563,593,594,628,649,662,685,695
South West,E07000083,Tewkesbury,210,208,220,232,241,247,262,277,296,321,337,364,406,430,432,459,480,493,509,524
South West,E07000187,Mendip,273,279,297,303,340,352,378,396,422,456,488,524,571,595,605,638,645,661,676,685
South West,E07000188,Sedgemoor,279,288,303,309,347,360,388,407,435,473,507,545,594,621,635,673,686,707,725,735
South West,E07000189,South Somerset,404,415,437,443,494,512,552,579,621,673,719,773,845,877,896,946,958,980,999,1009
South West,E07000190,Taunton Deane,268,275,290,295,336,351,378,396,424,459,490,525,575,600,611,646,655,671,689,702
South West,E07000191,West Somerset,91,94,101,102,115,118,127,132,139,149,159,170,184,191,191,201,201,205,208,209
Wales,W06000001,Isle of Anglesey,205,210,217,237,230,235,260,268,285,290,310,332,357,395,404,411,414,410,429,438
Wales,W06000002,Gwynedd,317,322,327,336,365,389,407,428,452,481,515,539,575,587,589,606,614,617,656,672
Wales,W06000003,Conwy,333,339,353,375,382,411,441,468,500,531,551,579,622,643,663,711,704,718,731,731
Wales,W06000004,Denbighshire,279,284,298,319,324,347,372,391,418,441,458,480,513,528,540,578,574,585,595,595
Wales,W06000005,Flintshire,346,354,364,424,426,449,488,502,531,565,606,645,696,744,769,800,824,835,864,876
Wales,W06000006,Wrexham,301,305,315,366,369,388,421,433,458,490,528,564,611,655,681,710,731,738,760,767
Wales,W06000023,Powys,284,291,310,359,386,425,477,503,521,556,578,609,658,705,731,784,805,813,828,840
Wales,W06000008,Ceredigion,200,205,215,226,247,263,284,293,303,324,329,345,375,391,401,425,430,428,441,444
Wales,W06000009,Pembrokeshire,311,317,324,340,370,398,433,450,471,508,523,557,611,635,653,690,699,705,734,749
Wales,W06000010,Carmarthenshire,477,487,500,522,568,609,663,685,716,771,792,840,919,952,979,1032,1047,1053,1100,1119
Wales,W06000011,Swansea,671,684,704,734,782,841,869,918,954,1011,1035,1110,1228,1257,1257,1337,1336,1386,1379,1369
Wales,W06000012,Neath Port Talbot,392,400,406,456,471,484,533,556,577,608,638,673,731,778,758,785,795,799,820,826
Wales,W06000013,Bridgend,367,378,385,434,451,466,513,535,557,589,625,662,722,772,756,783,799,804,828,836
Wales,W06000014,Vale of Glamorgan,295,304,314,343,354,379,404,424,446,482,501,525,565,603,619,643,646,643,656,665
Wales,W06000015,Cardiff,776,792,827,895,920,983,1047,1102,1166,1261,1319,1390,1511,1628,1687,1764,1785,1782,1834,1863
Wales,W06000016,Rhondda Cynon Taf,600,610,634,681,723,791,830,899,933,978,1010,1055,1135,1184,1197,1257,1234,1200,1247,1269
Wales,W06000024,Merthyr Tydfil,146,149,153,165,175,191,200,215,224,236,246,259,281,295,301,314,308,299,311,318
Wales,W06000018,Caerphilly,437,446,463,543,560,589,661,689,699,726,758,795,856,882,911,959,937,911,953,971
Wales,W06000019,Blaenau Gwent,188,189,195,227,231,240,267,277,280,291,302,315,338,346,356,374,365,352,368,375
Wales,W06000020,Torfaen,238,243,250,293,300,313,350,362,367,379,394,411,441,451,465,490,478,463,485,495
Wales,W06000021,Monmouthshire,204,203,216,248,263,292,312,323,341,367,379,401,440,464,484,518,502,520,520,519
Wales,W06000022,Newport,324,333,352,403,426,474,501,513,537,579,598,636,699,738,771,826,798,826,829,832
Scotland,S12000033,Aberdeen City,471,480,507,552,589,607,619,640,688,707,762,812,886,917,943,1004,1026,1021,1059,1085
Scotland,S12000034,Aberdeenshire,490,504,537,588,631,659,684,723,783,814,876,937,1017,1049,1075,1141,1165,1162,1204,1238
Scotland,S12000041,Angus,276,285,294,317,347,370,393,425,439,459,490,514,546,562,590,619,628,635,654,658
Scotland,S12000035,Argyll and Bute,234,241,257,276,286,316,334,349,373,403,426,448,485,525,520,527,532,531,543,550
Scotland,S12000036,City of Edinburgh,1223,1255,1299,1321,1383,1505,1528,1576,1660,1766,1871,1974,2122,2261,2376,2500,2441,2440,2480,2500
Scotland,S12000005,Clackmannanshire,120,123,128,138,139,153,164,172,179,186,203,221,244,263,267,280,288,285,297,301
Scotland,S12000006,Dumfries and Galloway,445,458,486,474,493,522,528,539,557,582,633,700,788,807,811,853,877,879,927,953
Scotland,S12000042,Dundee City,380,388,397,427,466,491,521,552,567,585,620,647,690,711,748,787,800,806,829,837
Scotland,S12000008,East Ayrshire,289,293,299,320,353,387,422,438,445,464,500,534,585,621,633,662,682,669,700,715
Scotland,S12000045,East Dunbartonshire,307,318,330,351,365,379,394,408,426,451,478,510,560,608,608,642,645,641,663,673
Scotland,S12000010,East Lothian,227,236,252,265,259,270,310,328,346,365,398,428,467,492,497,538,554,560,570,577
Scotland,S12000011,East Renfrewshire,240,248,258,276,297,312,328,348,362,377,392,415,447,470,475,503,517,516,549,564
Scotland,S12000014,Falkirk,345,357,378,389,427,477,521,538,557,575,612,655,707,718,738,788,788,785,803,809
Scotland,S12000015,Fife,858,883,919,1000,1012,1113,1195,1249,1293,1344,1437,1554,1718,1856,1893,2001,2057,2045,2127,2173
Scotland,S12000046,Glasgow City,1807,1831,1842,1924,1980,2053,2179,2263,2268,2312,2436,2548,2734,2788,2799,2857,2842,2851,2901,2886
Scotland,S12000017,Highland,498,513,542,559,586,646,690,742,775,821,879,973,1069,1169,1165,1226,1230,1222,1306,1345
Scotland,S12000018,Inverclyde,236,241,248,263,280,290,304,320,333,346,359,378,405,423,425,446,454,446,469,476
Scotland,S12000019,Midlothian,206,214,228,239,232,240,272,286,299,311,335,358,389,409,415,450,463,473,484,491
Scotland,S12000020,Moray,189,195,206,209,220,240,255,278,285,300,322,372,406,457,442,471,480,481,507,520
Scotland,S12000013,Na h-Eileanan Siar,54,54,55,69,69,75,83,85,87,86,98,109,124,136,144,144,136,137,151,156
Scotland,S12000021,North Ayrshire,328,334,342,365,399,440,481,499,509,531,573,609,664,705,717,746,765,751,784,798
Scotland,S12000044,North Lanarkshire,858,876,895,934,951,1020,1059,1094,1123,1153,1229,1319,1456,1502,1523,1567,1576,1608,1623,1621
Scotland,S12000023,Orkney Islands,45,47,51,41,45,46,51,57,65,69,80,86,95,100,103,105,107,112,114,116
Scotland,S12000024,Perth and Kinross,357,367,386,409,462,478,506,553,584,634,680,700,731,768,813,860,865,843,878,900
Scotland,S12000038,Renfrewshire,480,492,508,539,575,597,626,664,691,719,751,796,859,902,914,963,982,972,1031,1058
Scotland,S12000026,Scottish Borders ,227,236,254,292,318,327,359,390,417,427,466,499,539,597,598,608,651,681,700,712
Scotland,S12000027,Shetland Islands,41,43,44,42,44,48,50,58,65,69,75,81,95,94,87,87,93,99,105,107
Scotland,S12000028,South Ayrshire,306,314,324,330,366,398,428,447,466,497,523,564,626,692,705,739,720,721,747,759
Scotland,S12000029,South Lanarkshire,769,792,807,853,868,957,1013,1094,1162,1213,1274,1334,1439,1533,1582,1626,1633,1633,1704,1731
Scotland,S12000030,Stirling,224,231,244,261,295,307,324,351,370,401,426,433,449,472,500,530,534,518,544,560
Scotland,S12000039,West Dunbartonshire,267,277,287,304,315,329,340,352,368,390,416,443,486,526,525,547,547,539,555,563
Scotland,S12000040,West Lothian,303,314,323,376,396,426,474,509,514,542,604,645,712,738,747,797,787,790,825,841
Northern Ireland,N09000001,Antrim and Newtownabbey,257,265,257,273,284,317,363,399,444,466,501,538,584,614,634,667,687,698,716,727
Northern Ireland,N09000011,Ards and North Down,302,313,302,322,337,376,428,467,517,545,581,624,676,714,739,778,802,817,887,917
Northern Ireland,N09000002,"Armagh City, Banbridge and Craigavon",343,355,342,358,381,422,486,528,594,630,670,723,791,850,884,928,952,968,951,949
Northern Ireland,N09000003,Belfast,881,905,880,923,927,979,1085,1157,1245,1278,1353,1440,1533,1585,1609,1651,1682,1714,1735,1745
Northern Ireland,N09000004,Causeway Coast and Glens,239,248,237,261,286,314,384,420,456,473,494,532,583,615,644,665,666,696,739,754
Northern Ireland,N09000005,Derry City and Strabane,286,299,292,321,344,373,445,481,521,535,558,602,651,683,711,736,731,776,762,753
Northern Ireland,N09000006,Fermanagh and Omagh,219,227,223,222,228,243,291,313,343,355,378,403,437,462,474,505,489,505,527,536
Northern Ireland,N09000007,Lisburn and Castlereagh,254,261,252,268,276,302,349,387,428,450,487,522,565,592,614,647,668,690,697,704
Northern Ireland,N09000008,Mid and East Antrim,253,261,252,268,283,318,362,395,438,462,491,528,572,607,628,658,678,686,709,723
Northern Ireland,N09000009,Mid Ulster,244,252,245,243,251,268,323,350,389,408,440,470,516,547,570,600,603,623,629,632
Northern Ireland,N09000010,"Newry, Mourne and Down",314,323,316,322,339,370,432,468,521,546,582,625,679,723,751,791,805,822,818,820
,,,,,,,,,,,,,,,,,,,,,,
1 Totals may not sum due to rounding.,,,,,,,,,,,,,,,,,,,,,,